Individu,Pop,Quadrat,Plante,year,Age,Size0Mars,Size1Mars,Size0Juin,Size1Juin,Survie,Flowering,Capitule
1,Po,26,1,1995,NA,14.5,0,11.5,0,0,1,NA
2,Po,26,2,1995,NA,12.5,0,9.5,0,0,1,NA
3,Po,26,5,1995,NA,2.5,0,2.5,0,0,0,0
4,Po,26,6,1995,NA,4,0,4,0,0,0,0
5,Po,26,7,1995,NA,3,0,2.5,0,0,0,0
6,Po,26,8,1995,NA,3,0,2.5,0,0,0,0
7,Po,26,10,1995,NA,2.5,0,2.5,0,0,0,0
8,Po,26,12,1995,NA,2,0,1,0,0,0,0
9,Po,26,13,1995,NA,3,0,3,0,0,0,0
10,Po,26,14,1995,NA,5,0,6,0,0,0,0
11,Po,26,15,1995,NA,3.5,0,3.5,0,0,0,0
12,Po,26,16,1995,NA,5.5,0,8,0,0,0,0
13,Po,26,19,1995,NA,3,0,4,0,0,0,0
14,Po,26,21,1995,NA,3.5,0,3.5,0,0,0,0
15,Po,26,22,1995,NA,4,0,4,0,0,0,0
16,Po,26,23,1995,NA,3,0,3,0,0,0,0
17,Po,26,25,1995,NA,5,3.5,6.5,6.5,1,0,0
17,Po,26,25,1996,NA,3.5,3.5,6.5,7,1,0,0
17,Po,26,25,1997,NA,3.5,6,7,7,1,0,0
17,Po,26,25,1998,NA,6,4,7,10,1,0,0
17,Po,26,25,1999,NA,4,10,10,13.5,1,0,0
17,Po,26,25,2000,NA,10,7,13.5,10,1,0,0
17,Po,26,25,2001,NA,7,0,10,0,0,1,15
18,Po,26,26,1995,NA,2.5,0,4.5,0,0,0,0
19,Po,26,27,1995,NA,1.5,0,2.5,0,0,0,0
20,Po,26,28,1995,NA,3,0,3.5,0,0,0,0
21,Po,26,29,1995,NA,3.5,0,3,0,0,0,0
22,Po,26,30,1995,NA,2,0,0.5,0,0,0,0
23,Po,26,31,1995,NA,4,0,5,0,0,0,0
24,Po,26,32,1995,NA,3,0,1.5,0,0,0,0
25,Po,26,33,1995,NA,1,0,0.5,0,0,0,0
26,Po,26,34,1995,NA,3,0,3,0,0,0,0
27,Po,26,35,1995,NA,3.5,0,3.5,0,0,0,0
28,Po,26,36,1995,NA,4,5,4,6.5,1,0,0
28,Po,26,36,1996,NA,5,5.5,6.5,7,1,0,0
28,Po,26,36,1997,NA,5.5,6.5,7,9,1,0,0
28,Po,26,36,1998,NA,6.5,6,9,8,1,0,0
28,Po,26,36,1999,NA,6,9.5,8,11,1,0,0
28,Po,26,36,2000,NA,9.5,8,11,10.5,1,0,0
28,Po,26,36,2001,NA,8,5,10.5,12,1,0,0
28,Po,26,36,2002,NA,5,10,12,14.5,1,0,0
28,Po,26,36,2003,NA,10,9,14.5,12,1,0,0
28,Po,26,36,2004,NA,9,6,12,15,1,0,0
28,Po,26,36,2005,NA,6,8,15,10,1,0,0
28,Po,26,36,2006,NA,8,0,10,0,0,1,NA
29,Po,26,37,1995,NA,6,0,4,0,0,0,0
30,Po,26,38,1995,NA,8,0,9,0,0,0,0
31,Po,26,39,1995,NA,6,0,4.5,0,0,0,0
32,Po,26,40,1995,NA,9,0,10,0,0,0,0
33,Po,26,46,1995,1,1,0,2,0,0,0,0
34,Po,26,47,1995,1,0.5,0,1.5,0,0,0,0
35,Po,26,50,1995,1,1,0,1.5,0,0,0,0
36,Po,26,51,1995,1,0.5,0,2,0,0,0,0
37,Po,26,52,1995,1,0.5,0,1,0,0,0,0
38,Po,26,61,1995,1,1,0,1,0,0,0,0
39,Po,26,62,1995,1,1,0,2,0,0,0,0
40,Po,26,73,1995,1,1,0,1.5,0,0,0,0
41,Po,26,84,1995,1,1.5,0,1.5,0,0,0,0
42,Po,26,85,1995,1,0.5,0,0.5,0,0,0,0
43,Po,26,91,1995,1,0.5,0,0.5,0,0,0,0
44,Po,26,95,1995,NA,3.5,0,1.5,0,0,0,0
45,Po,26,96,1995,1,2,0,1.5,0,0,0,0
46,Po,26,97,1995,1,1.5,0,1,0,0,0,0
47,Po,26,99,1995,1,NA,0,0.5,0,0,0,0
48,Po,26,100,1995,1,NA,0,0.5,0,0,0,0
49,Po,26,102,1996,1,1,0,1.5,0,0,0,0
50,Po,26,103,1996,1,1,0,1.5,0,0,0,0
51,Po,26,105,1996,1,2,0,1,0,0,0,0
52,Po,26,107,1996,1,1.5,3.5,2,4.5,1,0,0
52,Po,26,107,1997,2,3.5,2,4.5,2,1,0,0
52,Po,26,107,1998,3,2,0,2,0,0,0,0
53,Po,26,108,1996,1,2.5,4.5,2,5.5,1,0,0
53,Po,26,108,1997,2,4.5,5,5.5,5.5,1,0,0
53,Po,26,108,1998,3,5,0,5.5,0,0,0,0
54,Po,26,109,1996,1,2,5,2,5.5,1,0,0
54,Po,26,109,1997,2,5,5.5,5.5,6,1,0,0
54,Po,26,109,1998,3,5.5,5,6,10,1,0,0
54,Po,26,109,1999,4,5,10,10,14,1,0,0
54,Po,26,109,2000,5,10,10,14,13.5,1,0,0
54,Po,26,109,2001,6,10,11,13.5,12,1,0,0
54,Po,26,109,2002,7,11,0,12,0,0,1,31
55,Po,26,113,1996,1,0.5,3,3,2,1,0,0
55,Po,26,113,1997,2,3,0,2,0,0,0,0
56,Po,26,114,1996,1,0.5,0,2,0,0,0,0
57,Po,26,116,1996,1,1.5,4,2.5,4.5,1,0,0
57,Po,26,116,1997,2,4,4.5,4.5,5,1,0,0
57,Po,26,116,1998,3,4.5,4,5,5,1,0,0
57,Po,26,116,1999,4,4,3,5,4,1,0,0
57,Po,26,116,2000,5,3,3.5,4,4,1,0,0
57,Po,26,116,2001,6,3.5,0,4,0,0,0,0
58,Po,26,118,1996,1,0.5,1.5,1.5,1.5,1,0,0
58,Po,26,118,1997,2,1.5,0,1.5,0,0,0,0
59,Po,26,120,1996,1,1,0,2,0,0,0,0
60,Po,26,122,1996,1,1,0,1.5,0,0,0,0
61,Po,26,129,1996,1,NA,0,1,0,0,0,0
62,Po,26,130,1996,1,NA,0,0.5,0,0,0,0
63,Po,26,132,1997,1,2,4,3.5,5.5,1,0,0
63,Po,26,132,1998,2,4,4,5.5,7,1,0,0
63,Po,26,132,1999,3,4,6.5,7,10,1,0,0
63,Po,26,132,2000,4,6.5,6,10,11,1,0,0
63,Po,26,132,2001,5,6,9,11,11,1,0,0
63,Po,26,132,2002,6,9,10,11,9,1,0,0
63,Po,26,132,2003,7,10,0,9,0,0,1,NA
64,Po,26,133,1997,1,2,3.5,2.5,4,1,0,0
64,Po,26,133,1998,2,3.5,3,4,6,1,0,0
64,Po,26,133,1999,3,3,4,6,2,1,0,0
64,Po,26,133,2000,4,4,4,2,4.5,1,0,0
64,Po,26,133,2001,5,4,0,4.5,0,0,0,0
65,Po,26,137,1998,1,1,0,1.5,0,0,0,0
66,Po,26,138,1998,1,0.5,0,1.5,0,0,0,0
67,Po,26,140,1999,1,2.5,0,2,0,0,0,0
68,Po,26,142,1999,1,1,0,2,0,0,0,0
69,Po,26,143,1999,1,0.5,0,1.5,0,0,0,0
70,Po,26,144,1999,1,NA,0,0.5,0,0,0,0
71,Po,26,146,2001,1,1.5,0,1,0,0,0,0
72,Po,26,147,2001,1,2,0,1,0,0,0,0
73,Po,26,155,2001,1,1,2.5,1.5,3,1,0,0
73,Po,26,155,2002,2,2.5,5,3,4,1,0,0
73,Po,26,155,2003,3,5,0,4,0,0,0,0
74,Po,26,166,2001,1,1,0,0.5,0,0,0,0
75,Po,26,167,2001,1,1,0,0.5,0,0,0,0
76,Po,26,173,2001,1,1,0,1.5,0,0,0,0
77,Po,26,176,2001,1,1,0,1,0,0,0,0
78,Po,26,179,2001,1,1,0,0.5,0,0,0,0
79,Po,26,180,2001,1,1,0,1.5,0,0,0,0
80,Po,26,181,2002,1,2,0,3.5,0,0,0,0
81,Po,26,182,2002,1,2,5.5,3.5,5,1,0,0
81,Po,26,182,2003,2,5.5,0,5,0,0,0,0
82,Po,26,183,2002,1,1,6,3.5,6.5,1,0,0
82,Po,26,183,2003,2,6,0,6.5,0,0,0,0
83,Po,26,184,2002,1,3.5,4.5,5,9,1,0,0
83,Po,26,184,2003,2,4.5,11.5,9,16,1,0,0
83,Po,26,184,2004,3,11.5,13,16,16,1,0,0
83,Po,26,184,2005,4,13,7,16,7.5,1,1,NA
83,Po,26,184,2006,5,7,0,7.5,0,0,0,0
84,Po,26,185,2002,1,2.5,0,4.5,0,0,0,0
85,Po,26,186,2002,1,1,0,3,0,0,0,0
86,Po,26,187,2002,1,1,0,1.5,0,0,0,0
87,Po,26,188,2002,1,0.5,0,1,0,0,0,0
88,Po,26,190,2002,1,1,0,0.5,0,0,0,0
89,Po,26,191,2002,1,2,4.5,3.5,4,1,0,0
89,Po,26,191,2003,2,4.5,0,4,0,0,0,0
90,Po,26,193,2003,1,1,0,0.5,0,0,0,0
91,Po,26,194,2004,1,1.5,0,2,0,0,0,0
92,Po,26,195,2004,1,2,2,4,4,1,0,0
92,Po,26,195,2005,2,2,5,4,4,1,0,0
92,Po,26,195,2006,3,5,0,4,0,0,0,0
93,Po,26,196,2004,1,3,0,3,0,0,0,0
94,Po,26,197,2004,1,0.5,0,1,0,0,0,0
95,Po,26,199,2004,1,1,0,2,0,0,0,0
96,Po,26,200,2004,1,0.5,0,1.5,0,0,0,0
97,Po,26,204,2007,1,0.5,0,1.5,0,0,0,0
98,Po,26,205,2007,1,1,0,1.5,0,0,0,0
99,Po,26,206,2007,1,0.5,0,2,0,0,0,0
100,Po,26,207,2010,1,2.5,0,2,0,0,0,0
101,Po,26,209,2013,1,1,0,1,0,0,0,0
102,Po,26,210,2013,1,1,4,2,5,1,0,0
102,Po,26,210,2014,2,4,5,5,6.5,1,0,0
102,Po,26,210,2015,3,5,11.5,6.5,11.5,1,0,0
102,Po,26,210,2016,4,11.5,0,11.5,0,0,0,0
103,Po,26,211,2013,1,1,0,3,0,0,0,0
104,Po,26,212,2017,1,1.5,0,1,0,0,0,0
105,Po,26,213,2017,1,2,0,2,0,0,0,0
106,Po,27,1,1995,NA,4.5,0,5.5,0,0,0,0
107,Po,27,2,1995,NA,3.5,0,5.5,0,0,0,0
108,Po,27,3,1995,NA,11.5,0,10,0,0,1,NA
109,Po,27,4,1995,NA,6,4.5,7,6.5,1,0,0
109,Po,27,4,1996,NA,4.5,7,6.5,7.5,1,0,0
109,Po,27,4,1997,NA,7,5,7.5,8,1,0,0
109,Po,27,4,1998,NA,5,4,8,10,1,0,0
109,Po,27,4,1999,NA,4,8,10,11,1,0,0
109,Po,27,4,2000,NA,8,0,11,0,0,1,21
110,Po,27,5,1995,NA,6,4.5,7.5,9,1,0,0
110,Po,27,5,1996,NA,4.5,7,9,10,1,0,0
110,Po,27,5,1997,NA,7,6.5,10,6.5,1,0,0
110,Po,27,5,1998,NA,6.5,0,6.5,0,0,1,9
111,Po,27,6,1995,NA,6.5,5.5,9,8,1,0,0
111,Po,27,6,1996,NA,5.5,6,8,7,1,0,0
111,Po,27,6,1997,NA,6,5.5,7,9,1,0,0
111,Po,27,6,1998,NA,5.5,6,9,6,1,0,0
111,Po,27,6,1999,NA,6,10.5,6,10,1,0,0
111,Po,27,6,2000,NA,10.5,0,10,0,0,1,23
112,Po,27,7,1995,NA,4,0,1.5,0,0,0,0
113,Po,27,10,1995,1,1.5,0,1,0,0,0,0
114,Po,27,11,1995,1,2.5,0,1.5,0,0,0,0
115,Po,27,15,1995,1,2.5,0,1.5,0,0,0,0
116,Po,27,16,1995,NA,3.5,3,5.5,3.5,1,0,0
116,Po,27,16,1996,NA,3,4.5,3.5,5,1,0,0
116,Po,27,16,1997,NA,4.5,4,5,6,1,0,0
116,Po,27,16,1998,NA,4,0,6,0,0,0,0
117,Po,27,17,1995,NA,7,3.5,7,6.5,1,0,0
117,Po,27,17,1996,NA,3.5,0,6.5,0,0,0,0
118,Po,27,18,1995,NA,6.5,0,6.5,0,0,0,0
119,Po,27,19,1995,NA,3.5,0,3.5,0,0,0,0
120,Po,27,25,1996,1,1.5,0,3,0,0,0,0
121,Po,27,27,1996,1,1.5,4.5,1,6.5,1,0,0
121,Po,27,27,1997,2,4.5,5.5,6.5,8,1,0,0
121,Po,27,27,1998,3,5.5,6,8,8.5,1,0,0
121,Po,27,27,1999,4,6,6,8.5,10.5,1,0,0
121,Po,27,27,2000,5,6,7,10.5,9,1,0,0
121,Po,27,27,2001,6,7,6.5,9,11,1,0,0
121,Po,27,27,2002,7,6.5,7.5,11,13.5,1,0,0
121,Po,27,27,2003,8,7.5,7.5,13.5,9,1,0,0
121,Po,27,27,2004,9,7.5,0,9,0,0,1,NA
122,Po,27,28,1996,1,1.5,7,2.5,8,1,0,0
122,Po,27,28,1997,2,7,8,8,10.5,1,0,0
122,Po,27,28,1998,3,8,8.5,10.5,11,1,0,0
122,Po,27,28,1999,4,8.5,13.5,11,16,1,0,0
122,Po,27,28,2000,5,13.5,9,16,13,1,0,0
122,Po,27,28,2001,6,9,0,13,0,0,1,7
123,Po,27,29,1996,1,1,0,1,0,0,0,0
124,Po,27,30,1996,1,2.5,9,5.5,10,1,0,0
124,Po,27,30,1997,2,9,11,10,13.5,1,0,0
124,Po,27,30,1998,3,11,13,13.5,12,1,0,0
124,Po,27,30,1999,4,13,0,12,0,0,1,25
125,Po,27,31,1996,1,1.5,2,3,1,1,0,0
125,Po,27,31,1997,2,2,0,1,0,0,0,0
126,Po,27,33,1996,1,1,2.5,1,1,1,0,0
126,Po,27,33,1997,2,2.5,0.5,1,1.5,1,0,0
126,Po,27,33,1998,3,0.5,0,1.5,0,0,0,0
127,Po,27,42,1996,1,0.5,0,0.5,0,0,0,0
128,Po,27,43,1996,1,0.5,0,0.5,0,0,0,0
129,Po,27,44,1997,1,1,1,1,1.5,1,0,0
129,Po,27,44,1998,2,1,0,1.5,0,0,0,0
130,Po,27,46,1997,1,0.5,0,0.5,0,0,0,0
131,Po,27,48,1998,1,1.5,0,2,0,0,0,0
132,Po,27,49,1998,1,1,0,1.5,0,0,0,0
133,Po,27,52,1999,1,0.5,0,1,0,0,0,0
134,Po,27,53,1999,1,0.5,0,0.5,0,0,0,0
135,Po,27,55,1999,1,1,0,1.5,0,0,0,0
136,Po,27,58,2000,1,0.5,1.5,1,1,1,0,0
136,Po,27,58,2001,2,1.5,0,1,0,0,0,0
137,Po,27,59,2000,1,1,1.5,1.5,1.5,1,0,0
137,Po,27,59,2001,2,1.5,0.5,1.5,2,1,0,0
137,Po,27,59,2002,3,0.5,1,2,2,1,0,0
137,Po,27,59,2003,4,1,0,2,0,0,0,0
138,Po,27,60,2000,1,1,0,1,0,0,0,0
139,Po,27,61,2000,1,1,0,1,0,0,0,0
140,Po,27,65,2000,1,0.5,0,0.5,0,0,0,0
141,Po,27,67,2001,1,1.5,0,0.5,0,0,0,0
142,Po,27,69,2001,1,1,0,1,0,0,0,0
143,Po,27,77,2001,1,1,0,1.5,0,0,0,0
144,Po,27,79,2001,1,1,0,1.5,0,0,0,0
145,Po,27,80,2001,1,0.5,0,1,0,0,0,0
146,Po,27,81,2001,1,1.5,0,1,0,0,0,0
147,Po,27,88,2001,1,1,1,1,3,1,0,0
147,Po,27,88,2002,2,1,1,3,2.5,1,0,0
147,Po,27,88,2003,3,1,0,2.5,0,0,0,0
148,Po,27,89,2001,1,0.5,0,0.5,0,0,0,0
149,Po,27,93,2001,1,1,0,1,0,0,0,0
150,Po,27,95,2001,1,0.5,0,1,0,0,0,0
151,Po,27,97,2001,1,1,0,1,0,0,0,0
152,Po,27,99,2001,1,2,0,2,0,0,0,0
153,Po,27,105,2002,1,1,1,1.5,2,1,0,0
153,Po,27,105,2003,2,1,0,2,0,0,0,0
154,Po,27,106,2002,1,1,1,1.5,2,1,0,0
154,Po,27,106,2003,2,1,0,2,0,0,0,0
155,Po,27,107,2002,1,1,2.5,2.5,3.5,1,0,0
155,Po,27,107,2003,2,2.5,3,3.5,5,1,0,0
155,Po,27,107,2004,3,3,5,5,8,1,0,0
155,Po,27,107,2005,4,5,6,8,8.5,1,0,0
155,Po,27,107,2006,5,6,6.5,8.5,9,1,0,0
155,Po,27,107,2007,6,6.5,7,9,8,1,0,0
155,Po,27,107,2008,7,7,6,8,7.5,1,0,0
155,Po,27,107,2009,8,6,3.5,7.5,10,1,0,0
155,Po,27,107,2010,9,3.5,7.5,10,8,1,0,0
155,Po,27,107,2011,10,7.5,0,8,0,0,0,0
156,Po,27,108,2002,1,3,8.5,5.5,11.5,1,0,0
156,Po,27,108,2003,2,8.5,10,11.5,16,1,0,0
156,Po,27,108,2004,3,10,10,16,15.5,1,0,0
156,Po,27,108,2005,4,10,14,15.5,15,1,0,0
156,Po,27,108,2006,5,14,0,15,0,0,1,NA
157,Po,27,109,2003,1,1,0,1,0,0,0,0
158,Po,27,110,2003,1,0.5,0,1.5,0,0,0,0
159,Po,27,111,2003,1,NA,0,1,0,0,0,0
160,Po,27,112,2004,1,0.5,0,1,0,0,0,0
161,Po,27,113,2004,1,1,0,1,0,0,0,0
162,Po,27,114,2005,1,0.5,0,2,0,0,0,0
163,Po,39,1,1996,NA,6,9,11,10,1,0,0
163,Po,39,1,1997,NA,9,5.5,10,9,1,0,0
163,Po,39,1,1998,NA,5.5,5,9,10.5,1,0,0
163,Po,39,1,1999,NA,5,7.5,10.5,8.5,1,0,0
163,Po,39,1,2000,NA,7.5,7.5,8.5,15,1,0,0
163,Po,39,1,2001,NA,7.5,10,15,18,1,0,0
163,Po,39,1,2002,NA,10,8.5,18,8,1,1,33
163,Po,39,1,2003,NA,8.5,0,8,0,0,1,NA
164,Po,39,2,1996,NA,10,17.5,15,16.5,1,0,0
164,Po,39,2,1997,NA,17.5,0,16.5,0,0,1,NA
165,Po,39,3,1996,NA,8.5,10,12.5,12.5,1,0,0
165,Po,39,3,1997,NA,10,10.5,12.5,12,1,0,0
165,Po,39,3,1998,NA,10.5,8.5,12,12,1,0,0
165,Po,39,3,1999,NA,8.5,0,12,0,0,1,23
166,Po,39,4,1996,NA,8,12.5,15.5,12,1,0,0
166,Po,39,4,1997,NA,12.5,0,12,0,0,1,NA
167,Po,39,5,1996,NA,5.5,7,9.5,6,1,0,0
167,Po,39,5,1997,NA,7,5.5,6,8,1,0,0
167,Po,39,5,1998,NA,5.5,6,8,9.5,1,0,0
167,Po,39,5,1999,NA,6,7.5,9.5,12,1,0,0
167,Po,39,5,2000,NA,7.5,7.5,12,13,1,0,0
167,Po,39,5,2001,NA,7.5,0,13,0,0,1,30
168,Po,39,6,1996,NA,7,11,13,11,1,0,0
168,Po,39,6,1997,NA,11,0,11,0,0,1,NA
169,Po,39,7,1996,NA,3.5,0,4,0,0,0,0
170,Po,39,8,1996,NA,7,10,11.5,12,1,0,0
170,Po,39,8,1997,NA,10,0,12,0,0,1,NA
171,Po,39,9,1996,NA,3.5,6.5,9.5,6.5,1,0,0
171,Po,39,9,1997,NA,6.5,6.5,6.5,7,1,0,0
171,Po,39,9,1998,NA,6.5,7,7,14,1,0,0
171,Po,39,9,1999,NA,7,9.5,14,13,1,0,0
171,Po,39,9,2000,NA,9.5,8,13,15,1,0,0
171,Po,39,9,2001,NA,8,0,15,0,0,1,33
172,Po,39,10,1996,NA,4,8.5,9,8,1,0,0
172,Po,39,10,1997,NA,8.5,6.5,8,10,1,0,0
172,Po,39,10,1998,NA,6.5,8,10,12,1,0,0
172,Po,39,10,1999,NA,8,0,12,0,0,1,27
173,Po,39,12,1996,NA,5.5,6.5,10,8,1,0,0
173,Po,39,12,1997,NA,6.5,5.5,8,6,1,0,0
173,Po,39,12,1998,NA,5.5,5,6,8.5,1,0,0
173,Po,39,12,1999,NA,5,5.5,8.5,10,1,0,0
173,Po,39,12,2000,NA,5.5,7.5,10,13,1,0,0
173,Po,39,12,2001,NA,7.5,0,13,0,0,0,0
174,Po,39,13,1996,NA,8.5,0,9.5,0,0,1,NA
175,Po,39,14,1996,NA,5,8,9.5,11,1,0,0
175,Po,39,14,1997,NA,8,5,11,9.5,1,0,0
175,Po,39,14,1998,NA,5,0,9.5,0,0,1,1
176,Po,39,15,1996,NA,4.5,5.5,4,7,1,0,0
176,Po,39,15,1997,NA,5.5,7,7,9,1,0,0
176,Po,39,15,1998,NA,7,7.5,9,11,1,0,0
176,Po,39,15,1999,NA,7.5,0,11,0,0,1,25
177,Po,39,16,1996,NA,8.5,11,13,11,1,0,0
177,Po,39,16,1997,NA,11,0,11,0,0,1,NA
178,Po,39,17,1996,NA,9,19.5,15.5,14,1,0,0
178,Po,39,17,1997,NA,19.5,0,14,0,0,1,NA
179,Po,39,18,1996,NA,5.5,5,7.5,4,1,0,0
179,Po,39,18,1997,NA,5,3.5,4,6,1,0,0
179,Po,39,18,1998,NA,3.5,0,6,0,0,0,0
180,Po,39,19,1996,NA,5.5,8,9.5,9,1,0,0
180,Po,39,19,1997,NA,8,8,9,11.5,1,0,0
180,Po,39,19,1998,NA,8,5.5,11.5,9,1,0,0
180,Po,39,19,1999,NA,5.5,0,9,0,0,0,0
181,Po,39,20,1996,NA,5.5,8,10.5,10,1,0,0
181,Po,39,20,1997,NA,8,9,10,10,1,0,0
181,Po,39,20,1998,NA,9,5.5,10,10,1,0,0
181,Po,39,20,1999,NA,5.5,0,10,0,0,0,0
182,Po,39,21,1996,NA,8,16,13.5,12.5,1,0,0
182,Po,39,21,1997,NA,16,10,12.5,12.5,1,0,0
182,Po,39,21,1998,NA,10,0,12.5,0,0,1,26
183,Po,39,22,1996,NA,3.5,7.5,6,7,1,0,0
183,Po,39,22,1997,NA,7.5,7.5,7,11.5,1,0,0
183,Po,39,22,1998,NA,7.5,8,11.5,13,1,0,0
183,Po,39,22,1999,NA,8,13,13,15,1,0,0
183,Po,39,22,2000,NA,13,0,15,0,0,1,40
184,Po,39,23,1996,NA,4.5,8,7.5,9,1,0,0
184,Po,39,23,1997,NA,8,9,9,13.5,1,0,0
184,Po,39,23,1998,NA,9,9.5,13.5,14.5,1,0,0
184,Po,39,23,1999,NA,9.5,13,14.5,11,1,0,0
184,Po,39,23,2000,NA,13,0,11,0,0,1,22
185,Po,39,24,1996,NA,4.5,7,7,8,1,0,0
185,Po,39,24,1997,NA,7,9,8,11,1,0,0
185,Po,39,24,1998,NA,9,7,11,8,1,0,0
185,Po,39,24,1999,NA,7,0,8,0,0,1,23
186,Po,39,25,1996,NA,6,7.5,8.5,10,1,0,0
186,Po,39,25,1997,NA,7.5,8.5,10,11.5,1,0,0
186,Po,39,25,1998,NA,8.5,9,11.5,11,1,0,0
186,Po,39,25,1999,NA,9,0,11,0,0,1,25
187,Po,39,28,1997,1,0.5,0,1,0,0,0,0
188,Po,39,32,1997,1,0.5,4.5,1.5,7,1,0,0
188,Po,39,32,1998,2,4.5,8.5,7,15.5,1,0,0
188,Po,39,32,1999,3,8.5,16,15.5,14,1,0,0
188,Po,39,32,2000,4,16,0,14,0,0,1,63
189,Po,39,33,1997,1,0.5,0,0.5,0,0,0,0
190,Po,39,34,1998,1,1,4,2.5,5.5,1,0,0
190,Po,39,34,1999,2,4,7,5.5,7,1,0,0
190,Po,39,34,2000,3,7,0,7,0,0,0,0
191,Po,39,35,1998,1,1,0,1.5,0,0,0,0
192,Po,39,36,1998,1,1,1.5,1.5,6.5,1,0,0
192,Po,39,36,1999,2,1.5,0,6.5,0,0,0,0
193,Po,39,38,1998,1,1,0,1.5,0,0,0,0
194,Po,39,39,1998,1,1.5,0,3,0,0,0,0
195,Po,39,40,1998,1,0.5,0,4,0,0,0,0
196,Po,39,41,1998,1,1,3,1.5,4.5,1,0,0
196,Po,39,41,1999,2,3,5.5,4.5,6,1,0,0
196,Po,39,41,2000,3,5.5,0,6,0,0,0,0
197,Po,39,43,1998,1,1.5,3,3,5,1,0,0
197,Po,39,43,1999,2,3,6.5,5,9,1,0,0
197,Po,39,43,2000,3,6.5,9,9,14.5,1,0,0
197,Po,39,43,2001,4,9,16,14.5,18,1,0,0
197,Po,39,43,2002,5,16,0,18,0,0,1,48
198,Po,39,44,1998,1,1,3,2,3.5,1,0,0
198,Po,39,44,1999,2,3,5.5,3.5,6.5,1,0,0
198,Po,39,44,2000,3,5.5,6.5,6.5,11.5,1,0,0
198,Po,39,44,2001,4,6.5,9,11.5,12,1,0,0
198,Po,39,44,2002,5,9,0,12,0,0,1,41
199,Po,39,45,1998,1,0.5,0,0.5,0,0,0,0
200,Po,39,48,1999,1,0.5,0,1,0,0,0,0
201,Po,39,52,2000,1,2,0,1.5,0,0,0,0
202,Po,39,53,2000,1,0.5,0,1,0,0,0,0
203,Po,39,54,2000,1,0.5,0,2.5,0,0,0,0
204,Po,39,55,2000,1,0.5,0,1,0,0,0,0
205,Po,39,61,2000,1,1,0,2,0,0,0,0
206,Po,39,62,2000,1,1,0,1.5,0,0,0,0
207,Po,39,63,2000,1,1,0,1.5,0,0,0,0
208,Po,39,64,2000,1,1,0,1.5,0,0,0,0
209,Po,39,66,2000,1,1,0,1.5,0,0,0,0
210,Po,39,68,2000,1,1,5.5,2.5,6,1,0,0
210,Po,39,68,2001,2,5.5,0,6,0,0,0,0
211,Po,39,69,2000,1,1,0,1,0,0,0,0
212,Po,39,70,2000,1,1,0,1.5,0,0,0,0
213,Po,39,72,2000,1,1,3,3,3,1,0,0
213,Po,39,72,2001,2,3,0,3,0,0,0,0
214,Po,39,73,2000,1,1,0,1.5,0,0,0,0
215,Po,39,74,2000,1,0.5,0,1.5,0,0,0,0
216,Po,39,76,2000,1,0.5,0,0.5,0,0,0,0
217,Po,39,78,2001,1,1.5,0,2,0,0,0,0
218,Po,39,79,2001,1,1.5,0,2,0,0,0,0
219,Po,39,80,2001,1,1.5,2.5,2,5,1,0,0
219,Po,39,80,2002,2,2.5,5.5,5,7,1,0,0
219,Po,39,80,2003,3,5.5,5,7,9,1,0,0
219,Po,39,80,2004,4,5,6,9,9,1,0,0
219,Po,39,80,2005,5,6,6,9,6,1,0,0
219,Po,39,80,2006,6,6,0,6,0,0,0,0
220,Po,39,81,2001,1,1.5,0,2,0,0,0,0
221,Po,39,82,2001,1,1.5,5,2,7,1,0,0
221,Po,39,82,2002,2,5,6,7,7,1,0,0
221,Po,39,82,2003,3,6,6.5,7,10,1,0,0
221,Po,39,82,2004,4,6.5,7,10,14.5,1,0,0
221,Po,39,82,2005,5,7,10.5,14.5,9.5,1,0,0
221,Po,39,82,2006,6,10.5,9,9.5,5.5,1,0,0
221,Po,39,82,2007,7,9,0,5.5,0,0,1,NA
222,Po,39,83,2001,1,1.5,3,2,5.5,1,0,0
222,Po,39,83,2002,2,3,5,5.5,5.5,1,0,0
222,Po,39,83,2003,3,5,0.5,5.5,4,1,0,0
222,Po,39,83,2004,4,0.5,2.5,4,2.5,1,0,0
222,Po,39,83,2005,5,2.5,0,2.5,0,0,0,0
223,Po,39,84,2001,1,1.5,2.5,2,5.5,1,0,0
223,Po,39,84,2002,2,2.5,5,5.5,6,1,0,0
223,Po,39,84,2003,3,5,4,6,4,1,0,0
223,Po,39,84,2004,4,4,4.5,4,4.5,1,0,0
223,Po,39,84,2005,5,4.5,4,4.5,3.5,1,0,0
223,Po,39,84,2006,6,4,0,3.5,0,0,0,0
224,Po,39,85,2001,1,1.5,3,2,5,1,0,0
224,Po,39,85,2002,2,3,6,5,6,1,0,0
224,Po,39,85,2003,3,6,0,6,0,0,0,0
225,Po,39,86,2001,1,1.5,2,2,3.5,1,0,0
225,Po,39,86,2002,2,2,3.5,3.5,4,1,0,0
225,Po,39,86,2003,3,3.5,0,4,0,0,0,0
226,Po,39,87,2001,1,1.5,3,2,4.5,1,0,0
226,Po,39,87,2002,2,3,0,4.5,0,0,0,0
227,Po,39,88,2001,1,1.5,0,2,0,0,0,0
228,Po,39,89,2001,1,1.5,0,2,0,0,0,0
229,Po,39,90,2001,1,1.5,0,2,0,0,0,0
230,Po,39,91,2001,1,1.5,0,2,0,0,0,0
231,Po,39,92,2001,1,1.5,0,2,0,0,0,0
232,Po,39,93,2001,1,1.5,0,2,0,0,0,0
233,Po,39,94,2001,1,1.5,0,2,0,0,0,0
234,Po,39,121,2001,1,1.5,0,1.5,0,0,0,0
235,Po,39,123,2001,1,3,8,4,9,1,0,0
235,Po,39,123,2002,2,8,9,9,15.5,1,0,0
235,Po,39,123,2003,3,9,11,15.5,16,1,0,0
235,Po,39,123,2004,4,11,0,16,0,0,1,NA
236,Po,39,124,2001,1,2,5,2.5,9,1,0,0
236,Po,39,124,2002,2,5,6.5,9,10.5,1,0,0
236,Po,39,124,2003,3,6.5,6.5,10.5,12,1,0,0
236,Po,39,124,2004,4,6.5,9,12,14,1,0,0
236,Po,39,124,2005,5,9,12,14,19,1,0,0
236,Po,39,124,2006,6,12,0,19,0,0,1,NA
237,Po,39,125,2001,1,2,5.5,2,7,1,0,0
237,Po,39,125,2002,2,5.5,7,7,9.5,1,0,0
237,Po,39,125,2003,3,7,6.5,9.5,10,1,0,0
237,Po,39,125,2004,4,6.5,6.5,10,11,1,0,0
237,Po,39,125,2005,5,6.5,7.5,11,8,1,0,0
237,Po,39,125,2006,6,7.5,0,8,0,0,0,0
238,Po,39,126,2001,1,1,5.5,1,7,1,0,0
238,Po,39,126,2002,2,5.5,8.5,7,10,1,0,0
238,Po,39,126,2003,3,8.5,9.5,10,11,1,0,0
238,Po,39,126,2004,4,9.5,6,11,14,1,0,0
238,Po,39,126,2005,5,6,8,14,13,1,0,0
238,Po,39,126,2006,6,8,0,13,0,0,1,NA
239,Po,39,127,2001,1,1,5.5,1.5,7.5,1,0,0
239,Po,39,127,2002,2,5.5,9,7.5,11.5,1,0,0
239,Po,39,127,2003,3,9,9.5,11.5,12,1,0,0
239,Po,39,127,2004,4,9.5,7.5,12,14,1,0,0
239,Po,39,127,2005,5,7.5,0,14,0,0,1,NA
240,Po,39,128,2001,1,1,0,2,0,0,0,0
241,Po,39,129,2001,1,1,4,3,4,1,0,0
241,Po,39,129,2002,2,4,5,4,3.5,1,0,0
241,Po,39,129,2003,3,5,4.5,3.5,5,1,0,0
241,Po,39,129,2004,4,4.5,5,5,8.5,1,0,0
241,Po,39,129,2005,5,5,5,8.5,8,1,0,0
241,Po,39,129,2006,6,5,4,8,4.5,1,0,0
241,Po,39,129,2007,7,4,5,4.5,6,1,0,0
241,Po,39,129,2008,8,5,3,6,5.5,1,0,0
241,Po,39,129,2009,9,3,0,5.5,0,0,0,0
242,Po,39,130,2001,1,0.5,1,2,4,1,0,0
242,Po,39,130,2002,2,1,3,4,5,1,0,0
242,Po,39,130,2003,3,3,0.5,5,4.5,1,0,0
242,Po,39,130,2004,4,0.5,3,4.5,5,1,0,0
242,Po,39,130,2005,5,3,4.5,5,7,1,0,0
242,Po,39,130,2006,6,4.5,8,7,10,1,0,0
242,Po,39,130,2007,7,8,9,10,8,1,0,0
242,Po,39,130,2008,8,9,0,8,0,0,1,NA
243,Po,39,131,2001,1,1,0,1,0,0,0,0
244,Po,39,132,2001,1,1,0,1,0,0,0,0
245,Po,39,133,2001,1,1,0,1,0,0,0,0
246,Po,39,134,2001,1,1,2.5,1,4.5,1,0,0
246,Po,39,134,2002,2,2.5,4,4.5,6,1,0,0
246,Po,39,134,2003,3,4,5,6,8,1,0,0
246,Po,39,134,2004,4,5,6.5,8,9,1,0,0
246,Po,39,134,2005,5,6.5,6,9,9.5,1,0,0
246,Po,39,134,2006,6,6,8,9.5,6.5,1,0,0
246,Po,39,134,2007,7,8,0,6.5,0,0,1,NA
247,Po,39,135,2001,1,1,0,1,0,0,0,0
248,Po,39,136,2001,1,1,0,1,0,0,0,0
249,Po,39,137,2001,1,1,0,1,0,0,0,0
250,Po,39,138,2001,1,1,0,1,0,0,0,0
251,Po,39,139,2001,1,1,3,1,4.5,1,0,0
251,Po,39,139,2002,2,3,4,4.5,4,1,0,0
251,Po,39,139,2003,3,4,0,4,0,0,0,0
252,Po,39,140,2001,1,1,0,1,0,0,0,0
253,Po,39,141,2001,1,1,3,1,4,1,0,0
253,Po,39,141,2002,2,3,5,4,5,1,0,0
253,Po,39,141,2003,3,5,7,5,8,1,0,0
253,Po,39,141,2004,4,7,6,8,6,1,0,0
253,Po,39,141,2005,5,6,4.5,6,8,1,0,0
253,Po,39,141,2006,6,4.5,5.5,8,6,1,0,0
253,Po,39,141,2007,7,5.5,0,6,0,0,0,0
254,Po,39,142,2001,1,1,0,1,0,0,0,0
255,Po,39,143,2001,1,1,2.5,1,5,1,0,0
255,Po,39,143,2002,2,2.5,5,5,7,1,0,0
255,Po,39,143,2003,3,5,8,7,11,1,0,0
255,Po,39,143,2004,4,8,4.5,11,9.5,1,0,0
255,Po,39,143,2005,5,4.5,6.5,9.5,7.5,1,0,0
255,Po,39,143,2006,6,6.5,7,7.5,11,1,0,0
255,Po,39,143,2007,7,7,0,11,0,0,0,0
256,Po,39,144,2001,1,1,0,1,0,0,0,0
257,Po,39,145,2001,1,1,0,1,0,0,0,0
258,Po,39,146,2001,1,1,0,1,0,0,0,0
259,Po,39,147,2001,1,1,0,1,0,0,0,0
260,Po,39,148,2001,1,1,0,1,0,0,0,0
261,Po,39,149,2001,1,1,0,1,0,0,0,0
262,Po,39,150,2001,1,1,3,1,3,1,0,0
262,Po,39,150,2002,2,3,3,3,4,1,0,0
262,Po,39,150,2003,3,3,5,4,5,1,0,0
262,Po,39,150,2004,4,5,4,5,3,1,0,0
262,Po,39,150,2005,5,4,2,3,2,1,0,0
262,Po,39,150,2006,6,2,0,2,0,0,0,0
263,Po,39,151,2001,1,1,0,1,0,0,0,0
264,Po,39,152,2001,1,1,0,1,0,0,0,0
265,Po,39,153,2001,1,1,0,1,0,0,0,0
266,Po,39,154,2001,1,1,0,1,0,0,0,0
267,Po,39,155,2001,1,1,3,1,7,1,0,0
267,Po,39,155,2002,2,3,7,7,12,1,0,0
267,Po,39,155,2003,3,7,11,12,11,1,0,0
267,Po,39,155,2004,4,11,7,11,11.5,1,0,0
267,Po,39,155,2005,5,7,0,11.5,0,0,0,0
268,Po,39,156,2001,1,1,0,1,0,0,0,0
269,Po,39,157,2001,1,1,0,1,0,0,0,0
270,Po,39,158,2001,1,1,0,1,0,0,0,0
271,Po,39,159,2001,1,1,2.5,1,6,1,0,0
271,Po,39,159,2002,2,2.5,7,6,7.5,1,0,0
271,Po,39,159,2003,3,7,7,7.5,8,1,0,0
271,Po,39,159,2004,4,7,4,8,4,1,0,0
271,Po,39,159,2005,5,4,0,4,0,0,0,0
272,Po,39,160,2001,1,1,0,1,0,0,0,0
273,Po,39,161,2001,1,1,0,1,0,0,0,0
274,Po,39,162,2001,1,1,4,1,7.5,1,0,0
274,Po,39,162,2002,2,4,8,7.5,11,1,0,0
274,Po,39,162,2003,3,8,11.5,11,13,1,0,0
274,Po,39,162,2004,4,11.5,7.5,13,13,1,0,0
274,Po,39,162,2005,5,7.5,0,13,0,0,1,NA
275,Po,39,163,2001,1,1,0,1,0,0,0,0
276,Po,39,164,2001,1,1,0,1,0,0,0,0
277,Po,39,165,2001,1,1,0,1,0,0,0,0
278,Po,39,166,2001,1,1,0,1,0,0,0,0
279,Po,39,167,2001,1,1,0,1,0,0,0,0
280,Po,39,168,2001,1,1,0,1,0,0,0,0
281,Po,39,169,2001,1,1,0,1,0,0,0,0
282,Po,39,170,2001,1,1,0,1,0,0,0,0
283,Po,39,171,2001,1,1,0,1,0,0,0,0
284,Po,39,172,2001,1,1,0,1,0,0,0,0
285,Po,39,173,2001,1,1,0,1,0,0,0,0
286,Po,39,174,2001,1,1,0,1,0,0,0,0
287,Po,39,175,2001,1,1,0,1,0,0,0,0
288,Po,39,176,2001,1,1,0,1,0,0,0,0
289,Po,39,177,2001,1,1,0,1,0,0,0,0
290,Po,39,178,2001,1,1,0,1,0,0,0,0
291,Po,39,179,2001,1,1,0,1,0,0,0,0
292,Po,39,180,2001,1,1,0,1,0,0,0,0
293,Po,39,181,2001,1,1,0,1,0,0,0,0
294,Po,39,241,2001,1,0.5,0,1,0,0,0,0
295,Po,39,242,2001,1,0.5,0,1,0,0,0,0
296,Po,39,259,2001,1,1,3,2.5,5.5,1,0,0
296,Po,39,259,2002,2,3,5.5,5.5,7,1,0,0
296,Po,39,259,2003,3,5.5,5.5,7,9,1,0,0
296,Po,39,259,2004,4,5.5,4.5,9,11,1,0,0
296,Po,39,259,2005,5,4.5,5,11,6.5,1,0,0
296,Po,39,259,2006,6,5,0,6.5,0,0,0,0
297,Po,39,260,2001,1,1,0,1,0,0,0,0
298,Po,39,261,2001,1,1,2,1.5,5,1,0,0
298,Po,39,261,2002,2,2,4,5,7.5,1,0,0
298,Po,39,261,2003,3,4,4.5,7.5,9,1,0,0
298,Po,39,261,2004,4,4.5,6,9,11.5,1,0,0
298,Po,39,261,2005,5,6,9,11.5,15,1,0,0
298,Po,39,261,2006,6,9,0,15,0,0,1,NA
299,Po,39,262,2001,1,1,1,1,2.5,1,0,0
299,Po,39,262,2002,2,1,3.5,2.5,4,1,0,0
299,Po,39,262,2003,3,3.5,3,4,6,1,0,0
299,Po,39,262,2004,4,3,5.5,6,10,1,0,0
299,Po,39,262,2005,5,5.5,9.5,10,10.5,1,0,0
299,Po,39,262,2006,6,9.5,9.5,10.5,15.5,1,0,0
299,Po,39,262,2007,7,9.5,13,15.5,9,1,0,0
299,Po,39,262,2008,8,13,0,9,0,0,1,NA
300,Po,39,263,2001,1,1,0,1.5,0,0,0,0
301,Po,39,265,2001,1,1,3,1.5,9.5,1,0,0
301,Po,39,265,2002,2,3,7,9.5,11.5,1,0,0
301,Po,39,265,2003,3,7,12,11.5,18,1,0,0
301,Po,39,265,2004,4,12,12,18,18,1,0,0
301,Po,39,265,2005,5,12,0,18,0,0,1,NA
302,Po,39,266,2001,1,1,0,0.5,0,0,0,0
303,Po,39,275,2001,1,1,2,1,2.5,1,0,0
303,Po,39,275,2002,2,2,4,2.5,4,1,0,0
303,Po,39,275,2003,3,4,3.5,4,5,1,0,0
303,Po,39,275,2004,4,3.5,3.5,5,2.5,1,0,0
303,Po,39,275,2005,5,3.5,0,2.5,0,0,0,0
304,Po,39,277,2001,1,1,0,0.5,0,0,0,0
305,Po,39,278,2001,1,1,0,1,0,0,0,0
306,Po,39,279,2001,1,1,0,1.5,0,0,0,0
307,Po,39,283,2001,1,NA,0,1,0,0,0,0
308,Po,39,284,2001,1,NA,0,1,0,0,0,0
309,Po,39,285,2001,1,NA,0,1,0,0,0,0
310,Po,39,286,2001,1,NA,0,1,0,0,0,0
311,Po,39,287,2002,1,1,3.5,2,4,1,0,0
311,Po,39,287,2003,2,3.5,0,4,0,0,0,0
312,Po,39,288,2002,1,2,0,2,0,0,0,0
313,Po,39,289,2002,1,1,0,2.5,0,0,0,0
314,Po,39,290,2002,1,1,0,2,0,0,0,0
315,Po,39,291,2002,1,1,3,1,4.5,1,0,0
315,Po,39,291,2003,2,3,5,4.5,6,1,0,0
315,Po,39,291,2004,3,5,4.5,6,6.5,1,0,0
315,Po,39,291,2005,4,4.5,5.5,6.5,4,1,0,0
315,Po,39,291,2006,5,5.5,5.5,4,5.5,1,0,0
315,Po,39,291,2007,6,5.5,6,5.5,8,1,0,0
315,Po,39,291,2008,7,6,4,8,8.5,1,0,0
315,Po,39,291,2009,8,4,4.5,8.5,10,1,0,0
315,Po,39,291,2010,9,4.5,7,10,12,1,0,0
315,Po,39,291,2011,10,7,6,12,10,1,0,0
315,Po,39,291,2012,11,6,0,10,0,0,1,32
316,Po,39,292,2002,1,1,4,2.5,4.5,1,0,0
316,Po,39,292,2003,2,4,0,4.5,0,0,0,0
317,Po,39,293,2002,1,1,0,1,0,0,0,0
318,Po,39,294,2002,1,1,0,2.5,0,0,0,0
319,Po,39,295,2002,1,1,0,2.5,0,0,0,0
320,Po,39,296,2002,1,1,5.5,2.5,6.5,1,0,0
320,Po,39,296,2003,2,5.5,7.5,6.5,7.5,1,0,0
320,Po,39,296,2004,3,7.5,6,7.5,9.5,1,0,0
320,Po,39,296,2005,4,6,7,9.5,8,1,0,0
320,Po,39,296,2006,5,7,11,8,11,1,0,0
320,Po,39,296,2007,6,11,11,11,6,1,0,0
320,Po,39,296,2008,7,11,10,6,7,1,0,0
320,Po,39,296,2009,8,10,0,7,0,0,1,NA
321,Po,39,297,2002,1,1,3,2.5,3,1,0,0
321,Po,39,297,2003,2,3,0,3,0,0,0,0
322,Po,39,298,2002,1,1,2.5,2,4.5,1,0,0
322,Po,39,298,2003,2,2.5,0,4.5,0,0,0,0
323,Po,39,299,2002,1,1,0,2,0,0,0,0
324,Po,39,300,2002,1,1,0,2,0,0,0,0
325,Po,39,301,2002,1,1,0,1,0,0,0,0
326,Po,39,302,2002,1,1,3,2,3.5,1,0,0
326,Po,39,302,2003,2,3,0,3.5,0,0,0,0
327,Po,39,303,2002,1,1,0,2,0,0,0,0
328,Po,39,304,2002,1,1,0,1,0,0,0,0
329,Po,39,305,2002,1,1,0,2.5,0,0,0,0
330,Po,39,306,2002,1,1,0,2,0,0,0,0
331,Po,39,307,2002,1,1,0,3,0,0,0,0
332,Po,39,308,2002,1,1,0,3,0,0,0,0
333,Po,39,310,2002,1,0.5,0,2,0,0,0,0
334,Po,39,317,2002,1,1,3,2.5,3.5,1,0,0
334,Po,39,317,2003,2,3,5,3.5,8,1,0,0
334,Po,39,317,2004,3,5,5.5,8,11,1,0,0
334,Po,39,317,2005,4,5.5,7,11,12,1,0,0
334,Po,39,317,2006,5,7,0,12,0,0,1,NA
335,Po,39,318,2002,1,0.5,3,1.5,2.5,1,0,0
335,Po,39,318,2003,2,3,0,2.5,0,0,0,0
336,Po,39,328,2002,1,1,4,2,2.5,1,0,0
336,Po,39,328,2003,2,4,2.5,2.5,3.5,1,0,0
336,Po,39,328,2004,3,2.5,2.5,3.5,6,1,0,0
336,Po,39,328,2005,4,2.5,2.5,6,2.5,1,0,0
336,Po,39,328,2006,5,2.5,0,2.5,0,0,0,0
337,Po,39,329,2002,1,0.5,0,1.5,0,0,0,0
338,Po,39,330,2002,1,1,3.5,3.5,4,1,0,0
338,Po,39,330,2003,2,3.5,3.5,4,5.5,1,0,0
338,Po,39,330,2004,3,3.5,3.5,5.5,3.5,1,0,0
338,Po,39,330,2005,4,3.5,3.5,3.5,3,1,0,0
338,Po,39,330,2006,5,3.5,3.5,3,2,1,0,0
338,Po,39,330,2007,6,3.5,0,2,0,0,0,0
339,Po,39,331,2002,1,0.5,4,3,4,1,0,0
339,Po,39,331,2003,2,4,0,4,0,0,0,0
340,Po,39,332,2002,1,0.5,3,3,3,1,0,0
340,Po,39,332,2003,2,3,0,3,0,0,0,0
341,Po,39,333,2002,1,0.5,2.5,2.5,2.5,1,0,0
341,Po,39,333,2003,2,2.5,0,2.5,0,0,0,0
342,Po,39,334,2002,1,0.5,3.5,3,4,1,0,0
342,Po,39,334,2003,2,3.5,6.5,4,9,1,0,0
342,Po,39,334,2004,3,6.5,4.5,9,10,1,0,0
342,Po,39,334,2005,4,4.5,7.5,10,9.5,1,0,0
342,Po,39,334,2006,5,7.5,0,9.5,0,0,0,0
343,Po,39,335,2002,1,0.5,4,2.5,4,1,0,0
343,Po,39,335,2003,2,4,5.5,4,6,1,0,0
343,Po,39,335,2004,3,5.5,4,6,8.5,1,0,0
343,Po,39,335,2005,4,4,5.5,8.5,5.5,1,0,0
343,Po,39,335,2006,5,5.5,0,5.5,0,0,0,0
344,Po,39,336,2002,1,0.5,4,2.5,4.5,1,0,0
344,Po,39,336,2003,2,4,0,4.5,0,0,0,0
345,Po,39,337,2002,1,0.5,0,1,0,0,0,0
346,Po,39,338,2002,1,0.5,3,2.5,3,1,0,0
346,Po,39,338,2003,2,3,0,3,0,0,0,0
347,Po,39,345,2002,1,1,5.5,2,5.5,1,0,0
347,Po,39,345,2003,2,5.5,7.5,5.5,9,1,0,0
347,Po,39,345,2004,3,7.5,7,9,10,1,0,0
347,Po,39,345,2005,4,7,9.5,10,10,1,0,0
347,Po,39,345,2006,5,9.5,8.5,10,12,1,0,0
347,Po,39,345,2007,6,8.5,10,12,12,1,0,0
347,Po,39,345,2008,7,10,0,12,0,0,1,NA
348,Po,39,346,2002,1,1,4,2,4,1,0,0
348,Po,39,346,2003,2,4,0,4,0,0,0,0
349,Po,39,347,2002,1,1,5.5,2,6,1,0,0
349,Po,39,347,2003,2,5.5,0,6,0,0,0,0
350,Po,39,348,2002,1,1,5.5,2,5.5,1,0,0
350,Po,39,348,2003,2,5.5,8,5.5,8.5,1,0,0
350,Po,39,348,2004,3,8,4.5,8.5,8.5,1,0,0
350,Po,39,348,2005,4,4.5,7,8.5,7,1,0,0
350,Po,39,348,2006,5,7,6,7,6.5,1,0,0
350,Po,39,348,2007,6,6,0,6.5,0,0,1,NA
351,Po,39,349,2002,1,1,1.5,2,1.5,1,0,0
351,Po,39,349,2003,2,1.5,0,1.5,0,0,0,0
352,Po,39,350,2002,1,1,1,2,2,1,0,0
352,Po,39,350,2003,2,1,0,2,0,0,0,0
353,Po,39,351,2002,1,1,1.5,2,1.5,1,0,0
353,Po,39,351,2003,2,1.5,0,1.5,0,0,0,0
354,Po,39,352,2002,1,1,0.5,2,1.5,1,0,0
354,Po,39,352,2003,2,0.5,0,1.5,0,0,0,0
355,Po,39,353,2002,1,1,2,2,2,1,0,0
355,Po,39,353,2003,2,2,0,2,0,0,0,0
356,Po,39,354,2002,1,1,3.5,2,4.5,1,0,0
356,Po,39,354,2003,2,3.5,5,4.5,6.5,1,0,0
356,Po,39,354,2004,3,5,5,6.5,5.5,1,0,0
356,Po,39,354,2005,4,5,4,5.5,2,1,0,0
356,Po,39,354,2006,5,4,0,2,0,0,0,0
357,Po,39,355,2002,1,1,3,2,3,1,0,0
357,Po,39,355,2003,2,3,4,3,3.5,1,0,0
357,Po,39,355,2004,3,4,0,3.5,0,0,0,0
358,Po,39,356,2002,1,1,4,2,3,1,0,0
358,Po,39,356,2003,2,4,0,3,0,0,0,0
359,Po,39,357,2002,1,1,5,2,4.5,1,0,0
359,Po,39,357,2003,2,5,5.5,4.5,8,1,0,0
359,Po,39,357,2004,3,5.5,4,8,9,1,0,0
359,Po,39,357,2005,4,4,6,9,6.5,1,0,0
359,Po,39,357,2006,5,6,8,6.5,11.5,1,0,0
359,Po,39,357,2007,6,8,7,11.5,6,1,0,0
359,Po,39,357,2008,7,7,0,6,0,0,0,0
360,Po,39,358,2002,1,1,5,2,4.5,1,0,0
360,Po,39,358,2003,2,5,0,4.5,0,0,0,0
361,Po,39,359,2002,1,1,5,2,4,1,0,0
361,Po,39,359,2003,2,5,0,4,0,0,0,0
362,Po,39,360,2002,1,1,5.5,2,5.5,1,0,0
362,Po,39,360,2003,2,5.5,3.5,5.5,3,1,0,0
362,Po,39,360,2004,3,3.5,0,3,0,0,0,0
363,Po,39,361,2002,1,1,0,2,0,0,0,0
364,Po,39,362,2002,1,1,0,2,0,0,0,0
365,Po,39,363,2002,1,1,4,2,4,1,0,0
365,Po,39,363,2003,2,4,0,4,0,0,0,0
366,Po,39,364,2002,1,1,4,2,2,1,0,0
366,Po,39,364,2003,2,4,0,2,0,0,0,0
367,Po,39,365,2002,1,1,4,2,2.5,1,0,0
367,Po,39,365,2003,2,4,0,2.5,0,0,0,0
368,Po,39,366,2002,1,1,0,2,0,0,0,0
369,Po,39,367,2002,1,1,0,2,0,0,0,0
370,Po,39,368,2002,1,1,0,2,0,0,0,0
371,Po,39,369,2002,1,1,0,2,0,0,0,0
372,Po,39,370,2002,1,1,0,2,0,0,0,0
373,Po,39,371,2002,1,1,0,2,0,0,0,0
374,Po,39,372,2002,1,1,0,2,0,0,0,0
375,Po,39,373,2002,1,1,0,2,0,0,0,0
376,Po,39,374,2002,1,1,0,2,0,0,0,0
377,Po,39,375,2002,1,1,0,2,0,0,0,0
378,Po,39,376,2002,1,1,0,2,0,0,0,0
379,Po,39,377,2002,1,1,0,2,0,0,0,0
380,Po,39,378,2002,1,1,0,2,0,0,0,0
381,Po,39,379,2002,1,1,0,2,0,0,0,0
382,Po,39,380,2002,1,1,0,2,0,0,0,0
383,Po,39,381,2002,1,1,0,2,0,0,0,0
384,Po,39,382,2002,1,1,0,2,0,0,0,0
385,Po,39,383,2002,1,1,0,2,0,0,0,0
386,Po,39,384,2002,1,1,0,2,0,0,0,0
387,Po,39,385,2002,1,1,0,2,0,0,0,0
388,Po,39,386,2002,1,1,0,2,0,0,0,0
389,Po,39,387,2002,1,1,0,2,0,0,0,0
390,Po,39,388,2002,1,2,2.5,2.5,3.5,1,0,0
390,Po,39,388,2003,2,2.5,0,3.5,0,0,0,0
391,Po,39,389,2002,1,0.5,0,1.5,0,0,0,0
392,Po,39,390,2002,1,0.5,0,2,0,0,0,0
393,Po,39,391,2002,1,0.5,0,2,0,0,0,0
394,Po,39,392,2002,1,0.5,0,2,0,0,0,0
395,Po,39,393,2002,1,0.5,0,2,0,0,0,0
396,Po,39,394,2002,1,NA,3,1,3,1,0,0
396,Po,39,394,2003,2,3,0,3,0,0,0,0
397,Po,39,395,2003,1,2,0,2,0,0,0,0
398,Po,39,397,2003,1,3,3.5,3,5,1,0,0
398,Po,39,397,2004,2,3.5,3,5,6.5,1,0,0
398,Po,39,397,2005,3,3,7,6.5,6.5,1,0,0
398,Po,39,397,2006,4,7,11,6.5,18,1,0,0
398,Po,39,397,2007,5,11,16,18,12,1,0,0
398,Po,39,397,2008,6,16,10,12,8.5,1,0,0
398,Po,39,397,2009,7,10,0,8.5,0,0,1,NA
399,Po,39,398,2003,1,2.5,0,1.5,0,0,0,0
400,Po,39,399,2003,1,2,3.5,2.5,3,1,0,0
400,Po,39,399,2004,2,3.5,4.5,3,5.5,1,0,0
400,Po,39,399,2005,3,4.5,3.5,5.5,4.5,1,0,0
400,Po,39,399,2006,4,3.5,3.5,4.5,4,1,0,0
400,Po,39,399,2007,5,3.5,0,4,0,0,0,0
401,Po,39,400,2003,1,2,0,1.5,0,0,0,0
402,Po,39,401,2003,1,1,4,1.5,4.5,1,0,0
402,Po,39,401,2004,2,4,3,4.5,5,1,0,0
402,Po,39,401,2005,3,3,4,5,4.5,1,0,0
402,Po,39,401,2006,4,4,5,4.5,5,1,0,0
402,Po,39,401,2007,5,5,0,5,0,0,1,NA
403,Po,39,402,2003,1,1.5,0,2,0,0,0,0
404,Po,39,403,2003,1,1.5,0,2,0,0,0,0
405,Po,39,404,2003,1,1.5,0,2,0,0,0,0
406,Po,39,405,2003,1,1.5,0,2,0,0,0,0
407,Po,39,406,2003,1,1.5,0,2,0,0,0,0
408,Po,39,407,2003,1,1.5,0,2,0,0,0,0
409,Po,39,408,2003,1,1.5,0,2,0,0,0,0
410,Po,39,409,2003,1,1.5,0,2,0,0,0,0
411,Po,39,410,2003,1,1.5,0,2,0,0,0,0
412,Po,39,411,2003,1,1.5,0,2,0,0,0,0
413,Po,39,413,2003,1,1.5,0,1,0,0,0,0
414,Po,39,414,2003,1,1,0,1,0,0,0,0
415,Po,39,417,2003,1,1,0,1.5,0,0,0,0
416,Po,39,420,2003,1,1,0,1,0,0,0,0
417,Po,39,421,2003,1,1.5,0,1,0,0,0,0
418,Po,39,422,2003,1,1,0,1.5,0,0,0,0
419,Po,39,423,2003,1,1.5,0,1.5,0,0,0,0
420,Po,39,425,2003,1,1,0,1,0,0,0,0
421,Po,39,426,2003,1,1,0,1,0,0,0,0
422,Po,39,429,2003,1,1,0,1,0,0,0,0
423,Po,39,430,2003,1,1,0,1.5,0,0,0,0
424,Po,39,431,2003,1,1,0,1,0,0,0,0
425,Po,39,432,2003,1,1,0,1,0,0,0,0
426,Po,39,433,2003,1,1,0,1.5,0,0,0,0
427,Po,39,434,2003,1,1,0,1.5,0,0,0,0
428,Po,39,440,2003,1,1,0,1.5,0,0,0,0
429,Po,39,442,2003,1,1,0,0.5,0,0,0,0
430,Po,39,443,2003,1,1,0,0.5,0,0,0,0
431,Po,39,444,2003,1,1,0,0.5,0,0,0,0
432,Po,39,445,2003,1,1,0,1,0,0,0,0
433,Po,39,448,2003,1,1,0,1,0,0,0,0
434,Po,39,449,2003,1,1,0,1,0,0,0,0
435,Po,39,451,2003,1,1,0,1,0,0,0,0
436,Po,39,452,2003,1,1,0,1.5,0,0,0,0
437,Po,39,453,2003,1,1,0,1.5,0,0,0,0
438,Po,39,454,2003,1,1,0,1,0,0,0,0
439,Po,39,455,2003,1,1,0,1,0,0,0,0
440,Po,39,456,2003,1,1,0,1.5,0,0,0,0
441,Po,39,457,2003,1,1,0,1,0,0,0,0
442,Po,39,462,2003,1,0.5,0,2,0,0,0,0
443,Po,39,463,2003,1,0.5,0,1.5,0,0,0,0
444,Po,39,464,2004,1,1,0,2,0,0,0,0
445,Po,39,465,2004,1,1.5,0.5,2,2,1,0,0
445,Po,39,465,2005,2,0.5,0,2,0,0,0,0
446,Po,39,466,2004,1,1.5,0,2,0,0,0,0
447,Po,39,473,2004,1,0.5,0,0.5,0,0,0,0
448,Po,39,474,2004,1,1,0,1,0,0,0,0
449,Po,39,475,2004,1,1,0,1,0,0,0,0
450,Po,39,476,2004,1,1,0,1,0,0,0,0
451,Po,39,477,2004,1,0.5,0,1,0,0,0,0
452,Po,39,480,2004,1,1,0,0.5,0,0,0,0
453,Po,39,484,2004,1,1,0,1,0,0,0,0
454,Po,39,487,2004,1,1,0.5,1.5,1.5,1,0,0
454,Po,39,487,2005,2,0.5,0,1.5,0,0,0,0
455,Po,39,488,2004,1,0.5,0,1,0,0,0,0
456,Po,39,489,2004,1,0.5,0,1,0,0,0,0
457,Po,39,490,2004,1,1,0.5,1.5,2,1,0,0
457,Po,39,490,2005,2,0.5,0.5,2,0.5,1,0,0
457,Po,39,490,2006,3,0.5,0,0.5,0,0,0,0
458,Po,39,496,2004,1,0.5,0,0.5,0,0,0,0
459,Po,39,503,2004,1,0.5,0,0.5,0,0,0,0
460,Po,39,504,2004,1,1,0,2,0,0,0,0
461,Po,39,507,2004,1,0.5,0,0.5,0,0,0,0
462,Po,39,508,2004,1,NA,0,0.5,0,0,0,0
463,Po,39,509,2005,1,0.5,4,2,4.5,1,0,0
463,Po,39,509,2006,2,4,0,4.5,0,0,0,0
464,Po,39,510,2005,1,0.5,0,1,0,0,0,0
465,Po,39,514,2005,1,0.5,0,1,0,0,0,0
466,Po,39,515,2005,1,0.5,0,3,0,0,0,0
467,Po,39,536,2006,1,0.5,0,1,0,0,0,0
468,Po,39,537,2006,1,0.5,0,0.5,0,0,0,0
469,Po,39,539,2006,1,1.5,0,0.5,0,0,0,0
470,Po,39,547,2006,1,0.5,0,0.5,0,0,0,0
471,Po,39,548,2006,1,0.5,0,0.5,0,0,0,0
472,Po,39,551,2006,1,0.5,0,0.5,0,0,0,0
473,Po,39,556,2006,1,0.5,0,0.5,0,0,0,0
474,Po,39,557,2006,1,0.5,0.5,2,1,1,0,0
474,Po,39,557,2007,2,0.5,1.5,1,2,1,0,0
474,Po,39,557,2008,3,1.5,2,2,2,1,0,0
474,Po,39,557,2009,4,2,3,2,6,1,0,0
474,Po,39,557,2010,5,3,4.5,6,8,1,0,0
474,Po,39,557,2011,6,4.5,4,8,6,1,0,0
474,Po,39,557,2012,7,4,8,6,17,1,0,0
474,Po,39,557,2013,8,8,0,17,0,0,1,67
475,Po,39,559,2007,1,1,2.5,4,4,1,0,0
475,Po,39,559,2008,2,2.5,0,4,0,0,0,0
476,Po,39,560,2007,1,3,0,2.5,0,0,0,0
477,Po,39,561,2007,1,1,0,1,0,0,0,0
478,Po,39,562,2007,1,0.5,0,1.5,0,0,0,0
479,Po,39,563,2008,1,0.5,1,0.5,1,1,0,0
479,Po,39,563,2009,2,1,0,1,0,0,0,0
480,Po,39,564,2008,1,0.5,0,0.5,0,0,0,0
481,Po,39,565,2008,1,2,0,1,0,0,0,0
482,Po,39,580,2008,1,0.5,2,1,2,1,0,0
482,Po,39,580,2009,2,2,1,2,2,1,0,0
482,Po,39,580,2010,3,1,0,2,0,0,0,0
483,Po,39,581,2008,1,0.5,0,0.5,0,0,0,0
484,Po,39,582,2008,1,1,0,1,0,0,0,0
485,Po,39,583,2009,1,1,0,1.5,0,0,0,0
486,Po,39,584,2009,1,1,0,1.5,0,0,0,0
487,Po,39,590,2009,1,0.5,0,0.5,0,0,0,0
488,Po,39,592,2009,1,0.5,0,1.5,0,0,0,0
489,Po,39,593,2009,1,0.5,0,1,0,0,0,0
490,Po,39,594,2009,1,0.5,0,1,0,0,0,0
491,Po,39,613,2009,1,0.5,0,0.5,0,0,0,0
492,Po,39,642,2009,1,0.5,0,0.5,0,0,0,0
493,Po,39,643,2009,1,0.5,2,0.5,2.5,1,0,0
493,Po,39,643,2010,2,2,3.5,2.5,4.5,1,0,0
493,Po,39,643,2011,3,3.5,0,4.5,0,0,0,0
494,Po,39,661,2009,1,NA,0,1,0,0,0,0
495,Po,39,662,2009,1,NA,0,0.5,0,0,0,0
496,Po,39,663,2010,1,1,1.5,2,1,1,0,0
496,Po,39,663,2011,2,1.5,0,1,0,0,0,0
497,Po,39,664,2010,1,1,1,1.5,2,1,0,0
497,Po,39,664,2011,2,1,0,2,0,0,0,0
498,Po,39,665,2010,1,1,1.5,1.5,2.5,1,0,0
498,Po,39,665,2011,2,1.5,1,2.5,1,1,0,0
498,Po,39,665,2012,3,1,0,1,0,0,0,0
499,Po,39,666,2010,1,2,3.5,2.5,3,1,0,0
499,Po,39,666,2011,2,3.5,0,3,0,0,0,0
500,Po,39,667,2010,1,1.5,3.5,2,2.5,1,0,0
500,Po,39,667,2011,2,3.5,0,2.5,0,0,0,0
501,Po,39,668,2010,1,1,0,2,0,0,0,0
502,Po,39,670,2010,1,1.5,0,2,0,0,0,0
503,Po,39,671,2010,1,1,1,2,3,1,0,0
503,Po,39,671,2011,2,1,2,3,3,1,0,0
503,Po,39,671,2012,3,2,6,3,10,1,0,0
503,Po,39,671,2013,4,6,11,10,8.5,1,0,0
503,Po,39,671,2014,5,11,9,8.5,14,1,0,0
503,Po,39,671,2015,6,9,0,14,0,0,1,23
504,Po,39,672,2010,1,NA,1,1,3,1,0,0
504,Po,39,672,2011,2,1,3,3,3,1,0,0
504,Po,39,672,2012,3,3,7,3,3,1,0,0
504,Po,39,672,2013,4,7,0,3,0,0,0,0
505,Po,39,673,2011,1,1,0,0.5,0,0,0,0
506,Po,39,674,2011,1,1,0,1,0,0,0,0
507,Po,39,675,2011,1,1,0,1,0,0,0,0
508,Po,39,676,2011,1,2,0,3.5,0,0,0,0
509,Po,39,677,2011,1,NA,0,2,0,0,0,0
510,Po,39,682,2012,1,1,0,1,0,0,0,0
511,Po,39,697,2012,1,0.5,2,1,3,1,0,0
511,Po,39,697,2013,2,2,2.5,3,1.5,1,0,0
511,Po,39,697,2014,3,2.5,0,1.5,0,0,0,0
512,Po,39,702,2013,1,1.5,4.5,4,5,1,0,0
512,Po,39,702,2014,2,4.5,5,5,10,1,0,0
512,Po,39,702,2015,3,5,8,10,12,1,0,0
512,Po,39,702,2016,4,8,8,12,7,1,0,0
512,Po,39,702,2017,5,8,0,7,0,0,1,14
513,Po,39,703,2013,1,0.5,1.5,0.5,1.5,1,0,0
513,Po,39,703,2014,2,1.5,0,1.5,0,0,0,0
514,Po,39,704,2013,1,1.5,1.5,1,1.5,1,0,0
514,Po,39,704,2014,2,1.5,0,1.5,0,0,0,0
515,Po,39,705,2013,1,1,1.5,2.5,1.5,1,0,0
515,Po,39,705,2014,2,1.5,0,1.5,0,0,0,0
516,Po,39,706,2013,1,1.5,2,3,9,1,0,0
516,Po,39,706,2014,2,2,5,9,6,1,0,0
516,Po,39,706,2015,3,5,7,6,9,1,0,0
516,Po,39,706,2016,4,7,0,9,0,0,0,0
517,Po,39,707,2013,1,2.5,0,4,0,0,0,0
518,Po,39,708,2013,1,0.5,0,2,0,0,0,0
519,Po,39,714,2013,1,1,4,1,4.5,1,0,0
519,Po,39,714,2014,2,4,3.5,4.5,5,1,0,0
519,Po,39,714,2015,3,3.5,4,5,5,1,0,0
519,Po,39,714,2016,4,4,0,5,0,0,0,0
520,Po,39,715,2013,1,1.5,3,3.5,4,1,0,0
520,Po,39,715,2014,2,3,3,4,3.5,1,0,0
520,Po,39,715,2015,3,3,0,3.5,0,0,0,0
521,Po,39,716,2013,1,1,0,3,0,0,0,0
522,Po,39,717,2013,1,1.5,3.5,4.5,3.5,1,0,0
522,Po,39,717,2014,2,3.5,0,3.5,0,0,0,0
523,Po,39,718,2013,1,2,0,3,0,0,0,0
524,Po,39,719,2013,1,1,0,2,0,0,0,0
525,Po,39,720,2013,1,1,0,2,0,0,0,0
526,Po,39,721,2013,1,1,0,2,0,0,0,0
527,Po,39,722,2013,1,1,0,2,0,0,0,0
528,Po,39,723,2013,1,1,0,2,0,0,0,0
529,Po,39,724,2013,1,1,0,2,0,0,0,0
530,Po,39,725,2013,1,1.5,0,2,0,0,0,0
531,Po,39,726,2013,1,1.5,0,2,0,0,0,0
532,Po,39,729,2014,1,4,8,4.5,10,1,0,0
532,Po,39,729,2015,2,8,10,10,10,1,0,0
532,Po,39,729,2016,3,10,10,10,10.5,1,0,0
532,Po,39,729,2017,4,10,0,10.5,0,0,0,0
533,Po,39,731,2014,1,0.5,5,2,7,1,0,0
533,Po,39,731,2015,2,5,7,7,8,1,0,0
533,Po,39,731,2016,3,7,0,8,0,0,0,0
534,Po,39,733,2015,1,1,2,2,2.5,1,0,0
534,Po,39,733,2016,2,2,3,2.5,4,1,0,0
534,Po,39,733,2017,3,3,0,4,0,0,0,0
535,Po,39,736,2016,1,0.5,0,0.5,0,0,0,0
536,Po,39,737,2017,1,1,0,1,0,0,0,0
537,Po,39,741,2018,1,1.5,3,2.5,4,1,0,0
537,Po,39,741,2019,2,3,0,4,0,0,0,0
538,Po,39,742,2018,1,1.5,3.5,2.5,5,1,0,0
538,Po,39,742,2019,2,3.5,0,5,0,0,0,0
539,Po,39,743,2018,1,1,3.5,1.5,4,1,0,0
539,Po,39,743,2019,2,3.5,0,4,0,0,0,0
540,Po,39,746,2018,1,1,4,2,5,1,0,0
540,Po,39,746,2019,2,4,0,5,0,0,0,0
541,Po,39,747,2018,1,0.5,0,1,0,0,0,0
542,Po,39,748,2018,1,1.5,2,1.5,3,1,0,0
542,Po,39,748,2019,2,2,0,3,0,0,0,0
543,Po,39,754,2019,1,2,0,2.5,0,0,0,0
544,Po,39,755,2019,1,1,0,2.5,0,0,0,0
545,Po,39,756,2019,1,1,0,2.5,0,0,0,0
546,Po,39,757,2019,1,1,0,1,0,0,0,0
547,Po,39,758,2019,1,1,0,1.5,0,0,0,0
548,Po,39,760,2019,1,1,0,1.5,0,0,0,0
549,Po,39,761,2019,1,1,0,1.5,0,0,0,0
550,Po,39,762,2019,1,1,0,1.5,0,0,0,0
551,Po,39,763,2019,1,1,0,1.5,0,0,0,0
552,Po,39,764,2019,1,1,0,1.5,0,0,0,0
553,Po,39,765,2019,1,1,0,1.5,0,0,0,0
554,Po,39,767,2019,1,0.5,0,1.5,0,0,0,0
555,Po,39,768,2019,1,0.5,0,0.5,0,0,0,0
556,Po,39,769,2019,1,0.5,0,0.5,0,0,0,0
557,Po,39,770,2019,1,0.5,0,0.5,0,0,0,0
558,Po,39,771,2019,1,0.5,0,0.5,0,0,0,0
559,Po,39,772,2019,1,0.5,0,0.5,0,0,0,0
560,Po,39,773,2019,1,0.5,0,0.5,0,0,0,0
561,Po,39,774,2019,1,0.5,0,0.5,0,0,0,0
562,Po,39,775,2019,1,0.5,0,0.5,0,0,0,0
563,Po,39,776,2019,1,0.5,0,0.5,0,0,0,0
564,Po,39,777,2019,1,0.5,0,0.5,0,0,0,0
565,Po,39,778,2019,1,0.5,0,0.5,0,0,0,0
566,Po,39,779,2019,1,0.5,0,0.5,0,0,0,0
567,Po,39,786,2019,1,2,0,2.5,0,0,0,0
568,Po,39,788,2019,1,1.5,0,2,0,0,0,0
569,Po,39,789,2019,1,1,0,2.5,0,0,0,0
570,Po,39,795,2019,1,1,0,1.5,0,0,0,0
571,Po,39,796,2019,1,1,0,1.5,0,0,0,0
572,Po,39,797,2019,1,1,0,1,0,0,0,0
573,Po,39,798,2019,1,1,0,1.5,0,0,0,0
574,Po,39,799,2019,1,1,0,1,0,0,0,0
575,Po,39,800,2019,1,1,0,1,0,0,0,0
576,Po,39,801,2019,1,1,0,1,0,0,0,0
577,Po,39,802,2019,1,1,0,1,0,0,0,0
578,Po,39,803,2019,1,1,0,1,0,0,0,0
579,Po,39,804,2019,1,1,0,1,0,0,0,0
580,Po,39,805,2019,1,1,0,1,0,0,0,0
581,Po,39,806,2019,1,1,0,1,0,0,0,0
582,Po,39,807,2019,1,1,0,1,0,0,0,0
583,Po,39,808,2019,1,1,0,1,0,0,0,0
584,Po,39,810,2019,1,1,0,1,0,0,0,0
585,Po,39,811,2019,1,1,0,1,0,0,0,0
586,Po,39,812,2019,1,1,0,1,0,0,0,0
587,Po,39,813,2019,1,1,0,1,0,0,0,0
588,Po,39,814,2019,1,1,0,1,0,0,0,0
589,Po,39,815,2019,1,1,0,1,0,0,0,0
590,Po,39,816,2019,1,1,0,1,0,0,0,0
591,Po,39,817,2019,1,1,0,1,0,0,0,0
592,Po,39,818,2019,1,1,0,1,0,0,0,0
593,Po,39,819,2019,1,1,0,1,0,0,0,0
594,Po,39,820,2019,1,1,0,1,0,0,0,0
595,Po,39,821,2019,1,1,0,1,0,0,0,0
596,Po,39,822,2019,1,1,0,1,0,0,0,0
597,Po,39,829,2019,1,1.5,0,3,0,0,0,0
598,Po,39,830,2019,1,1.5,0,2,0,0,0,0
599,Po,39,831,2019,1,1,0,1,0,0,0,0
600,Po,94,4,2021,1,1.5,0,1.5,0,0,0,0
601,Po,94,12,2021,1,2,0,2,0,0,0,0
602,Po,94,21,2021,1,0.5,0,1,0,0,0,0
603,Po,94,22,2021,1,1,0,1,0,0,0,0
604,Po,94,23,2021,1,1,0,1,0,0,0,0
605,Po,94,40,2021,1,1,0,2,0,0,0,0
606,Po,94,42,2021,1,1,0,2,0,0,0,0
607,Po,94,43,2021,1,1,0,1.5,0,0,0,0
608,Po,94,44,2021,1,1,0,1.5,0,0,0,0
609,Po,94,47,2021,1,1,0,2.5,0,0,0,0
610,Po,94,50,2022,1,1.5,NA,2.5,NA,NA,0,0
611,Po,94,51,2022,1,1.5,NA,3,NA,NA,0,0
612,Po,94,53,2022,1,1,NA,2,NA,NA,0,0
613,Po,94,55,2022,1,1,NA,1,NA,NA,0,0
614,Po,94,56,2022,1,1,NA,1,NA,NA,0,0
615,Po,94,57,2022,1,1,NA,1,NA,NA,0,0
616,Po,94,59,2022,1,1,NA,2,NA,NA,0,0
617,Po,94,61,2022,1,1,NA,2,NA,NA,0,0
618,Po,94,62,2022,1,1,NA,2,NA,NA,0,0
619,Po,95,1,2021,1,1,0,2,0,0,0,0
620,Po,95,3,2021,1,1,0,6,0,0,0,0
621,Po,95,9,2021,1,4.5,0,3,0,0,0,0
622,Po,95,11,2021,1,1,1,1,2,1,0,0
622,Po,95,11,2022,2,1,NA,2,NA,NA,0,0
623,Po,95,13,2021,1,1,0,2,0,0,0,0
624,Po,95,14,2021,1,1.5,0,1.5,0,0,0,0
625,Po,95,16,2021,1,1,0,1.5,0,0,0,0
626,Po,95,17,2021,1,1,0,2.5,0,0,0,0
627,Po,95,21,2021,1,1,0,1.5,0,0,0,0
628,Po,95,22,2021,1,1,0,1,0,0,0,0
629,Po,95,24,2021,1,1,0,2,0,0,0,0
630,Po,95,26,2021,1,1.5,0,5,0,0,0,0
631,Po,95,27,2021,NA,7.5,0,5.5,0,0,0,0
632,Po,95,28,2021,NA,9.5,7,8.5,8,1,0,0
632,Po,95,28,2022,NA,7,NA,8,NA,NA,0,0
633,Po,95,29,2021,NA,10,7,3.5,8.5,1,0,0
633,Po,95,29,2022,NA,7,NA,8.5,NA,NA,0,0
634,Po,95,30,2021,NA,5.5,0,3.5,0,0,0,0
635,Po,95,31,2021,NA,3.5,0,5,0,0,0,0
636,Po,95,37,2021,1,1.5,0,1.5,0,0,0,0
637,Po,95,38,2021,1,1,0,1.5,0,0,0,0
638,Po,95,39,2021,1,0.5,0,1.5,0,0,0,0
639,Po,95,40,2021,1,3.5,0,3.5,0,0,0,0
640,Po,95,41,2022,1,1,NA,1,NA,NA,0,0
641,Po,95,43,2022,1,1,NA,1.5,NA,NA,0,0
642,Po,95,45,2022,1,2,NA,3,NA,NA,0,0
643,Au,3,1,1994,NA,NA,0,5.5,0,0,0,0
644,Au,3,2,1994,NA,NA,8.5,8,10,1,0,0
644,Au,3,2,1995,NA,8.5,8,10,14.5,1,0,0
644,Au,3,2,1996,NA,8,16,14.5,14,1,0,0
644,Au,3,2,1997,NA,16,0,14,0,0,1,NA
645,Au,3,3,1994,NA,NA,9.5,12.5,10,1,0,0
645,Au,3,3,1995,NA,9.5,7,10,9.5,1,0,0
645,Au,3,3,1996,NA,7,0,9.5,0,0,1,2
646,Au,3,4,1994,NA,NA,12,8.5,13,1,0,0
646,Au,3,4,1995,NA,12,8,13,11,1,0,0
646,Au,3,4,1996,NA,8,0,11,0,0,1,8
647,Au,3,5,1994,NA,NA,0,5,0,0,0,0
648,Au,3,6,1994,NA,NA,0,3.5,0,0,0,0
649,Au,3,7,1994,NA,NA,3.5,4.5,5.5,1,0,0
649,Au,3,7,1995,NA,3.5,2.5,5.5,5.5,1,0,0
649,Au,3,7,1996,NA,2.5,0,5.5,0,0,0,0
650,Au,3,8,1994,NA,NA,0,6,0,0,0,0
651,Au,3,9,1994,NA,NA,7,8.5,8,1,0,0
651,Au,3,9,1995,NA,7,0,8,0,0,0,0
652,Au,3,10,1994,NA,NA,2.5,4,4.5,1,0,0
652,Au,3,10,1995,NA,2.5,4,4.5,7.5,1,0,0
652,Au,3,10,1996,NA,4,4,7.5,6,1,0,0
652,Au,3,10,1997,NA,4,0,6,0,0,0,0
653,Au,3,11,1994,NA,NA,0,6.5,0,0,0,0
654,Au,3,12,1994,NA,NA,0,1,0,0,0,0
655,Au,3,13,1994,NA,NA,2.5,3.5,3.5,1,0,0
655,Au,3,13,1995,NA,2.5,2,3.5,2.5,1,0,0
655,Au,3,13,1996,NA,2,1.5,2.5,1.5,1,0,0
655,Au,3,13,1997,NA,1.5,0,1.5,0,0,0,0
656,Au,3,14,1994,NA,NA,5,4,6.5,1,0,0
656,Au,3,14,1995,NA,5,4,6.5,8,1,0,0
656,Au,3,14,1996,NA,4,5.5,8,8,1,0,0
656,Au,3,14,1997,NA,5.5,7,8,7.5,1,0,0
656,Au,3,14,1998,NA,7,6.5,7.5,10.5,1,0,0
656,Au,3,14,1999,NA,6.5,5,10.5,5.5,1,0,0
656,Au,3,14,2000,NA,5,0,5.5,0,0,1,3
657,Au,3,15,1994,NA,NA,6,9,9,1,0,0
657,Au,3,15,1995,NA,6,7,9,11,1,0,0
657,Au,3,15,1996,NA,7,0.5,11,8,1,0,0
657,Au,3,15,1997,NA,0.5,2.5,8,4,1,0,0
657,Au,3,15,1998,NA,2.5,0,4,0,0,0,0
658,Au,3,16,1994,NA,NA,5,7,7,1,0,0
658,Au,3,16,1995,NA,5,5.5,7,10,1,0,0
658,Au,3,16,1996,NA,5.5,8.5,10,9.5,1,0,0
658,Au,3,16,1997,NA,8.5,10,9.5,8.5,1,0,0
658,Au,3,16,1998,NA,10,0,8.5,0,0,0,0
659,Au,3,17,1994,NA,NA,0,5.5,0,0,0,0
660,Au,3,18,1994,NA,NA,0,14,0,0,1,32
661,Au,3,19,1994,NA,NA,0,13,0,0,1,19
662,Au,3,20,1994,NA,NA,13,11,18,1,0,0
662,Au,3,20,1995,NA,13,0,18,0,0,1,32
663,Au,3,22,1995,1,1.5,0,1.5,0,0,0,0
664,Au,3,25,1996,1,1,0,1,0,0,0,0
665,Au,3,26,1996,1,1,9,2,12,1,0,0
665,Au,3,26,1997,2,9,13.5,12,12,1,0,0
665,Au,3,26,1998,3,13.5,0,12,0,0,1,12
666,Au,3,28,1996,1,2,9,3,10,1,0,0
666,Au,3,28,1997,2,9,11,10,14,1,0,0
666,Au,3,28,1998,3,11,12,14,11,1,0,0
666,Au,3,28,1999,4,12,0,11,0,0,1,23
667,Au,3,29,1996,1,1.5,6.5,3.5,8.5,1,0,0
667,Au,3,29,1997,2,6.5,9.5,8.5,12.5,1,0,0
667,Au,3,29,1998,3,9.5,13,12.5,13.5,1,0,0
667,Au,3,29,1999,4,13,11,13.5,12,1,0,0
667,Au,3,29,2000,5,11,0,12,0,0,1,12
668,Au,3,30,1996,1,1,0,1,0,0,0,0
669,Au,3,31,1996,1,2,7.5,1.5,7.5,1,0,0
669,Au,3,31,1997,2,7.5,10,7.5,10.5,1,0,0
669,Au,3,31,1998,3,10,10,10.5,14,1,0,0
669,Au,3,31,1999,4,10,11,14,12,1,0,0
669,Au,3,31,2000,5,11,0,12,0,0,1,14
670,Au,3,33,1996,1,1,5,1.5,7.5,1,0,0
670,Au,3,33,1997,2,5,9,7.5,13,1,0,0
670,Au,3,33,1998,3,9,12,13,15,1,0,0
670,Au,3,33,1999,4,12,13,15,14,1,0,0
670,Au,3,33,2000,5,13,0,14,0,0,1,20
671,Au,3,34,1996,1,0.5,2.5,1,2.5,1,0,0
671,Au,3,34,1997,2,2.5,2.5,2.5,3.5,1,0,0
671,Au,3,34,1998,3,2.5,4,3.5,4,1,0,0
671,Au,3,34,1999,4,4,5.5,4,6,1,0,0
671,Au,3,34,2000,5,5.5,2.5,6,5.5,1,0,0
671,Au,3,34,2001,6,2.5,4,5.5,5,1,0,0
671,Au,3,34,2002,7,4,0,5,0,0,0,0
672,Au,3,35,1996,1,3,10,5.5,12,1,0,0
672,Au,3,35,1997,2,10,7.5,12,10,1,0,0
672,Au,3,35,1998,3,7.5,11,10,10,1,0,0
672,Au,3,35,1999,4,11,8,10,14,1,0,0
672,Au,3,35,2000,5,8,4,14,10.5,1,0,0
672,Au,3,35,2001,6,4,13,10.5,16,1,0,0
672,Au,3,35,2002,7,13,10,16,17.5,1,0,0
672,Au,3,35,2003,8,10,9.5,17.5,13.5,1,0,0
672,Au,3,35,2004,9,9.5,0,13.5,0,0,0,0
673,Au,3,36,1996,1,0.5,0,2,0,0,0,0
674,Au,3,37,1996,1,NA,2.5,0.5,2,1,0,0
674,Au,3,37,1997,2,2.5,0,2,0,0,0,0
675,Au,3,45,1997,1,2,0,3.5,0,0,0,0
676,Au,3,46,1997,1,3,0,3.5,0,0,0,0
677,Au,3,49,1997,1,1,3.5,2.5,8.5,1,0,0
677,Au,3,49,1998,2,3.5,6.5,8.5,10,1,0,0
677,Au,3,49,1999,3,6.5,9,10,14.5,1,0,0
677,Au,3,49,2000,4,9,5,14.5,7,1,0,0
677,Au,3,49,2001,5,5,7.5,7,11,1,1,NA
677,Au,3,49,2002,6,7.5,8,11,15.5,1,0,0
677,Au,3,49,2003,7,8,11.5,15.5,19.5,1,0,0
677,Au,3,49,2004,8,11.5,0,19.5,0,0,0,0
678,Au,3,50,1997,1,2,4.5,4.5,7,1,0,0
678,Au,3,50,1998,2,4.5,7,7,9,1,0,0
678,Au,3,50,1999,3,7,10,9,12,1,0,0
678,Au,3,50,2000,4,10,5.5,12,8,1,0,0
678,Au,3,50,2001,5,5.5,9,8,13.5,1,0,0
678,Au,3,50,2002,6,9,7.5,13.5,13.5,1,0,0
678,Au,3,50,2003,7,7.5,12,13.5,19.5,1,0,0
678,Au,3,50,2004,8,12,10,19.5,20,1,0,0
678,Au,3,50,2005,9,10,11.5,20,10,1,0,0
678,Au,3,50,2006,10,11.5,0,10,0,0,0,0
679,Au,3,55,1997,1,1.5,0,1.5,0,0,0,0
680,Au,3,56,1997,1,1,3,2,3,1,0,0
680,Au,3,56,1998,2,3,7,3,8,1,0,0
680,Au,3,56,1999,3,7,10,8,11,1,0,0
680,Au,3,56,2000,4,10,10,11,6,1,0,0
680,Au,3,56,2001,5,10,0,6,0,0,1,NA
681,Au,3,60,1999,1,1.5,1,3,3.5,1,0,0
681,Au,3,60,2000,2,1,0,3.5,0,0,0,0
682,Au,3,62,1999,1,1,0,1.5,0,0,0,0
683,Au,3,63,1999,1,0.5,0,2,0,0,0,0
684,Au,3,66,1999,1,NA,0,0.5,0,0,0,0
685,Au,3,67,1999,1,NA,1.5,1,2.5,1,0,0
685,Au,3,67,2000,2,1.5,2.5,2.5,2,1,0,0
685,Au,3,67,2001,3,2.5,0,2,0,0,0,0
686,Au,3,68,1999,1,NA,0,0.5,0,0,0,0
687,Au,3,69,2000,1,1.5,0,2,0,0,0,0
688,Au,3,71,2000,1,1,0,3,0,0,0,0
689,Au,3,72,2000,1,1.5,0,2.5,0,0,0,0
690,Au,3,74,2000,1,NA,3,1,3,1,0,0
690,Au,3,74,2001,2,3,3.5,3,4,1,0,0
690,Au,3,74,2002,3,3.5,3.5,4,6,1,0,0
690,Au,3,74,2003,4,3.5,0,6,0,0,0,0
691,Au,3,76,2001,1,1,3.5,3,4,1,0,0
691,Au,3,76,2002,2,3.5,0,4,0,0,0,0
692,Au,3,79,2001,1,1,0,1.5,0,0,0,0
693,Au,3,80,2001,1,1.5,0,1,0,0,0,0
694,Au,3,82,2001,1,1,0,0.5,0,0,0,0
695,Au,3,84,2001,1,1.5,2,0.5,2.5,1,0,0
695,Au,3,84,2002,2,2,1.5,2.5,3,1,0,0
695,Au,3,84,2003,3,1.5,0,3,0,0,0,0
696,Au,3,86,2001,1,1,0,0.5,0,0,0,0
697,Au,3,93,2001,1,1,2,1,2.5,1,0,0
697,Au,3,93,2002,2,2,5,2.5,7.5,1,0,0
697,Au,3,93,2003,3,5,4,7.5,5,1,0,0
697,Au,3,93,2004,4,4,4,5,6,1,0,0
697,Au,3,93,2005,5,4,0,6,0,0,0,0
698,Au,3,95,2001,1,1,0,1,0,0,0,0
699,Au,3,97,2001,1,1,1.5,1,2.5,1,0,0
699,Au,3,97,2002,2,1.5,0,2.5,0,0,0,0
700,Au,3,98,2001,1,1.5,2.5,1,2.5,1,0,0
700,Au,3,98,2002,2,2.5,2,2.5,2.5,1,0,0
700,Au,3,98,2003,3,2,0,2.5,0,0,0,0
701,Au,3,100,2001,1,1.5,1.5,0.5,1,1,0,0
701,Au,3,100,2002,2,1.5,0,1,0,0,0,0
702,Au,3,101,2001,1,1,0,1,0,0,0,0
703,Au,3,102,2001,1,1,0,0.5,0,0,0,0
704,Au,3,103,2001,1,1,2,1,1.5,1,0,0
704,Au,3,103,2002,2,2,0,1.5,0,0,0,0
705,Au,3,104,2001,1,1,0,1,0,0,0,0
706,Au,3,106,2001,1,1,0,1,0,0,0,0
707,Au,3,112,2001,1,1.5,0,2,0,0,0,0
708,Au,3,113,2001,1,1.5,0,1,0,0,0,0
709,Au,3,114,1999,1,1,4.5,1.5,4,1,0,0
709,Au,3,114,2000,2,4.5,8,4,0.5,1,0,0
709,Au,3,114,2001,3,8,0,0.5,0,0,0,0
710,Au,3,115,2001,1,0.5,5,1.5,7.5,1,0,0
710,Au,3,115,2002,2,5,5,7.5,7,1,0,0
710,Au,3,115,2003,3,5,0,7,0,0,0,0
711,Au,3,116,2001,1,1.5,0,0.5,0,0,0,0
712,Au,3,119,2001,1,0.5,0,0.5,0,0,0,0
713,Au,3,122,2001,1,1,0,0.5,0,0,0,0
714,Au,3,125,2001,1,0.5,4,2,6.5,1,0,0
714,Au,3,125,2002,2,4,7.5,6.5,10,1,0,0
714,Au,3,125,2003,3,7.5,10,10,9.5,1,0,0
714,Au,3,125,2004,4,10,5,9.5,9.5,1,0,0
714,Au,3,125,2005,5,5,7.5,9.5,7,1,0,0
714,Au,3,125,2006,6,7.5,0,7,0,0,0,0
715,Au,3,126,2002,1,2.5,7,4,10.5,1,0,0
715,Au,3,126,2003,2,7,9,10.5,11,1,0,0
715,Au,3,126,2004,3,9,9,11,12,1,0,0
715,Au,3,126,2005,4,9,8,12,6.5,1,0,0
715,Au,3,126,2006,5,8,0,6.5,0,0,1,NA
716,Au,3,127,2002,1,2,0,1.5,0,0,0,0
717,Au,3,128,2002,1,0.5,0,2.5,0,0,0,0
718,Au,3,130,2002,1,1.5,0,1,0,0,0,0
719,Au,3,131,2002,1,1.5,0,1,0,0,0,0
720,Au,3,132,2002,1,1,0,1,0,0,0,0
721,Au,3,133,2002,1,1.5,0,2,0,0,0,0
722,Au,3,134,2002,1,1.5,0,1,0,0,0,0
723,Au,3,137,2002,1,1,1,1.5,1,1,0,0
723,Au,3,137,2003,2,1,0,1,0,0,0,0
724,Au,3,138,2002,1,1,0,1,0,0,0,0
725,Au,3,139,2002,1,NA,4.5,0.5,6.5,1,0,0
725,Au,3,139,2003,2,4.5,1.5,6.5,4,1,0,0
725,Au,3,139,2004,3,1.5,3.5,4,1.5,1,0,0
725,Au,3,139,2005,4,3.5,0,1.5,0,0,0,0
726,Au,3,141,2004,1,0.5,0,3,0,0,0,0
727,Au,3,142,2004,1,NA,0,3,0,0,0,0
728,Au,3,146,2008,1,0.5,0,0.5,0,0,0,0
729,Au,3,147,2008,1,1,0,2,0,0,0,0
730,Au,3,149,2016,1,3,0,3,0,0,0,0
731,Au,3,150,2016,1,1.5,0,1,0,0,0,0
732,Au,3,153,2017,1,3,0,5,0,0,0,0
733,Au,3,154,2017,1,NA,0,0.5,0,0,0,0
734,Au,4,1,1994,NA,NA,8.5,8,8,1,0,0
734,Au,4,1,1995,NA,8.5,7,8,11,1,0,0
734,Au,4,1,1996,NA,7,9.5,11,9.5,1,0,0
734,Au,4,1,1997,NA,9.5,8.5,9.5,9,1,0,0
734,Au,4,1,1998,NA,8.5,11.5,9,16,1,0,0
734,Au,4,1,1999,NA,11.5,15.5,16,15,1,0,0
734,Au,4,1,2000,NA,15.5,0,15,0,0,1,14
735,Au,4,2,1994,NA,NA,0,3.5,0,0,0,0
736,Au,4,3,1994,NA,NA,0,3.5,0,0,0,0
737,Au,4,4,1994,NA,NA,6,5,6.5,1,0,0
737,Au,4,4,1995,NA,6,5,6.5,10,1,0,0
737,Au,4,4,1996,NA,5,6,10,8,1,0,0
737,Au,4,4,1997,NA,6,5,8,6.5,1,0,0
737,Au,4,4,1998,NA,5,8,6.5,14,1,0,0
737,Au,4,4,1999,NA,8,10.5,14,16,1,0,0
737,Au,4,4,2000,NA,10.5,0,16,0,0,1,26
738,Au,4,5,1994,NA,NA,7,6.5,8.5,1,0,0
738,Au,4,5,1995,NA,7,6,8.5,8.5,1,0,0
738,Au,4,5,1996,NA,6,7,8.5,8.5,1,0,0
738,Au,4,5,1997,NA,7,0,8.5,0,0,1,NA
739,Au,4,6,1994,NA,NA,3.5,4,5.5,1,0,0
739,Au,4,6,1995,NA,3.5,3.5,5.5,6.5,1,0,0
739,Au,4,6,1996,NA,3.5,0,6.5,0,0,0,0
740,Au,4,7,1994,NA,NA,8.5,6.5,10,1,0,0
740,Au,4,7,1995,NA,8.5,9.5,10,12.5,1,0,0
740,Au,4,7,1996,NA,9.5,7,12.5,8.5,1,0,0
740,Au,4,7,1997,NA,7,8.5,8.5,7,1,0,0
740,Au,4,7,1998,NA,8.5,0,7,0,0,1,6
741,Au,4,8,1994,NA,NA,0,6,0,0,1,1
742,Au,4,9,1994,NA,NA,0,7,0,0,1,6
743,Au,4,10,1994,NA,NA,6,3,7.5,1,0,0
743,Au,4,10,1995,NA,6,6,7.5,8.5,1,0,0
743,Au,4,10,1996,NA,6,0,8.5,0,0,0,0
744,Au,4,11,1994,NA,NA,0,6.5,0,0,1,5
745,Au,4,12,1994,NA,NA,0,3,0,0,0,0
746,Au,4,13,1994,NA,NA,0,4,0,0,0,0
747,Au,4,14,1994,NA,NA,4,2,5.5,1,0,0
747,Au,4,14,1995,NA,4,0,5.5,0,0,0,0
748,Au,4,15,1994,NA,NA,9,7,7,1,0,0
748,Au,4,15,1995,NA,9,0,7,0,0,1,9
749,Au,4,16,1994,NA,NA,0,8.5,0,0,0,0
750,Au,4,17,1994,NA,NA,15.5,15,16.5,1,0,0
750,Au,4,17,1995,NA,15.5,0,16.5,0,0,1,5
751,Au,4,18,1994,NA,NA,4.5,3,7.5,1,0,0
751,Au,4,18,1995,NA,4.5,6,7.5,15,1,0,0
751,Au,4,18,1996,NA,6,7.5,15,7.5,1,0,0
751,Au,4,18,1997,NA,7.5,0,7.5,0,0,1,NA
752,Au,4,19,1994,NA,NA,0,4.5,0,0,0,0
753,Au,4,20,1994,NA,NA,0,3,0,0,0,0
754,Au,4,21,1994,NA,NA,6,8,7.5,1,0,0
754,Au,4,21,1995,NA,6,8.5,7.5,8,1,0,0
754,Au,4,21,1996,NA,8.5,0,8,0,0,1,1
755,Au,4,22,1994,NA,NA,0,9.5,0,0,1,4
756,Au,4,23,1994,NA,NA,0,9.5,0,0,0,0
757,Au,4,24,1994,NA,NA,0,4.5,0,0,0,0
758,Au,4,25,1994,NA,NA,0,6,0,0,0,0
759,Au,4,26,1994,NA,NA,0,4,0,0,0,0
760,Au,4,27,1994,NA,NA,0,4,0,0,0,0
761,Au,4,28,1994,NA,NA,6,5,5,1,0,0
761,Au,4,28,1995,NA,6,3,5,6.5,1,0,0
761,Au,4,28,1996,NA,3,0,6.5,0,0,0,0
762,Au,4,29,1994,NA,NA,11,9,10,1,0,0
762,Au,4,29,1995,NA,11,12,10,13,1,0,0
762,Au,4,29,1996,NA,12,14,13,11,1,0,0
762,Au,4,29,1997,NA,14,8,11,6,1,0,0
762,Au,4,29,1998,NA,8,0,6,0,0,0,0
763,Au,4,30,1994,NA,NA,7.5,6,6.5,1,0,0
763,Au,4,30,1995,NA,7.5,6,6.5,11.5,1,0,0
763,Au,4,30,1996,NA,6,9.5,11.5,6.5,1,0,0
763,Au,4,30,1997,NA,9.5,0,6.5,0,0,0,0
764,Au,4,31,1994,NA,NA,7.5,9,7.5,1,0,0
764,Au,4,31,1995,NA,7.5,5,7.5,7.5,1,0,0
764,Au,4,31,1996,NA,5,0,7.5,0,0,0,0
765,Au,4,32,1994,NA,NA,3,2,4,1,0,0
765,Au,4,32,1995,NA,3,5,4,6,1,0,0
765,Au,4,32,1996,NA,5,0,6,0,0,0,0
766,Au,4,33,1994,NA,NA,0,10,0,0,0,0
767,Au,4,34,1994,NA,NA,0,14.5,0,0,0,0
768,Au,4,35,1994,NA,NA,2,5,4,1,0,0
768,Au,4,35,1995,NA,2,0,4,0,0,0,0
769,Au,4,36,1994,NA,NA,7.5,2,7,1,0,0
769,Au,4,36,1995,NA,7.5,6.5,7,13.5,1,0,0
769,Au,4,36,1996,NA,6.5,13,13.5,14,1,0,0
769,Au,4,36,1997,NA,13,14.5,14,12.5,1,0,0
769,Au,4,36,1998,NA,14.5,0,12.5,0,0,1,17
770,Au,4,37,1994,NA,NA,6,5,8,1,0,0
770,Au,4,37,1995,NA,6,9.5,8,12,1,0,0
770,Au,4,37,1996,NA,9.5,0,12,0,0,0,0
771,Au,4,39,1995,1,2,0,2,0,0,0,0
772,Au,4,40,1995,1,3,0,3,0,0,0,0
773,Au,4,41,1995,1,2,0,2.5,0,0,0,0
774,Au,4,42,1995,1,1.5,0,2,0,0,0,0
775,Au,4,43,1995,1,1.5,2,2.5,4,1,0,0
775,Au,4,43,1996,2,2,0,4,0,0,0,0
776,Au,4,44,1995,1,1.5,0,1,0,0,0,0
777,Au,4,45,1995,1,2.5,1.5,3.5,2.5,1,0,0
777,Au,4,45,1996,2,1.5,0,2.5,0,0,0,0
778,Au,4,46,1995,1,3,3.5,3,3,1,0,0
778,Au,4,46,1996,2,3.5,0,3,0,0,0,0
779,Au,4,53,1995,1,3.5,0,3,0,0,0,0
780,Au,4,54,1995,1,2,0,2,0,0,0,0
781,Au,4,55,1995,1,2.5,0,2.5,0,0,0,0
782,Au,4,56,1995,1,2,5,1.5,6,1,0,0
782,Au,4,56,1996,2,5,0,6,0,0,0,0
783,Au,4,59,1995,1,1.5,5,3,11,1,0,0
783,Au,4,59,1996,2,5,0,11,0,0,0,0
784,Au,4,60,1995,1,NA,1.5,2,1.5,1,0,0
784,Au,4,60,1996,2,1.5,0,1.5,0,0,0,0
785,Au,4,61,1996,1,3,0,5,0,0,0,0
786,Au,4,64,1996,1,1.5,0,2.5,0,0,0,0
787,Au,4,71,1998,1,0.5,0,0.5,0,0,0,0
788,Au,4,72,1998,1,0.5,0,0.5,0,0,0,0
789,Au,4,74,2000,1,3.5,3.5,3.5,2.5,1,0,0
789,Au,4,74,2001,2,3.5,3,2.5,5,1,0,0
789,Au,4,74,2002,3,3,3,5,5.5,1,0,0
789,Au,4,74,2003,4,3,0,5.5,0,0,0,0
790,Au,4,76,2000,1,2,0,2,0,0,0,0
791,Au,4,77,2000,1,4.5,0,5,0,0,0,0
792,Au,4,78,2000,1,2.5,8,6.5,9.5,1,0,0
792,Au,4,78,2001,2,8,11.5,9.5,12,1,0,0
792,Au,4,78,2002,3,11.5,13.5,12,17,1,0,0
792,Au,4,78,2003,4,13.5,10,17,14,1,0,0
792,Au,4,78,2004,5,10,0,14,0,0,0,0
793,Au,4,79,2001,1,2.5,0,1.5,0,0,0,0
794,Au,4,80,2001,1,2.5,0,1.5,0,0,0,0
795,Au,4,81,2001,1,2.5,0,2.5,0,0,0,0
796,Au,4,82,2001,1,1,2,1.5,4,1,0,0
796,Au,4,82,2002,2,2,4,4,7,1,0,0
796,Au,4,82,2003,3,4,0,7,0,0,0,0
797,Au,4,83,2001,1,0.5,0,1,0,0,0,0
798,Au,4,84,2001,1,1,0,2.5,0,0,0,0
799,Au,4,85,2001,1,2,4,1.5,8.5,1,0,0
799,Au,4,85,2002,2,4,7,8.5,12.5,1,0,0
799,Au,4,85,2003,3,7,12.5,12.5,20.5,1,0,0
799,Au,4,85,2004,4,12.5,17,20.5,23,1,0,0
799,Au,4,85,2005,5,17,21,23,19,1,0,0
799,Au,4,85,2006,6,21,0,19,0,0,1,NA
800,Au,4,86,2001,1,1.5,3.5,1,5.5,1,0,0
800,Au,4,86,2002,2,3.5,5,5.5,7,1,0,0
800,Au,4,86,2003,3,5,0,7,0,0,0,0
801,Au,4,87,2001,1,5.5,8,6,11,1,0,0
801,Au,4,87,2002,2,8,6,11,14.5,1,0,0
801,Au,4,87,2003,3,6,15,14.5,19.5,1,0,0
801,Au,4,87,2004,4,15,15.5,19.5,22,1,0,0
801,Au,4,87,2005,5,15.5,16,22,18,1,0,0
801,Au,4,87,2006,6,16,0,18,0,0,1,NA
802,Au,4,88,2001,1,1,4.5,1.5,8.5,1,0,0
802,Au,4,88,2002,2,4.5,5,8.5,10.5,1,0,0
802,Au,4,88,2003,3,5,0,10.5,0,0,0,0
803,Au,4,89,2001,1,1.5,4,1.5,7,1,0,0
803,Au,4,89,2002,2,4,6,7,9.5,1,0,0
803,Au,4,89,2003,3,6,4.5,9.5,2,1,0,0
803,Au,4,89,2004,4,4.5,2.5,2,5,1,0,0
803,Au,4,89,2005,5,2.5,6,5,4.5,1,0,0
803,Au,4,89,2006,6,6,5.5,4.5,6,1,0,0
803,Au,4,89,2007,7,5.5,6,6,9,1,0,0
803,Au,4,89,2008,8,6,7,9,12,1,0,0
803,Au,4,89,2009,9,7,0,12,0,0,0,0
804,Au,4,92,2002,1,3,3.5,2.5,5.5,1,0,0
804,Au,4,92,2003,2,3.5,4,5.5,5.5,1,0,0
804,Au,4,92,2004,3,4,4,5.5,8,1,0,0
804,Au,4,92,2005,4,4,9.5,8,7.5,1,0,0
804,Au,4,92,2006,5,9.5,8,7.5,12,1,0,0
804,Au,4,92,2007,6,8,10,12,14,1,0,0
804,Au,4,92,2008,7,10,10,14,10,1,0,0
804,Au,4,92,2009,8,10,5,10,5,1,0,0
804,Au,4,92,2010,9,5,0,5,0,0,0,0
805,Au,4,96,2002,1,1,8,5.5,10.5,1,0,0
805,Au,4,96,2003,2,8,7,10.5,0.5,1,0,0
805,Au,4,96,2004,3,7,0,0.5,0,0,0,0
806,Au,4,97,2002,1,0.5,0,3,0,0,0,0
807,Au,4,98,2002,1,0.5,0,1,0,0,0,0
808,Au,4,99,2002,1,0.5,0,1,0,0,0,0
809,Au,4,100,2002,1,0.5,0,0.5,0,0,0,0
810,Au,4,105,2002,1,NA,5.5,0.5,7.5,1,0,0
810,Au,4,105,2003,2,5.5,0,7.5,0,0,0,0
811,Au,4,106,2002,1,NA,15,1.5,13.5,1,0,0
811,Au,4,106,2003,2,15,17,13.5,17.5,1,0,0
811,Au,4,106,2004,3,17,15,17.5,18,1,0,0
811,Au,4,106,2005,4,15,15,18,17,1,0,0
811,Au,4,106,2006,5,15,0,17,0,0,0,0
812,Au,4,108,2004,1,2.5,3,2,4.5,1,0,0
812,Au,4,108,2005,2,3,4,4.5,3,1,0,0
812,Au,4,108,2006,3,4,8.5,3,8,1,0,0
812,Au,4,108,2007,4,8.5,7,8,7,1,0,0
812,Au,4,108,2008,5,7,6,7,10,1,0,0
812,Au,4,108,2009,6,6,8,10,9,1,0,0
812,Au,4,108,2010,7,8,6,9,17,1,0,0
812,Au,4,108,2011,8,6,0,17,0,0,1,NA
813,Au,4,111,2007,1,1,0,1,0,0,0,0
814,Au,4,118,2007,1,1,1,1,1,1,0,0
814,Au,4,118,2008,2,1,0,1,0,0,0,0
815,Au,4,121,2008,1,0.5,0,0.5,0,0,0,0
816,Au,4,122,2008,1,2,0,2,0,0,0,0
817,Au,4,123,2008,1,1,0,0.5,0,0,0,0
818,Au,4,124,2008,1,1,0,1,0,0,0,0
819,Au,4,125,2008,1,1,0,1,0,0,0,0
820,Au,4,128,2009,1,0.5,0,2,0,0,0,0
821,Au,4,129,2009,1,0.5,0,2,0,0,0,0
822,Au,4,130,2009,1,0.5,0,2,0,0,0,0
823,Au,4,131,2009,1,0.5,0,2,0,0,0,0
824,Au,4,132,2009,1,0.5,0,2,0,0,0,0
825,Au,4,133,2009,1,0.5,0,2,0,0,0,0
826,Au,4,134,2009,1,0.5,0,2,0,0,0,0
827,Au,4,135,2009,1,0.5,0,2,0,0,0,0
828,Au,4,136,2009,1,0.5,0,2,0,0,0,0
829,Au,4,137,2009,1,0.5,0,2,0,0,0,0
830,Au,4,141,2011,1,NA,0,2.5,0,0,0,0
831,Au,4,142,2011,1,NA,0,1.5,0,0,0,0
832,Au,4,143,2014,1,0.5,3,3.5,3,1,0,0
832,Au,4,143,2015,2,3,3.5,3,4,1,0,0
832,Au,4,143,2016,3,3.5,6,4,9.5,1,0,0
832,Au,4,143,2017,4,6,8,9.5,11,1,0,0
832,Au,4,143,2018,5,8,9,11,12.5,1,0,0
832,Au,4,143,2019,6,9,11,12.5,16.5,1,0,0
832,Au,4,143,2020,7,11,12,16.5,13.5,1,0,0
832,Au,4,143,2021,8,12,8,13.5,7,1,0,0
832,Au,4,143,2022,9,8,NA,7,NA,NA,0,0
833,Au,4,145,2017,1,NA,0,1,0,0,0,0
834,Au,4,146,2017,1,NA,6.5,3,10,1,0,0
834,Au,4,146,2018,2,6.5,8.5,10,11,1,0,0
834,Au,4,146,2019,3,8.5,11,11,15,1,0,0
834,Au,4,146,2020,4,11,13,15,14.5,1,0,0
834,Au,4,146,2021,5,13,11,14.5,10,1,0,0
834,Au,4,146,2022,6,11,NA,10,NA,NA,1,4
835,Au,5,1,1994,NA,NA,0,3,0,0,0,0
836,Au,5,2,1994,NA,NA,0,9,0,0,1,9
837,Au,5,3,1994,NA,NA,4.5,5.5,6,1,0,0
837,Au,5,3,1995,NA,4.5,5.5,6,10.5,1,0,0
837,Au,5,3,1996,NA,5.5,4.5,10.5,6,1,0,0
837,Au,5,3,1997,NA,4.5,0,6,0,0,1,NA
838,Au,5,4,1994,NA,NA,4,7.5,5.5,1,0,0
838,Au,5,4,1995,NA,4,5,5.5,7,1,0,0
838,Au,5,4,1996,NA,5,0,7,0,0,1,26
839,Au,5,5,1994,NA,NA,4.5,6,7,1,0,0
839,Au,5,5,1995,NA,4.5,0,7,0,0,0,0
840,Au,5,6,1994,NA,NA,3,6,5,1,0,0
840,Au,5,6,1995,NA,3,4.5,5,8.5,1,0,0
840,Au,5,6,1996,NA,4.5,6.5,8.5,8,1,0,0
840,Au,5,6,1997,NA,6.5,0,8,0,0,1,NA
841,Au,5,7,1994,NA,NA,0,3.5,0,0,0,0
842,Au,5,8,1994,NA,NA,10,9,8.5,1,0,0
842,Au,5,8,1995,NA,10,0,8.5,0,0,1,15
843,Au,5,9,1994,NA,NA,4.5,3.5,5,1,0,0
843,Au,5,9,1995,NA,4.5,4,5,7.5,1,0,0
843,Au,5,9,1996,NA,4,6.5,7.5,9.5,1,0,0
843,Au,5,9,1997,NA,6.5,9,9.5,11.5,1,0,0
843,Au,5,9,1998,NA,9,10,11.5,11,1,0,0
843,Au,5,9,1999,NA,10,0,11,0,0,1,66
844,Au,5,10,1994,NA,NA,3,2.5,3,1,0,0
844,Au,5,10,1995,NA,3,3.5,3,3,1,0,0
844,Au,5,10,1996,NA,3.5,0,3,0,0,0,0
845,Au,5,11,1994,NA,NA,0,3,0,0,0,0
846,Au,5,12,1994,NA,NA,0,1,0,0,0,0
847,Au,5,13,1994,NA,NA,3.5,3,4,1,0,0
847,Au,5,13,1995,NA,3.5,0,4,0,0,0,0
848,Au,5,14,1994,NA,NA,8,4,8.5,1,0,0
848,Au,5,14,1995,NA,8,9.5,8.5,11.5,1,0,0
848,Au,5,14,1996,NA,9.5,0,11.5,0,0,1,21
849,Au,5,15,1994,NA,NA,0,0.5,0,0,0,0
850,Au,5,16,1994,NA,NA,0,6,0,0,0,0
851,Au,5,17,1994,NA,NA,5.5,5.5,5.5,1,0,0
851,Au,5,17,1995,NA,5.5,6,5.5,10,1,0,0
851,Au,5,17,1996,NA,6,6.5,10,9.5,1,0,0
851,Au,5,17,1997,NA,6.5,0,9.5,0,0,0,0
852,Au,5,18,1994,NA,NA,6.5,5.5,6.5,1,0,0
852,Au,5,18,1995,NA,6.5,7,6.5,11.5,1,0,0
852,Au,5,18,1996,NA,7,10.5,11.5,10,1,0,0
852,Au,5,18,1997,NA,10.5,0,10,0,0,1,NA
853,Au,5,19,1994,NA,NA,8,7.5,8.5,1,0,0
853,Au,5,19,1995,NA,8,7.5,8.5,8.5,1,0,0
853,Au,5,19,1996,NA,7.5,0,8.5,0,0,1,13
854,Au,5,20,1994,NA,NA,5.5,3,6.5,1,0,0
854,Au,5,20,1995,NA,5.5,7.5,6.5,13.5,1,0,0
854,Au,5,20,1996,NA,7.5,11,13.5,15,1,0,0
854,Au,5,20,1997,NA,11,0,15,0,0,1,NA
855,Au,5,21,1994,NA,NA,2.5,1,3,1,0,0
855,Au,5,21,1995,NA,2.5,3.5,3,6.5,1,0,0
855,Au,5,21,1996,NA,3.5,7,6.5,8.5,1,0,0
855,Au,5,21,1997,NA,7,9,8.5,9,1,0,0
855,Au,5,21,1998,NA,9,12,9,21.5,1,0,0
855,Au,5,21,1999,NA,12,24,21.5,15,1,0,0
855,Au,5,21,2000,NA,24,0,15,0,0,1,86
856,Au,5,22,1994,NA,NA,10,4,10.5,1,0,0
856,Au,5,22,1995,NA,10,17.5,10.5,24,1,0,0
856,Au,5,22,1996,NA,17.5,22,24,27.5,1,0,0
856,Au,5,22,1997,NA,22,0,27.5,0,0,1,NA
857,Au,5,23,1994,NA,NA,7,5.5,7.5,1,0,0
857,Au,5,23,1995,NA,7,5.5,7.5,7,1,0,0
857,Au,5,23,1996,NA,5.5,0,7,0,0,1,12
858,Au,5,24,1994,NA,NA,6,5.5,7.5,1,0,0
858,Au,5,24,1995,NA,6,7,7.5,11,1,0,0
858,Au,5,24,1996,NA,7,0,11,0,0,0,0
859,Au,5,25,1994,NA,NA,4,4,5,1,0,0
859,Au,5,25,1995,NA,4,4,5,8.5,1,0,0
859,Au,5,25,1996,NA,4,0,8.5,0,0,0,0
860,Au,5,26,1994,NA,NA,4,3.5,5,1,0,0
860,Au,5,26,1995,NA,4,3.5,5,9,1,0,0
860,Au,5,26,1996,NA,3.5,0,9,0,0,0,0
861,Au,5,27,1994,NA,NA,3.5,4,4.5,1,0,0
861,Au,5,27,1995,NA,3.5,3,4.5,7.5,1,0,0
861,Au,5,27,1996,NA,3,0,7.5,0,0,0,0
862,Au,5,28,1994,NA,NA,5,4.5,5,1,0,0
862,Au,5,28,1995,NA,5,3.5,5,9.5,1,0,0
862,Au,5,28,1996,NA,3.5,0,9.5,0,0,0,0
863,Au,5,29,1994,NA,NA,4,4,6,1,0,0
863,Au,5,29,1995,NA,4,5,6,11.5,1,0,0
863,Au,5,29,1996,NA,5,0,11.5,0,0,0,0
864,Au,5,30,1994,NA,NA,0,1,0,0,0,0
865,Au,5,31,1994,NA,NA,4.5,0.5,5,1,0,0
865,Au,5,31,1995,NA,4.5,5.5,5,13,1,0,0
865,Au,5,31,1996,NA,5.5,9.5,13,9,1,0,0
865,Au,5,31,1997,NA,9.5,9,9,8.5,1,0,0
865,Au,5,31,1998,NA,9,0,8.5,0,0,0,0
866,Au,5,32,1994,NA,NA,1.5,2.5,3.5,1,0,0
866,Au,5,32,1995,NA,1.5,2,3.5,2.5,1,0,0
866,Au,5,32,1996,NA,2,0,2.5,0,0,0,0
867,Au,5,33,1994,NA,NA,0,1,0,0,0,0
868,Au,5,34,1994,NA,NA,1,0.5,1.5,1,0,0
868,Au,5,34,1995,NA,1,2.5,1.5,2.5,1,0,0
868,Au,5,34,1996,NA,2.5,0,2.5,0,0,0,0
869,Au,5,35,1994,NA,NA,0,0.5,0,0,0,0
870,Au,5,36,1994,NA,NA,0,4.5,0,0,0,0
871,Au,5,37,1994,NA,NA,0,4,0,0,0,0
872,Au,5,38,1994,NA,NA,4,3,2,1,0,0
872,Au,5,38,1995,NA,4,3,2,6,1,0,0
872,Au,5,38,1996,NA,3,6,6,7,1,0,0
872,Au,5,38,1997,NA,6,8,7,9,1,0,0
872,Au,5,38,1998,NA,8,9,9,14,1,0,0
872,Au,5,38,1999,NA,9,0,14,0,0,1,27
873,Au,5,39,1994,NA,NA,4.5,4,5.5,1,0,0
873,Au,5,39,1995,NA,4.5,4.5,5.5,10,1,0,0
873,Au,5,39,1996,NA,4.5,8.5,10,10,1,0,0
873,Au,5,39,1997,NA,8.5,12,10,7.5,1,0,0
873,Au,5,39,1998,NA,12,0,7.5,0,0,1,24
874,Au,5,40,1994,NA,NA,0,0.5,0,0,0,0
875,Au,5,41,1994,NA,NA,9,5,8,1,0,0
875,Au,5,41,1995,NA,9,9.5,8,12,1,0,0
875,Au,5,41,1996,NA,9.5,0,12,0,0,1,30
876,Au,5,42,1994,NA,NA,6.5,4,6.5,1,0,0
876,Au,5,42,1995,NA,6.5,6,6.5,11.5,1,0,0
876,Au,5,42,1996,NA,6,12.5,11.5,12,1,0,0
876,Au,5,42,1997,NA,12.5,0,12,0,0,1,NA
877,Au,5,43,1994,NA,NA,3.5,2,4.5,1,0,0
877,Au,5,43,1995,NA,3.5,2,4.5,7.5,1,0,0
877,Au,5,43,1996,NA,2,7,7.5,9,1,0,0
877,Au,5,43,1997,NA,7,9,9,8,1,0,0
877,Au,5,43,1998,NA,9,10,8,11,1,0,0
877,Au,5,43,1999,NA,10,0,11,0,0,1,43
878,Au,5,44,1994,NA,NA,5.5,5,6,1,0,0
878,Au,5,44,1995,NA,5.5,5,6,7.5,1,0,0
878,Au,5,44,1996,NA,5,8.5,7.5,14,1,1,4
878,Au,5,44,1997,NA,8.5,0,14,0,0,1,NA
879,Au,5,45,1994,NA,NA,6,5,8.5,1,0,0
879,Au,5,45,1995,NA,6,5.5,8.5,7,1,0,0
879,Au,5,45,1996,NA,5.5,0,7,0,0,1,13
880,Au,5,46,1994,NA,NA,3,2,3.5,1,0,0
880,Au,5,46,1995,NA,3,3,3.5,5.5,1,0,0
880,Au,5,46,1996,NA,3,4,5.5,6,1,0,0
880,Au,5,46,1997,NA,4,5.5,6,8,1,0,0
880,Au,5,46,1998,NA,5.5,9,8,11.5,1,0,0
880,Au,5,46,1999,NA,9,12,11.5,10,1,0,0
880,Au,5,46,2000,NA,12,0,10,0,0,1,29
881,Au,5,47,1995,1,1,1.5,1.5,4,1,0,0
881,Au,5,47,1996,2,1.5,3.5,4,6.5,1,0,0
881,Au,5,47,1997,3,3.5,7.5,6.5,10.5,1,0,0
881,Au,5,47,1998,4,7.5,11,10.5,11.5,1,0,0
881,Au,5,47,1999,5,11,0,11.5,0,0,1,51
882,Au,5,48,1995,1,1,0,1,0,0,0,0
883,Au,5,50,1995,1,1.5,3,2,5.5,1,0,0
883,Au,5,50,1996,2,3,2.5,5.5,3,1,0,0
883,Au,5,50,1997,3,2.5,0.5,3,1,1,0,0
883,Au,5,50,1998,4,0.5,0,1,0,0,0,0
884,Au,5,51,1995,1,0.5,0,0.5,0,0,0,0
885,Au,5,54,1995,1,0.5,0,0.5,0,0,0,0
886,Au,5,57,1996,1,1.5,0,1,0,0,0,0
887,Au,5,58,1996,1,1,0,1,0,0,0,0
888,Au,5,60,1996,1,1,0,0.5,0,0,0,0
889,Au,5,62,1996,1,1,0,1,0,0,0,0
890,Au,5,64,1997,1,1,2,1,4.5,1,0,0
890,Au,5,64,1998,2,2,5,4.5,9,1,0,0
890,Au,5,64,1999,3,5,11.5,9,17,1,0,0
890,Au,5,64,2000,4,11.5,13,17,7,1,0,0
890,Au,5,64,2001,5,13,0,7,0,0,1,NA
891,Au,5,65,1997,1,1,0.5,1,1.5,1,0,0
891,Au,5,65,1998,2,0.5,2.5,1.5,3.5,1,0,0
891,Au,5,65,1999,3,2.5,4.5,3.5,5.5,1,0,0
891,Au,5,65,2000,4,4.5,4,5.5,6,1,0,0
891,Au,5,65,2001,5,4,7.5,6,10,1,0,0
891,Au,5,65,2002,6,7.5,9.5,10,7,1,0,0
891,Au,5,65,2003,7,9.5,0,7,0,0,1,NA
892,Au,5,66,1997,1,1,0,1.5,0,0,0,0
893,Au,5,67,1997,1,1,0,2,0,0,0,0
894,Au,5,70,1997,1,0.5,0,0.5,0,0,0,0
895,Au,5,71,1997,1,0.5,0,0.5,0,0,0,0
896,Au,5,72,1997,1,1,1,2,1.5,1,0,0
896,Au,5,72,1998,2,1,2,1.5,4.5,1,0,0
896,Au,5,72,1999,3,2,2,4.5,1.5,1,0,0
896,Au,5,72,2000,4,2,0,1.5,0,0,0,0
897,Au,5,73,1997,1,1,0,1,0,0,0,0
898,Au,5,74,1997,1,1,0,0.5,0,0,0,0
899,Au,5,75,1997,1,1,0,1,0,0,0,0
900,Au,5,76,1997,1,1,0,1.5,0,0,0,0
901,Au,5,77,1997,1,1,2,2,3.5,1,0,0
901,Au,5,77,1998,2,2,3.5,3.5,6.5,1,0,0
901,Au,5,77,1999,3,3.5,6,6.5,8.5,1,0,0
901,Au,5,77,2000,4,6,3.5,8.5,5.5,1,0,0
901,Au,5,77,2001,5,3.5,4.5,5.5,6.5,1,0,0
901,Au,5,77,2002,6,4.5,4.5,6.5,8.5,1,0,0
901,Au,5,77,2003,7,4.5,4.5,8.5,5.5,1,0,0
901,Au,5,77,2004,8,4.5,0,5.5,0,0,0,0
902,Au,5,78,1997,1,1,0,1,0,0,0,0
903,Au,5,79,1997,1,1,0,1,0,0,0,0
904,Au,5,81,1997,1,0.5,0,0.5,0,0,0,0
905,Au,5,83,1997,1,1.5,1.5,1.5,2,1,0,0
905,Au,5,83,1998,2,1.5,2.5,2,4.5,1,0,0
905,Au,5,83,1999,3,2.5,5,4.5,5,1,0,0
905,Au,5,83,2000,4,5,4,5,4.5,1,0,0
905,Au,5,83,2001,5,4,7,4.5,7.5,1,0,0
905,Au,5,83,2002,6,7,7,7.5,13,1,0,0
905,Au,5,83,2003,7,7,7,13,8,1,0,0
905,Au,5,83,2004,8,7,0,8,0,0,1,NA
906,Au,5,85,1997,1,1.5,4,3,6,1,0,0
906,Au,5,85,1998,2,4,8.5,6,10,1,0,0
906,Au,5,85,1999,3,8.5,11,10,12,1,0,0
906,Au,5,85,2000,4,11,0,12,0,0,1,27
907,Au,5,87,1997,1,1,0.5,1,1.5,1,0,0
907,Au,5,87,1998,2,0.5,2,1.5,2,1,0,0
907,Au,5,87,1999,3,2,1,2,0.5,1,0,0
907,Au,5,87,2000,4,1,0,0.5,0,0,0,0
908,Au,5,88,1997,1,1.5,0,1.5,0,0,0,0
909,Au,5,89,1997,1,1,0,1,0,0,0,0
910,Au,5,90,1997,1,1,0,1,0,0,0,0
911,Au,5,91,1997,1,1,0.5,1,0.5,1,0,0
911,Au,5,91,1998,2,0.5,0,0.5,0,0,0,0
912,Au,5,92,1997,1,1,0,1,0,0,0,0
913,Au,5,93,1997,1,0.5,1,1,1,1,0,0
913,Au,5,93,1998,2,1,0,1,0,0,0,0
914,Au,5,94,1997,1,1,1,1,0.5,1,0,0
914,Au,5,94,1998,2,1,0.5,0.5,0.5,1,0,0
914,Au,5,94,1999,3,0.5,0,0.5,0,0,0,0
915,Au,5,95,1997,1,1,0.5,1,0.5,1,0,0
915,Au,5,95,1998,2,0.5,3,0.5,6.5,1,0,0
915,Au,5,95,1999,3,3,7,6.5,9.5,1,0,0
915,Au,5,95,2000,4,7,6,9.5,7.5,1,0,0
915,Au,5,95,2001,5,6,7.5,7.5,14,1,0,0
915,Au,5,95,2002,6,7.5,6,14,2.5,1,0,0
915,Au,5,95,2003,7,6,0,2.5,0,0,0,0
916,Au,5,96,1997,1,1,1,1,3,1,0,0
916,Au,5,96,1998,2,1,1,3,1,1,0,0
916,Au,5,96,1999,3,1,1.5,1,1.5,1,0,0
916,Au,5,96,2000,4,1.5,1,1.5,1,1,0,0
916,Au,5,96,2001,5,1,6.5,1,9,1,0,0
916,Au,5,96,2002,6,6.5,0,9,0,0,0,0
917,Au,5,97,1997,1,1,0,0.5,0,0,0,0
918,Au,5,98,1997,1,1,0.5,1.5,1.5,1,0,0
918,Au,5,98,1998,2,0.5,1.5,1.5,3.5,1,0,0
918,Au,5,98,1999,3,1.5,0,3.5,0,0,0,0
919,Au,5,99,1997,1,1,0,1.5,0,0,0,0
920,Au,5,100,1997,1,1,0.5,1.5,1.5,1,0,0
920,Au,5,100,1998,2,0.5,3,1.5,3.5,1,0,0
920,Au,5,100,1999,3,3,3,3.5,4,1,0,0
920,Au,5,100,2000,4,3,1.5,4,0.5,1,0,0
920,Au,5,100,2001,5,1.5,0,0.5,0,0,0,0
921,Au,5,101,1997,1,1,0,0.5,0,0,0,0
922,Au,5,104,1997,1,1.5,2,3,3.5,1,0,0
922,Au,5,104,1998,2,2,0,3.5,0,0,0,0
923,Au,5,105,1997,1,0.5,0.5,0.5,1,1,0,0
923,Au,5,105,1998,2,0.5,0,1,0,0,0,0
924,Au,5,106,1997,1,1,1,0.5,0.5,1,0,0
924,Au,5,106,1998,2,1,0,0.5,0,0,0,0
925,Au,5,108,1997,1,0.5,0,0.5,0,0,0,0
926,Au,5,109,1997,1,0.5,1,0.5,1.5,1,0,0
926,Au,5,109,1998,2,1,0,1.5,0,0,0,0
927,Au,5,110,1997,1,1,1,1,1.5,1,0,0
927,Au,5,110,1998,2,1,0,1.5,0,0,0,0
928,Au,5,111,1997,1,1,0,0.5,0,0,0,0
929,Au,5,113,1997,1,0.5,1.5,1.5,1.5,1,0,0
929,Au,5,113,1998,2,1.5,1,1.5,2.5,1,0,0
929,Au,5,113,1999,3,1,0,2.5,0,0,0,0
930,Au,5,115,1997,1,1,0.5,0.5,0.5,1,0,0
930,Au,5,115,1998,2,0.5,0,0.5,0,0,0,0
931,Au,5,118,1997,1,1,0,0.5,0,0,0,0
932,Au,5,120,1997,1,1,0,0.5,0,0,0,0
933,Au,5,121,1997,1,1,0,0.5,0,0,0,0
934,Au,5,122,1997,1,1,0,0.5,0,0,0,0
935,Au,5,127,1997,1,1,0,1,0,0,0,0
936,Au,5,128,1997,1,1,0,1,0,0,0,0
937,Au,5,129,1997,1,1,0,1,0,0,0,0
938,Au,5,132,1997,1,0.5,0,1,0,0,0,0
939,Au,5,134,1997,1,1,0,1,0,0,0,0
940,Au,5,135,1997,1,1,0,2,0,0,0,0
941,Au,5,137,1997,1,0.5,0,1.5,0,0,0,0
942,Au,5,138,1997,1,1.5,2,1,3,1,0,0
942,Au,5,138,1998,2,2,0,3,0,0,0,0
943,Au,5,139,1997,1,0.5,0,0.5,0,0,0,0
944,Au,5,141,1997,1,1,0,1,0,0,0,0
945,Au,5,142,1997,1,1,0,1.5,0,0,0,0
946,Au,5,143,1997,1,0.5,0,0.5,0,0,0,0
947,Au,5,144,1997,1,0.5,0,0.5,0,0,0,0
948,Au,5,145,1997,1,0.5,0,1,0,0,0,0
949,Au,5,146,1997,1,1,0,1,0,0,0,0
950,Au,5,147,1997,1,1,0,1,0,0,0,0
951,Au,5,148,1997,1,1.5,3.5,2.5,5.5,1,0,0
951,Au,5,148,1998,2,3.5,6,5.5,8,1,0,0
951,Au,5,148,1999,3,6,10,8,13,1,0,0
951,Au,5,148,2000,4,10,9,13,8.5,1,0,0
951,Au,5,148,2001,5,9,0,8.5,0,0,1,NA
952,Au,5,149,1997,1,1,0,1,0,0,0,0
953,Au,5,150,1997,1,1,0,2,0,0,0,0
954,Au,5,151,1997,1,1.5,0,2,0,0,0,0
955,Au,5,152,1997,1,1.5,0,0.5,0,0,0,0
956,Au,5,153,1997,1,1,0,2.5,0,0,0,0
957,Au,5,154,1997,1,0.5,0.5,1.5,1.5,1,0,0
957,Au,5,154,1998,2,0.5,0,1.5,0,0,0,0
958,Au,5,155,1997,1,NA,0,1,0,0,0,0
959,Au,5,156,1998,1,0.5,0,0.5,0,0,0,0
960,Au,5,158,1998,1,0.5,0,0.5,0,0,0,0
961,Au,5,159,1998,1,0.5,0,1,0,0,0,0
962,Au,5,160,1998,1,0.5,1,2,2,1,0,0
962,Au,5,160,1999,2,1,0,2,0,0,0,0
963,Au,5,161,1998,1,0.5,0.5,1,1.5,1,0,0
963,Au,5,161,1999,2,0.5,0.5,1.5,1.5,1,0,0
963,Au,5,161,2000,3,0.5,3.5,1.5,4.5,1,0,0
963,Au,5,161,2001,4,3.5,5,4.5,8,1,0,0
963,Au,5,161,2002,5,5,7,8,14,1,0,0
963,Au,5,161,2003,6,7,6,14,8,1,0,0
963,Au,5,161,2004,7,6,0,8,0,0,1,NA
964,Au,5,162,1998,1,0.5,0,1,0,0,0,0
965,Au,5,163,1998,1,0.5,1,1,1.5,1,0,0
965,Au,5,163,1999,2,1,2.5,1.5,4,1,0,0
965,Au,5,163,2000,3,2.5,4,4,4.5,1,0,0
965,Au,5,163,2001,4,4,5,4.5,10,1,0,0
965,Au,5,163,2002,5,5,5.5,10,12.5,1,0,0
965,Au,5,163,2003,6,5.5,0,12.5,0,0,0,0
966,Au,5,164,1998,1,0.5,1.5,1,3,1,0,0
966,Au,5,164,1999,2,1.5,3,3,5.5,1,0,0
966,Au,5,164,2000,3,3,4.5,5.5,5.5,1,0,0
966,Au,5,164,2001,4,4.5,7.5,5.5,13,1,0,0
966,Au,5,164,2002,5,7.5,13.5,13,12,1,0,0
966,Au,5,164,2003,6,13.5,0,12,0,0,1,NA
967,Au,5,166,1998,1,0.5,0.5,0.5,1,1,0,0
967,Au,5,166,1999,2,0.5,2,1,3,1,0,0
967,Au,5,166,2000,3,2,3.5,3,6,1,0,0
967,Au,5,166,2001,4,3.5,6,6,9.5,1,0,0
967,Au,5,166,2002,5,6,6,9.5,9,1,0,0
967,Au,5,166,2003,6,6,0,9,0,0,0,0
968,Au,5,167,1998,1,0.5,0,1,0,0,0,0
969,Au,5,175,1998,1,0.5,2.5,0.5,4,1,0,0
969,Au,5,175,1999,2,2.5,5.5,4,7,1,0,0
969,Au,5,175,2000,3,5.5,1.5,7,6.5,1,0,0
969,Au,5,175,2001,4,1.5,8,6.5,8,1,0,0
969,Au,5,175,2002,5,8,0,8,0,0,1,31
970,Au,5,176,1998,1,0.5,0,0.5,0,0,0,0
971,Au,5,177,1998,1,0.5,0,1.5,0,0,0,0
972,Au,5,179,1998,1,0.5,1.5,1.5,3,1,0,0
972,Au,5,179,1999,2,1.5,3.5,3,5.5,1,0,0
972,Au,5,179,2000,3,3.5,7,5.5,6,1,0,0
972,Au,5,179,2001,4,7,7,6,10,1,0,0
972,Au,5,179,2002,5,7,6,10,7,1,0,0
972,Au,5,179,2003,6,6,0,7,0,0,0,0
973,Au,5,182,1998,1,1,0,0.5,0,0,0,0
974,Au,5,184,1998,1,0.5,3,1.5,4.5,1,0,0
974,Au,5,184,1999,2,3,0,4.5,0,0,0,0
975,Au,5,188,1998,1,0.5,0.5,0.5,0.5,1,0,0
975,Au,5,188,1999,2,0.5,0,0.5,0,0,0,0
976,Au,5,189,1998,1,0.5,2,0.5,3,1,0,0
976,Au,5,189,1999,2,2,6,3,5,1,0,0
976,Au,5,189,2000,3,6,2.5,5,4,1,0,0
976,Au,5,189,2001,4,2.5,5.5,4,9,1,0,0
976,Au,5,189,2002,5,5.5,8,9,7,1,0,0
976,Au,5,189,2003,6,8,0,7,0,0,1,NA
977,Au,5,192,1998,1,0.5,1.5,0.5,2.5,1,0,0
977,Au,5,192,1999,2,1.5,3.5,2.5,4.5,1,0,0
977,Au,5,192,2000,3,3.5,2.5,4.5,3.5,1,0,0
977,Au,5,192,2001,4,2.5,3.5,3.5,6,1,0,0
977,Au,5,192,2002,5,3.5,5,6,9.5,1,0,0
977,Au,5,192,2003,6,5,5,9.5,6,1,0,0
977,Au,5,192,2004,7,5,0,6,0,0,1,NA
978,Au,5,194,1998,1,0.5,0,0.5,0,0,0,0
979,Au,5,196,1998,1,0.5,0,1,0,0,0,0
980,Au,5,199,1998,1,0.5,0,0.5,0,0,0,0
981,Au,5,203,1998,1,0.5,3,0.5,4,1,0,0
981,Au,5,203,1999,2,3,6,4,6.5,1,0,0
981,Au,5,203,2000,3,6,5,6.5,2,1,0,0
981,Au,5,203,2001,4,5,4.5,2,6,1,0,0
981,Au,5,203,2002,5,4.5,4.5,6,8,1,0,0
981,Au,5,203,2003,6,4.5,5,8,7,1,0,0
981,Au,5,203,2004,7,5,5,7,10.5,1,0,0
981,Au,5,203,2005,8,5,7.5,10.5,12,1,0,0
981,Au,5,203,2006,9,7.5,0,12,0,0,1,NA
982,Au,5,205,1998,1,0.5,0.5,1,2,1,0,0
982,Au,5,205,1999,2,0.5,0.5,2,0.5,1,0,0
982,Au,5,205,2000,3,0.5,0,0.5,0,0,0,0
983,Au,5,207,1998,1,0.5,0.5,2.5,0.5,1,0,0
983,Au,5,207,1999,2,0.5,1.5,0.5,1,1,0,0
983,Au,5,207,2000,3,1.5,3,1,3.5,1,0,0
983,Au,5,207,2001,4,3,7,3.5,12,1,0,0
983,Au,5,207,2002,5,7,8.5,12,13,1,0,0
983,Au,5,207,2003,6,8.5,0,13,0,0,1,NA
984,Au,5,208,1998,1,0.5,3,1,5,1,0,0
984,Au,5,208,1999,2,3,5.5,5,9.5,1,0,0
984,Au,5,208,2000,3,5.5,7.5,9.5,10.5,1,0,0
984,Au,5,208,2001,4,7.5,6,10.5,12,1,0,0
984,Au,5,208,2002,5,6,0,12,0,0,1,15
985,Au,5,209,1998,1,0.5,2.5,1.5,3.5,1,0,0
985,Au,5,209,1999,2,2.5,3.5,3.5,7,1,0,0
985,Au,5,209,2000,3,3.5,7.5,7,6.5,1,0,0
985,Au,5,209,2001,4,7.5,8,6.5,10,1,0,0
985,Au,5,209,2002,5,8,8.5,10,8,1,0,0
985,Au,5,209,2003,6,8.5,0,8,0,0,1,NA
986,Au,5,210,1998,1,0.5,0,1,0,0,0,0
987,Au,5,211,1998,1,0.5,0,1.5,0,0,0,0
988,Au,5,212,1998,1,0.5,0,0.5,0,0,0,0
989,Au,5,214,1998,1,0.5,0,1,0,0,0,0
990,Au,5,215,1998,1,0.5,0,0.5,0,0,0,0
991,Au,5,219,1998,1,NA,0,0.5,0,0,0,0
992,Au,5,220,1998,1,0.5,0,2.5,0,0,0,0
993,Au,5,221,1999,1,0.5,0,1,0,0,0,0
994,Au,5,223,1999,1,1,0,1.5,0,0,0,0
995,Au,5,224,1999,1,1,2.5,1.5,3.5,1,0,0
995,Au,5,224,2000,2,2.5,4,3.5,3,1,0,0
995,Au,5,224,2001,3,4,1,3,2.5,1,0,0
995,Au,5,224,2002,4,1,1.5,2.5,3.5,1,0,0
995,Au,5,224,2003,5,1.5,0,3.5,0,0,0,0
996,Au,5,225,1999,1,2,2,3,2,1,0,0
996,Au,5,225,2000,2,2,3,2,4.5,1,0,0
996,Au,5,225,2001,3,3,5,4.5,7,1,0,0
996,Au,5,225,2002,4,5,4.5,7,6,1,0,0
996,Au,5,225,2003,5,4.5,0,6,0,0,0,0
997,Au,5,226,1999,1,0.5,0,1,0,0,0,0
998,Au,5,228,1999,1,1,3,2,5,1,0,0
998,Au,5,228,2000,2,3,2,5,4,1,0,0
998,Au,5,228,2001,3,2,6.5,4,7,1,0,0
998,Au,5,228,2002,4,6.5,7,7,10.5,1,0,0
998,Au,5,228,2003,5,7,8.5,10.5,9,1,0,0
998,Au,5,228,2004,6,8.5,11,9,11,1,0,0
998,Au,5,228,2005,7,11,0,11,0,0,1,NA
999,Au,5,229,1999,1,0.5,3.5,2,5,1,0,0
999,Au,5,229,2000,2,3.5,8,5,4,1,0,0
999,Au,5,229,2001,3,8,5.5,4,7,1,0,0
999,Au,5,229,2002,4,5.5,5,7,8.5,1,0,0
999,Au,5,229,2003,5,5,0,8.5,0,0,0,0
1000,Au,5,230,1999,1,0.5,3,1,5.5,1,0,0
1000,Au,5,230,2000,2,3,6,5.5,5,1,0,0
1000,Au,5,230,2001,3,6,6,5,9.5,1,0,0
1000,Au,5,230,2002,4,6,6.5,9.5,10.5,1,0,0
1000,Au,5,230,2003,5,6.5,0,10.5,0,0,0,0
1001,Au,5,231,1999,1,0.5,1.5,0.5,3.5,1,0,0
1001,Au,5,231,2000,2,1.5,3.5,3.5,4,1,0,0
1001,Au,5,231,2001,3,3.5,5,4,7.5,1,0,0
1001,Au,5,231,2002,4,5,5.5,7.5,9.5,1,0,0
1001,Au,5,231,2003,5,5.5,0,9.5,0,0,0,0
1002,Au,5,232,1999,1,2,4,2.5,5.5,1,0,0
1002,Au,5,232,2000,2,4,4.5,5.5,5.5,1,0,0
1002,Au,5,232,2001,3,4.5,4.5,5.5,5.5,1,0,0
1002,Au,5,232,2002,4,4.5,0,5.5,0,0,0,0
1003,Au,5,233,1999,1,1.5,3.5,3.5,6.5,1,0,0
1003,Au,5,233,2000,2,3.5,6.5,6.5,6,1,0,0
1003,Au,5,233,2001,3,6.5,6,6,10.5,1,0,0
1003,Au,5,233,2002,4,6,7,10.5,9.5,1,0,0
1003,Au,5,233,2003,5,7,0,9.5,0,0,0,0
1004,Au,5,234,1999,1,1,1.5,2,3.5,1,0,0
1004,Au,5,234,2000,2,1.5,4,3.5,3,1,0,0
1004,Au,5,234,2001,3,4,0,3,0,0,0,0
1005,Au,5,235,1999,1,1.5,4,3,3,1,0,0
1005,Au,5,235,2000,2,4,0,3,0,0,0,0
1006,Au,5,236,1999,1,1.5,4.5,4,8,1,0,0
1006,Au,5,236,2000,2,4.5,0,8,0,0,0,0
1007,Au,5,237,1999,1,1,0,2.5,0,0,0,0
1008,Au,5,238,1999,1,3,4.5,5,8,1,0,0
1008,Au,5,238,2000,2,4.5,6,8,8,1,0,0
1008,Au,5,238,2001,3,6,5.5,8,10.5,1,0,0
1008,Au,5,238,2002,4,5.5,7,10.5,10.5,1,0,0
1008,Au,5,238,2003,5,7,0,10.5,0,0,0,0
1009,Au,5,239,1999,1,2,4,3.5,3.5,1,0,0
1009,Au,5,239,2000,2,4,5.5,3.5,6,1,0,0
1009,Au,5,239,2001,3,5.5,6,6,5,1,0,0
1009,Au,5,239,2002,4,6,0,5,0,0,0,0
1010,Au,5,240,1999,1,2,0,0.5,0,0,0,0
1011,Au,5,241,1999,1,0.5,1,1.5,1.5,1,0,0
1011,Au,5,241,2000,2,1,0,1.5,0,0,0,0
1012,Au,5,242,1999,1,0.5,1.5,1,1.5,1,0,0
1012,Au,5,242,2000,2,1.5,3.5,1.5,3,1,0,0
1012,Au,5,242,2001,3,3.5,2.5,3,6.5,1,0,0
1012,Au,5,242,2002,4,2.5,5,6.5,10,1,0,0
1012,Au,5,242,2003,5,5,7,10,10.5,1,0,0
1012,Au,5,242,2004,6,7,5.5,10.5,14,1,0,0
1012,Au,5,242,2005,7,5.5,6.5,14,10,1,0,0
1012,Au,5,242,2006,8,6.5,0,10,0,0,0,0
1013,Au,5,243,1999,1,1,2,1,3,1,0,0
1013,Au,5,243,2000,2,2,0,3,0,0,0,0
1014,Au,5,244,1999,1,1.5,0,2,0,0,0,0
1015,Au,5,245,1999,1,1.5,0,2.5,0,0,0,0
1016,Au,5,246,1999,1,1,3,2,9.5,1,0,0
1016,Au,5,246,2000,2,3,7.5,9.5,6,1,0,0
1016,Au,5,246,2001,3,7.5,0,6,0,0,1,NA
1017,Au,5,247,2000,1,1,2,3.5,3.5,1,0,0
1017,Au,5,247,2001,2,2,3,3.5,5,1,0,0
1017,Au,5,247,2002,3,3,2.5,5,6,1,0,0
1017,Au,5,247,2003,4,2.5,0,6,0,0,0,0
1018,Au,5,248,2000,1,1,0,1.5,0,0,0,0
1019,Au,5,249,2000,1,1,0,1.5,0,0,0,0
1020,Au,5,250,2000,1,0.5,0,1.5,0,0,0,0
1021,Au,5,251,2000,1,1,0,0.5,0,0,0,0
1022,Au,5,252,2000,1,1,0,1,0,0,0,0
1023,Au,5,253,2000,1,0.5,0,1.5,0,0,0,0
1024,Au,5,254,2000,1,0.5,3,1.5,2.5,1,0,0
1024,Au,5,254,2001,2,3,3.5,2.5,3.5,1,0,0
1024,Au,5,254,2002,3,3.5,3,3.5,6.5,1,0,0
1024,Au,5,254,2003,4,3,3.5,6.5,4.5,1,0,0
1024,Au,5,254,2004,5,3.5,2.5,4.5,3.5,1,0,0
1024,Au,5,254,2005,6,2.5,0,3.5,0,0,0,0
1025,Au,5,256,2000,1,0.5,0,1,0,0,0,0
1026,Au,5,257,2000,1,0.5,0,1,0,0,0,0
1027,Au,5,258,2000,1,1,0,0.5,0,0,0,0
1028,Au,5,259,2000,1,1,0,0.5,0,0,0,0
1029,Au,5,261,2000,1,1,0,0.5,0,0,0,0
1030,Au,5,262,2000,1,1,0,0.5,0,0,0,0
1031,Au,5,263,2000,1,0.5,0,0.5,0,0,0,0
1032,Au,5,264,2000,1,0.5,0,0.5,0,0,0,0
1033,Au,5,267,2000,1,0.5,0,0.5,0,0,0,0
1034,Au,5,268,2000,1,0.5,0,1,0,0,0,0
1035,Au,5,269,2000,1,0.5,0,0.5,0,0,0,0
1036,Au,5,270,2000,1,0.5,0,0.5,0,0,0,0
1037,Au,5,271,2000,1,1,0,0.5,0,0,0,0
1038,Au,5,272,2000,1,0.5,0,1,0,0,0,0
1039,Au,5,273,2000,1,0.5,3.5,0.5,4,1,0,0
1039,Au,5,273,2001,2,3.5,5,4,7,1,0,0
1039,Au,5,273,2002,3,5,4.5,7,8,1,0,0
1039,Au,5,273,2003,4,4.5,4,8,5,1,0,0
1039,Au,5,273,2004,5,4,0,5,0,0,0,0
1040,Au,5,274,2000,1,1,0,0.5,0,0,0,0
1041,Au,5,275,2000,1,0.5,2.5,1,3,1,0,0
1041,Au,5,275,2001,2,2.5,5.5,3,8.5,1,0,0
1041,Au,5,275,2002,3,5.5,6,8.5,10.5,1,0,0
1041,Au,5,275,2003,4,6,0,10.5,0,0,0,0
1042,Au,5,276,2000,1,0.5,2.5,1.5,3,1,0,0
1042,Au,5,276,2001,2,2.5,4.5,3,5.5,1,0,0
1042,Au,5,276,2002,3,4.5,5,5.5,8,1,0,0
1042,Au,5,276,2003,4,5,0,8,0,0,0,0
1043,Au,5,277,2000,1,0.5,1,1.5,1,1,0,0
1043,Au,5,277,2001,2,1,0,1,0,0,0,0
1044,Au,5,278,2000,1,0.5,1,1.5,1,1,0,0
1044,Au,5,278,2001,2,1,0,1,0,0,0,0
1045,Au,5,280,2000,1,1.5,2,1.5,3,1,0,0
1045,Au,5,280,2001,2,2,0,3,0,0,0,0
1046,Au,5,282,2000,1,1,0,2.5,0,0,0,0
1047,Au,5,284,2000,1,0.5,0,1,0,0,0,0
1048,Au,5,285,2000,1,0.5,0,0.5,0,0,0,0
1049,Au,5,287,2000,1,0.5,0,2,0,0,0,0
1050,Au,5,288,2000,1,1,0,1.5,0,0,0,0
1051,Au,5,290,2000,1,4,2,6,2,1,0,0
1051,Au,5,290,2001,2,2,0,2,0,0,0,0
1052,Au,5,291,2000,1,1,0.5,1,0.5,1,0,0
1052,Au,5,291,2001,2,0.5,0,0.5,0,0,0,0
1053,Au,5,292,2000,1,0.5,0,0.5,0,0,0,0
1054,Au,5,293,2000,1,0.5,2.5,0.5,2,1,0,0
1054,Au,5,293,2001,2,2.5,4,2,3.5,1,0,0
1054,Au,5,293,2002,3,4,3.5,3.5,5.5,1,0,0
1054,Au,5,293,2003,4,3.5,3,5.5,2.5,1,0,0
1054,Au,5,293,2004,5,3,0,2.5,0,0,0,0
1055,Au,5,296,2000,1,NA,0,0.5,0,0,0,0
1056,Au,5,297,2001,1,1,1.5,1,3.5,1,0,0
1056,Au,5,297,2002,2,1.5,3,3.5,5.5,1,0,0
1056,Au,5,297,2003,3,3,1.5,5.5,0.5,1,0,0
1056,Au,5,297,2004,4,1.5,0,0.5,0,0,0,0
1057,Au,5,298,2001,1,1.5,0,1,0,0,0,0
1058,Au,5,299,2001,1,1,0,1.5,0,0,0,0
1059,Au,5,300,2001,1,1,2.5,0.5,3.5,1,0,0
1059,Au,5,300,2002,2,2.5,4.5,3.5,6,1,0,0
1059,Au,5,300,2003,3,4.5,3,6,2.5,1,0,0
1059,Au,5,300,2004,4,3,2.5,2.5,3.5,1,0,0
1059,Au,5,300,2005,5,2.5,0,3.5,0,0,0,0
1060,Au,5,301,2001,1,0.5,2,0.5,2,1,0,0
1060,Au,5,301,2002,2,2,2,2,3,1,0,0
1060,Au,5,301,2003,3,2,0,3,0,0,0,0
1061,Au,5,302,2001,1,1,1.5,1.5,2,1,0,0
1061,Au,5,302,2002,2,1.5,2,2,4,1,0,0
1061,Au,5,302,2003,3,2,0,4,0,0,0,0
1062,Au,5,303,2001,1,1,1,1.5,2.5,1,0,0
1062,Au,5,303,2002,2,1,2.5,2.5,3.5,1,0,0
1062,Au,5,303,2003,3,2.5,0,3.5,0,0,0,0
1063,Au,5,304,2001,1,1.5,0,2,0,0,0,0
1064,Au,5,305,2001,1,0.5,0,0.5,0,0,0,0
1065,Au,5,306,2001,1,1,0,0.5,0,0,0,0
1066,Au,5,307,2001,1,0.5,0,0.5,0,0,0,0
1067,Au,5,308,2001,1,0.5,0,0.5,0,0,0,0
1068,Au,5,309,2001,1,1,0,0.5,0,0,0,0
1069,Au,5,310,2001,1,1,0,0.5,0,0,0,0
1070,Au,5,311,2001,1,1,0,0.5,0,0,0,0
1071,Au,5,312,2001,1,1.5,0,0.5,0,0,0,0
1072,Au,5,313,2001,1,1.5,2.5,1.5,3.5,1,0,0
1072,Au,5,313,2002,2,2.5,4,3.5,4.5,1,0,0
1072,Au,5,313,2003,3,4,0,4.5,0,0,0,0
1073,Au,5,314,2001,1,1,0,0.5,0,0,0,0
1074,Au,5,315,2001,1,0.5,0,0.5,0,0,0,0
1075,Au,5,316,2001,1,1.5,0,1,0,0,0,0
1076,Au,5,318,2001,1,1.5,0,1,0,0,0,0
1077,Au,5,320,2001,1,2.5,2,1,2.5,1,0,0
1077,Au,5,320,2002,2,2,1,2.5,0.5,1,0,0
1077,Au,5,320,2003,3,1,0,0.5,0,0,0,0
1078,Au,5,321,2001,1,1.5,0,1,0,0,0,0
1079,Au,5,322,2001,1,1.5,0,1,0,0,0,0
1080,Au,5,324,2001,1,0.5,2.5,1,2.5,1,0,0
1080,Au,5,324,2002,2,2.5,0,2.5,0,0,0,0
1081,Au,5,325,2001,1,1.5,0,0.5,0,0,0,0
1082,Au,5,326,2001,1,0.5,1,0.5,1,1,0,0
1082,Au,5,326,2002,2,1,0,1,0,0,0,0
1083,Au,5,327,2001,1,1,0,0.5,0,0,0,0
1084,Au,5,328,2001,1,1,2.5,0.5,2.5,1,0,0
1084,Au,5,328,2002,2,2.5,1.5,2.5,3.5,1,0,0
1084,Au,5,328,2003,3,1.5,0,3.5,0,0,0,0
1085,Au,5,329,2001,1,1,0,0.5,0,0,0,0
1086,Au,5,330,2001,1,0.5,0,0.5,0,0,0,0
1087,Au,5,333,2001,1,1,0,0.5,0,0,0,0
1088,Au,5,336,2001,1,0.5,0,0.5,0,0,0,0
1089,Au,5,337,2001,1,0.5,0,0.5,0,0,0,0
1090,Au,5,338,2001,1,0.5,0,0.5,0,0,0,0
1091,Au,5,339,2001,1,0.5,0,0.5,0,0,0,0
1092,Au,5,340,2001,1,1,0,0.5,0,0,0,0
1093,Au,5,341,2001,1,1,0,0.5,0,0,0,0
1094,Au,5,342,2001,1,1.5,0,0.5,0,0,0,0
1095,Au,5,343,2001,1,1,0,0.5,0,0,0,0
1096,Au,5,344,2001,1,1,0,0.5,0,0,0,0
1097,Au,5,345,2001,1,1.5,0,0.5,0,0,0,0
1098,Au,5,346,2001,1,1.5,0.5,0.5,1.5,1,0,0
1098,Au,5,346,2002,2,0.5,0,1.5,0,0,0,0
1099,Au,5,349,2001,1,1.5,2,1,1.5,1,0,0
1099,Au,5,349,2002,2,2,0,1.5,0,0,0,0
1100,Au,5,352,2001,1,1,0,0.5,0,0,0,0
1101,Au,5,353,2001,1,1,0,0.5,0,0,0,0
1102,Au,5,355,2001,1,1,0,0.5,0,0,0,0
1103,Au,5,356,2001,1,1,0,0.5,0,0,0,0
1104,Au,5,357,2001,1,1,0,0.5,0,0,0,0
1105,Au,5,358,2001,1,0.5,0,0.5,0,0,0,0
1106,Au,5,359,2001,1,1,0,0.5,0,0,0,0
1107,Au,5,360,2001,1,1,0,0.5,0,0,0,0
1108,Au,5,363,2001,1,1,0,0.5,0,0,0,0
1109,Au,5,364,2001,1,1,0,0.5,0,0,0,0
1110,Au,5,365,2001,1,1,0,0.5,0,0,0,0
1111,Au,5,366,2001,1,1,0,0.5,0,0,0,0
1112,Au,5,368,2001,1,1.5,0,0.5,0,0,0,0
1113,Au,5,369,2001,1,1.5,1,0.5,3,1,0,0
1113,Au,5,369,2002,2,1,3,3,3,1,0,0
1113,Au,5,369,2003,3,3,0,3,0,0,0,0
1114,Au,5,371,2001,1,2,0,0.5,0,0,0,0
1115,Au,5,372,2001,1,1,2,0.5,4,1,0,0
1115,Au,5,372,2002,2,2,4,4,4,1,0,0
1115,Au,5,372,2003,3,4,0,4,0,0,0,0
1116,Au,5,377,2001,1,2,0,0.5,0,0,0,0
1117,Au,5,378,2001,1,1,0,0.5,0,0,0,0
1118,Au,5,379,2001,1,2,3,0.5,6.5,1,0,0
1118,Au,5,379,2002,2,3,6,6.5,7.5,1,0,0
1118,Au,5,379,2003,3,6,0,7.5,0,0,0,0
1119,Au,5,381,2001,1,1,0,0.5,0,0,0,0
1120,Au,5,382,2001,1,1,0,0.5,0,0,0,0
1121,Au,5,383,2001,1,1,0,0.5,0,0,0,0
1122,Au,5,385,2001,1,0.5,2,0.5,3,1,0,0
1122,Au,5,385,2002,2,2,3,3,3,1,0,0
1122,Au,5,385,2003,3,3,3,3,10,1,0,0
1122,Au,5,385,2004,4,3,0,10,0,0,0,0
1123,Au,5,386,2001,1,0.5,0,0.5,0,0,0,0
1124,Au,5,392,2001,1,0.5,0,0.5,0,0,0,0
1125,Au,5,393,2001,1,1,0,0.5,0,0,0,0
1126,Au,5,394,2001,1,1,0,0.5,0,0,0,0
1127,Au,5,395,2001,1,0.5,0.5,0.5,0.5,1,0,0
1127,Au,5,395,2002,2,0.5,0,0.5,0,0,0,0
1128,Au,5,396,2001,1,0.5,0,0.5,0,0,0,0
1129,Au,5,397,2001,1,1,0,0.5,0,0,0,0
1130,Au,5,398,2001,1,1,0,0.5,0,0,0,0
1131,Au,5,399,2001,1,1,0,0.5,0,0,0,0
1132,Au,5,400,2001,1,1,1.5,0.5,3.5,1,0,0
1132,Au,5,400,2002,2,1.5,2,3.5,3.5,1,0,0
1132,Au,5,400,2003,3,2,0,3.5,0,0,0,0
1133,Au,5,401,2001,1,1,0,0.5,0,0,0,0
1134,Au,5,402,2001,1,1,0,0.5,0,0,0,0
1135,Au,5,404,2001,1,1,0,0.5,0,0,0,0
1136,Au,5,405,2001,1,1,1.5,0.5,2.5,1,0,0
1136,Au,5,405,2002,2,1.5,1.5,2.5,2,1,0,0
1136,Au,5,405,2003,3,1.5,0,2,0,0,0,0
1137,Au,5,406,2001,1,1,0,0.5,0,0,0,0
1138,Au,5,407,2001,1,1,0,0.5,0,0,0,0
1139,Au,5,408,2001,1,1,0,0.5,0,0,0,0
1140,Au,5,409,2001,1,1,0,0.5,0,0,0,0
1141,Au,5,410,2001,1,1.5,3.5,1,1.5,1,0,0
1141,Au,5,410,2002,2,3.5,3.5,1.5,3,1,0,0
1141,Au,5,410,2003,3,3.5,0,3,0,0,0,0
1142,Au,5,411,2001,1,1,0,0.5,0,0,0,0
1143,Au,5,412,2001,1,1,0,0.5,0,0,0,0
1144,Au,5,413,2001,1,1,3,1,5,1,0,0
1144,Au,5,413,2002,2,3,3.5,5,5.5,1,0,0
1144,Au,5,413,2003,3,3.5,0,5.5,0,0,0,0
1145,Au,5,414,2001,1,1,2,0.5,2.5,1,0,0
1145,Au,5,414,2002,2,2,0.5,2.5,1.5,1,0,0
1145,Au,5,414,2003,3,0.5,0,1.5,0,0,0,0
1146,Au,5,415,2001,1,1.5,1.5,0.5,3,1,0,0
1146,Au,5,415,2002,2,1.5,1.5,3,3,1,0,0
1146,Au,5,415,2003,3,1.5,0,3,0,0,0,0
1147,Au,5,416,2001,1,1.5,1.5,0.5,1.5,1,0,0
1147,Au,5,416,2002,2,1.5,1.5,1.5,3,1,0,0
1147,Au,5,416,2003,3,1.5,0,3,0,0,0,0
1148,Au,5,417,2001,1,0.5,1,0.5,1.5,1,0,0
1148,Au,5,417,2002,2,1,0,1.5,0,0,0,0
1149,Au,5,419,2001,1,1.5,3,0.5,4,1,0,0
1149,Au,5,419,2002,2,3,0.5,4,3.5,1,0,0
1149,Au,5,419,2003,3,0.5,0,3.5,0,0,0,0
1150,Au,5,420,2001,1,1.5,2,0.5,4.5,1,0,0
1150,Au,5,420,2002,2,2,2.5,4.5,4.5,1,0,0
1150,Au,5,420,2003,3,2.5,0,4.5,0,0,0,0
1151,Au,5,421,2001,1,1,3,0.5,4,1,0,0
1151,Au,5,421,2002,2,3,1,4,3.5,1,0,0
1151,Au,5,421,2003,3,1,0,3.5,0,0,0,0
1152,Au,5,422,2001,1,2,3,1.5,3,1,0,0
1152,Au,5,422,2002,2,3,0,3,0,0,0,0
1153,Au,5,423,2001,1,1.5,0,1.5,0,0,0,0
1154,Au,5,424,2001,1,2,3.5,2.5,8,1,0,0
1154,Au,5,424,2002,2,3.5,0,8,0,0,0,0
1155,Au,5,425,2001,1,1,3,1.5,8,1,0,0
1155,Au,5,425,2002,2,3,3.5,8,5.5,1,0,0
1155,Au,5,425,2003,3,3.5,0,5.5,0,0,0,0
1156,Au,5,426,2001,1,1,1,1,2.5,1,0,0
1156,Au,5,426,2002,2,1,0,2.5,0,0,0,0
1157,Au,5,427,2001,1,1,3,0.5,4.5,1,0,0
1157,Au,5,427,2002,2,3,0,4.5,0,0,0,0
1158,Au,5,428,2001,1,1,0,0.5,0,0,0,0
1159,Au,5,429,2001,1,1,0,0.5,0,0,0,0
1160,Au,5,431,2001,1,1,3,1,3,1,0,0
1160,Au,5,431,2002,2,3,0.5,3,2.5,1,0,0
1160,Au,5,431,2003,3,0.5,0,2.5,0,0,0,0
1161,Au,5,432,2001,1,1,0,0.5,0,0,0,0
1162,Au,5,433,2001,1,1,0,1.5,0,0,0,0
1163,Au,5,434,2001,1,1.5,3.5,1.5,3.5,1,0,0
1163,Au,5,434,2002,2,3.5,2.5,3.5,1.5,1,0,0
1163,Au,5,434,2003,3,2.5,0,1.5,0,0,0,0
1164,Au,5,435,2001,1,2,0,1.5,0,0,0,0
1165,Au,5,436,2001,1,1.5,3.5,1,3.5,1,0,0
1165,Au,5,436,2002,2,3.5,2.5,3.5,1.5,1,0,0
1165,Au,5,436,2003,3,2.5,0,1.5,0,0,0,0
1166,Au,5,438,2001,1,1.5,0,1,0,0,0,0
1167,Au,5,439,2001,1,1,3,0.5,2.5,1,0,0
1167,Au,5,439,2002,2,3,0,2.5,0,0,0,0
1168,Au,5,440,2001,1,1.5,3.5,0.5,3.5,1,0,0
1168,Au,5,440,2002,2,3.5,2.5,3.5,5,1,0,0
1168,Au,5,440,2003,3,2.5,2.5,5,2.5,1,0,0
1168,Au,5,440,2004,4,2.5,0,2.5,0,0,0,0
1169,Au,5,441,2001,1,1,0,0.5,0,0,0,0
1170,Au,5,442,2001,1,1,2,0.5,2.5,1,0,0
1170,Au,5,442,2002,2,2,2,2.5,4,1,0,0
1170,Au,5,442,2003,3,2,0.5,4,1,1,0,0
1170,Au,5,442,2004,4,0.5,0,1,0,0,0,0
1171,Au,5,444,2001,1,1,0,0.5,0,0,0,0
1172,Au,5,445,2001,1,1.5,0,1.5,0,0,0,0
1173,Au,5,446,2001,1,1.5,0,1.5,0,0,0,0
1174,Au,5,447,2001,1,1.5,2,1.5,2,1,0,0
1174,Au,5,447,2002,2,2,2,2,4,1,0,0
1174,Au,5,447,2003,3,2,4,4,3,1,0,0
1174,Au,5,447,2004,4,4,0,3,0,0,0,0
1175,Au,5,448,2001,1,1.5,2,1.5,2.5,1,0,0
1175,Au,5,448,2002,2,2,3,2.5,5.5,1,0,0
1175,Au,5,448,2003,3,3,5,5.5,4.5,1,0,0
1175,Au,5,448,2004,4,5,0,4.5,0,0,0,0
1176,Au,5,449,2001,1,1.5,3,1.5,3.5,1,0,0
1176,Au,5,449,2002,2,3,3,3.5,5,1,0,0
1176,Au,5,449,2003,3,3,0,5,0,0,0,0
1177,Au,5,450,2001,1,1.5,2,1.5,3,1,0,0
1177,Au,5,450,2002,2,2,2.5,3,5,1,0,0
1177,Au,5,450,2003,3,2.5,4,5,5,1,0,0
1177,Au,5,450,2004,4,4,0,5,0,0,0,0
1178,Au,5,451,2001,1,1.5,3,2,3.5,1,0,0
1178,Au,5,451,2002,2,3,2,3.5,3,1,0,0
1178,Au,5,451,2003,3,2,4.5,3,5,1,0,0
1178,Au,5,451,2004,4,4.5,0,5,0,0,0,0
1179,Au,5,452,2001,1,1.5,0,1.5,0,0,0,0
1180,Au,5,453,2001,1,2,3.5,1.5,4,1,0,0
1180,Au,5,453,2002,2,3.5,4,4,6,1,0,0
1180,Au,5,453,2003,3,4,5.5,6,5,1,0,0
1180,Au,5,453,2004,4,5.5,4,5,10.5,1,0,0
1180,Au,5,453,2005,5,4,6.5,10.5,8.5,1,0,0
1180,Au,5,453,2006,6,6.5,0,8.5,0,0,0,0
1181,Au,5,454,2001,1,2,4,1.5,5.5,1,0,0
1181,Au,5,454,2002,2,4,4,5.5,6,1,0,0
1181,Au,5,454,2003,3,4,0,6,0,0,0,0
1182,Au,5,455,2001,1,1,0,1,0,0,0,0
1183,Au,5,456,2001,1,0.5,3,1,3.5,1,0,0
1183,Au,5,456,2002,2,3,4,3.5,6,1,0,0
1183,Au,5,456,2003,3,4,6.5,6,6.5,1,0,0
1183,Au,5,456,2004,4,6.5,5.5,6.5,8,1,0,0
1183,Au,5,456,2005,5,5.5,7,8,6,1,0,0
1183,Au,5,456,2006,6,7,0,6,0,0,0,0
1184,Au,5,457,2001,1,0.5,3,1,3.5,1,0,0
1184,Au,5,457,2002,2,3,3.5,3.5,5,1,0,0
1184,Au,5,457,2003,3,3.5,0,5,0,0,0,0
1185,Au,5,458,2001,1,1.5,3.5,1.5,5.5,1,0,0
1185,Au,5,458,2002,2,3.5,3,5.5,6.5,1,0,0
1185,Au,5,458,2003,3,3,5,6.5,4,1,0,0
1185,Au,5,458,2004,4,5,4,4,9.5,1,0,0
1185,Au,5,458,2005,5,4,0,9.5,0,0,0,0
1186,Au,5,459,2001,1,1.5,0,0.5,0,0,0,0
1187,Au,5,460,2001,1,1.5,0,1,0,0,0,0
1188,Au,5,461,2001,1,0.5,0,0.5,0,0,0,0
1189,Au,5,462,2001,1,0.5,1,0.5,2,1,0,0
1189,Au,5,462,2002,2,1,1.5,2,1,1,0,0
1189,Au,5,462,2003,3,1.5,0,1,0,0,0,0
1190,Au,5,463,2001,1,1,2.5,1,5,1,0,0
1190,Au,5,463,2002,2,2.5,3,5,2,1,0,0
1190,Au,5,463,2003,3,3,0,2,0,0,0,0
1191,Au,5,464,2001,1,1,0,1,0,0,0,0
1192,Au,5,465,2001,1,1.5,1.5,1,3.5,1,0,0
1192,Au,5,465,2002,2,1.5,2.5,3.5,6,1,0,0
1192,Au,5,465,2003,3,2.5,3.5,6,5,1,0,0
1192,Au,5,465,2004,4,3.5,0,5,0,0,0,0
1193,Au,5,466,2001,1,1,0,1,0,0,0,0
1194,Au,5,467,2001,1,1,1.5,1,3.5,1,0,0
1194,Au,5,467,2002,2,1.5,2.5,3.5,6,1,0,0
1194,Au,5,467,2003,3,2.5,3,6,3.5,1,0,0
1194,Au,5,467,2004,4,3,0,3.5,0,0,0,0
1195,Au,5,468,2001,1,1,0,1,0,0,0,0
1196,Au,5,471,2001,1,1.5,0,2.5,0,0,0,0
1197,Au,5,472,2001,1,1.5,0,1,0,0,0,0
1198,Au,5,473,2001,1,1.5,0,1.5,0,0,0,0
1199,Au,5,474,2001,1,1.5,3.5,1.5,4,1,0,0
1199,Au,5,474,2002,2,3.5,3,4,5,1,0,0
1199,Au,5,474,2003,3,3,4,5,5,1,0,0
1199,Au,5,474,2004,4,4,5.5,5,8,1,0,0
1199,Au,5,474,2005,5,5.5,6,8,6.5,1,0,0
1199,Au,5,474,2006,6,6,6,6.5,12,1,0,0
1199,Au,5,474,2007,7,6,10,12,12,1,0,0
1199,Au,5,474,2008,8,10,10,12,12.5,1,0,0
1199,Au,5,474,2009,9,10,0,12.5,0,0,0,0
1200,Au,5,475,2001,1,1.5,2.5,1.5,4,1,0,0
1200,Au,5,475,2002,2,2.5,2,4,4.5,1,0,0
1200,Au,5,475,2003,3,2,0,4.5,0,0,0,0
1201,Au,5,476,2001,1,1.5,0,1.5,0,0,0,0
1202,Au,5,477,2001,1,1,0,1,0,0,0,0
1203,Au,5,478,2001,1,0.5,0,1,0,0,0,0
1204,Au,5,479,2001,1,1,0,1,0,0,0,0
1205,Au,5,480,2001,1,2,0,1.5,0,0,0,0
1206,Au,5,481,2001,1,1,0,1.5,0,0,0,0
1207,Au,5,482,2001,1,1,0,1.5,0,0,0,0
1208,Au,5,483,2001,1,1,0,1,0,0,0,0
1209,Au,5,484,2001,1,1.5,0,1.5,0,0,0,0
1210,Au,5,485,2001,1,1.5,0,2.5,0,0,0,0
1211,Au,5,486,2001,1,1,0,1,0,0,0,0
1212,Au,5,488,2001,1,1,0,1,0,0,0,0
1213,Au,5,489,2001,1,1,0,0.5,0,0,0,0
1214,Au,5,490,2001,1,1,0,1,0,0,0,0
1215,Au,5,491,2001,1,1,0,0.5,0,0,0,0
1216,Au,5,494,2001,1,1,3.5,1,6.5,1,0,0
1216,Au,5,494,2002,2,3.5,5,6.5,7,1,0,0
1216,Au,5,494,2003,3,5,0,7,0,0,0,0
1217,Au,5,495,2001,1,1.5,0,1,0,0,0,0
1218,Au,5,496,2001,1,2,0,1,0,0,0,0
1219,Au,5,498,2001,1,1,0,1.5,0,0,0,0
1220,Au,5,499,2001,1,NA,0,0.5,0,0,0,0
1221,Au,5,500,2001,1,NA,0,0.5,0,0,0,0
1222,Au,5,501,2001,1,NA,0,0.5,0,0,0,0
1223,Au,5,502,2001,1,NA,2,1,3.5,1,0,0
1223,Au,5,502,2002,2,2,1.5,3.5,2,1,0,0
1223,Au,5,502,2003,3,1.5,0,2,0,0,0,0
1224,Au,5,528,2002,1,1.5,3,3,6,1,0,0
1224,Au,5,528,2003,2,3,3.5,6,5.5,1,0,0
1224,Au,5,528,2004,3,3.5,0,5.5,0,0,0,0
1225,Au,5,529,2002,1,1,0,2,0,0,0,0
1226,Au,5,530,2002,1,2.5,3,2.5,6.5,1,0,0
1226,Au,5,530,2003,2,3,0,6.5,0,0,0,0
1227,Au,5,531,2002,1,1.5,2,3,4,1,0,0
1227,Au,5,531,2003,2,2,0,4,0,0,0,0
1228,Au,5,532,2002,1,1,3,1.5,4.5,1,0,0
1228,Au,5,532,2003,2,3,0,4.5,0,0,0,0
1229,Au,5,534,2002,1,1,0,0.5,0,0,0,0
1230,Au,5,535,2002,1,0.5,0,0.5,0,0,0,0
1231,Au,5,537,2002,1,1.5,3,2.5,1,1,0,0
1231,Au,5,537,2003,2,3,0,1,0,0,0,0
1232,Au,5,538,2002,1,1,0,1,0,0,0,0
1233,Au,5,539,2002,1,2.5,0,1.5,0,0,0,0
1234,Au,5,540,2002,1,1.5,1,1.5,1.5,1,0,0
1234,Au,5,540,2003,2,1,0,1.5,0,0,0,0
1235,Au,5,541,2002,1,1.5,1,1,1,1,0,0
1235,Au,5,541,2003,2,1,0,1,0,0,0,0
1236,Au,5,542,2002,1,2,0,2,0,0,0,0
1237,Au,5,543,2002,1,1.5,0,1.5,0,0,0,0
1238,Au,5,544,2002,1,2,0,1.5,0,0,0,0
1239,Au,5,545,2002,1,2,0,1,0,0,0,0
1240,Au,5,546,2002,1,1,0,1,0,0,0,0
1241,Au,5,547,2002,1,1,0,1.5,0,0,0,0
1242,Au,5,548,2002,1,1,0.5,1,0.5,1,0,0
1242,Au,5,548,2003,2,0.5,0,0.5,0,0,0,0
1243,Au,5,549,2002,1,1,0.5,1,1,1,0,0
1243,Au,5,549,2003,2,0.5,0,1,0,0,0,0
1244,Au,5,551,2002,1,1,0,1.5,0,0,0,0
1245,Au,5,553,2002,1,1,0.5,1.5,1,1,0,0
1245,Au,5,553,2003,2,0.5,0,1,0,0,0,0
1246,Au,5,555,2002,1,1,0,0.5,0,0,0,0
1247,Au,5,556,2002,1,1,0,1.5,0,0,0,0
1248,Au,5,557,2002,1,1,1,0.5,1,1,0,0
1248,Au,5,557,2003,2,1,0,1,0,0,0,0
1249,Au,5,558,2002,1,1,0,1,0,0,0,0
1250,Au,5,559,2002,1,1.5,2.5,2.5,4.5,1,0,0
1250,Au,5,559,2003,2,2.5,4,4.5,5.5,1,0,0
1250,Au,5,559,2004,3,4,3,5.5,5,1,0,0
1250,Au,5,559,2005,4,3,4,5,3.5,1,0,0
1250,Au,5,559,2006,5,4,0,3.5,0,0,0,0
1251,Au,5,560,2002,1,2,0,3,0,0,0,0
1252,Au,5,561,2002,1,1,1,1.5,1.5,1,0,0
1252,Au,5,561,2003,2,1,0,1.5,0,0,0,0
1253,Au,5,562,2002,1,1,2,2,1,1,0,0
1253,Au,5,562,2003,2,2,0,1,0,0,0,0
1254,Au,5,563,2002,1,1,2,2,4,1,0,0
1254,Au,5,563,2003,2,2,0,4,0,0,0,0
1255,Au,5,564,2002,1,1,2,2,4,1,0,0
1255,Au,5,564,2003,2,2,0,4,0,0,0,0
1256,Au,5,565,2002,1,1,2,2,4,1,0,0
1256,Au,5,565,2003,2,2,0,4,0,0,0,0
1257,Au,5,566,2002,1,1,2,2,4,1,0,0
1257,Au,5,566,2003,2,2,0,4,0,0,0,0
1258,Au,5,567,2002,1,1,2,2,2,1,0,0
1258,Au,5,567,2003,2,2,0,2,0,0,0,0
1259,Au,5,568,2002,1,0.5,1,1.5,1,1,0,0
1259,Au,5,568,2003,2,1,0,1,0,0,0,0
1260,Au,5,569,2002,1,1,2,2,2,1,0,0
1260,Au,5,569,2003,2,2,0,2,0,0,0,0
1261,Au,5,571,2002,1,0.5,0,0.5,0,0,0,0
1262,Au,5,572,2002,1,1,0,0.5,0,0,0,0
1263,Au,5,574,2002,1,1,1,1,1,1,0,0
1263,Au,5,574,2003,2,1,0,1,0,0,0,0
1264,Au,5,575,2002,1,1,0,1,0,0,0,0
1265,Au,5,576,2002,1,1.5,1.5,1.5,2.5,1,0,0
1265,Au,5,576,2003,2,1.5,0,2.5,0,0,0,0
1266,Au,5,577,2002,1,2.5,1.5,2,2.5,1,0,0
1266,Au,5,577,2003,2,1.5,0,2.5,0,0,0,0
1267,Au,5,578,2002,1,0.5,1,2,2.5,1,0,0
1267,Au,5,578,2003,2,1,0,2.5,0,0,0,0
1268,Au,5,579,2002,1,0.5,0,1,0,0,0,0
1269,Au,5,580,2002,1,0.5,1.5,2,2,1,0,0
1269,Au,5,580,2003,2,1.5,0,2,0,0,0,0
1270,Au,5,582,2002,1,1,0,2.5,0,0,0,0
1271,Au,5,584,2002,1,1.5,0,2,0,0,0,0
1272,Au,5,586,2003,1,1.5,0,2,0,0,0,0
1273,Au,5,587,2003,1,0.5,0,1,0,0,0,0
1274,Au,5,588,2003,1,1,0,2,0,0,0,0
1275,Au,5,589,2003,1,0.5,0,1.5,0,0,0,0
1276,Au,5,592,2004,1,1.5,0,1,0,0,0,0
1277,Au,5,595,2004,1,1.5,0,1,0,0,0,0
1278,Au,5,597,2004,1,1.5,0,1.5,0,0,0,0
1279,Au,5,598,2004,1,1.5,0,1,0,0,0,0
1280,Au,5,599,2004,1,1.5,0,0.5,0,0,0,0
1281,Au,5,601,2004,1,1,0,1,0,0,0,0
1282,Au,5,603,2004,1,0.5,0,0.5,0,0,0,0
1283,Au,5,604,2004,1,0.5,0,0.5,0,0,0,0
1284,Au,5,606,2004,1,1.5,0,0.5,0,0,0,0
1285,Au,5,607,2004,1,1,0,1,0,0,0,0
1286,Au,5,608,2004,1,1.5,0,2,0,0,0,0
1287,Au,5,609,2004,1,1,0,1,0,0,0,0
1288,Au,5,617,2004,1,0.5,0,1,0,0,0,0
1289,Au,5,622,2004,1,0.5,0,0.5,0,0,0,0
1290,Au,5,623,2004,1,0.5,0,1,0,0,0,0
1291,Au,5,625,2004,1,0.5,0,0.5,0,0,0,0
1292,Au,5,627,2004,1,1,2.5,1.5,0.5,1,0,0
1292,Au,5,627,2005,2,2.5,0,0.5,0,0,0,0
1293,Au,5,631,2004,1,1,0,1,0,0,0,0
1294,Au,5,632,2004,1,1,0,0.5,0,0,0,0
1295,Au,5,633,2004,1,0.5,0,1.5,0,0,0,0
1296,Au,5,634,2004,1,1.5,0,0.5,0,0,0,0
1297,Au,5,635,2004,1,1,0,0.5,0,0,0,0
1298,Au,5,636,2004,1,1,0.5,1,2.5,1,0,0
1298,Au,5,636,2005,2,0.5,0,2.5,0,0,0,0
1299,Au,5,637,2004,1,1,0,0.5,0,0,0,0
1300,Au,5,638,2004,1,1,0,0.5,0,0,0,0
1301,Au,5,639,2004,1,0.5,0,0.5,0,0,0,0
1302,Au,5,640,2004,1,1,0,0.5,0,0,0,0
1303,Au,5,641,2004,1,1,0.5,1.5,3,1,0,0
1303,Au,5,641,2005,2,0.5,0,3,0,0,0,0
1304,Au,5,643,2004,1,0.5,0,0.5,0,0,0,0
1305,Au,5,644,2004,1,0.5,0,0.5,0,0,0,0
1306,Au,5,645,2004,1,1,1.5,1.5,0.5,1,0,0
1306,Au,5,645,2005,2,1.5,0,0.5,0,0,0,0
1307,Au,5,646,2004,1,1.5,0,1,0,0,0,0
1308,Au,5,647,2004,1,1,0,1,0,0,0,0
1309,Au,5,651,2004,1,1,3.5,2,4,1,0,0
1309,Au,5,651,2005,2,3.5,5,4,5,1,0,0
1309,Au,5,651,2006,3,5,5,5,8.5,1,0,0
1309,Au,5,651,2007,4,5,7.5,8.5,8,1,0,0
1309,Au,5,651,2008,5,7.5,8,8,12.5,1,0,0
1309,Au,5,651,2009,6,8,0,12.5,0,0,0,0
1310,Au,5,655,2004,1,0.5,0,0.5,0,0,0,0
1311,Au,5,656,2004,1,0.5,0,0.5,0,0,0,0
1312,Au,5,666,2004,1,1,0,1,0,0,0,0
1313,Au,5,667,2004,1,0.5,0,1.5,0,0,0,0
1314,Au,5,668,2004,1,NA,0,0.5,0,0,0,0
1315,Au,5,669,2004,1,NA,0,0.5,0,0,0,0
1316,Au,5,670,2004,1,NA,0,0.5,0,0,0,0
1317,Au,5,673,2005,1,0.5,3.5,2.5,2,1,0,0
1317,Au,5,673,2006,2,3.5,0,2,0,0,0,0
1318,Au,5,678,2005,1,1.5,3,1,1.5,1,0,0
1318,Au,5,678,2006,2,3,1.5,1.5,1,1,0,0
1318,Au,5,678,2007,3,1.5,0,1,0,0,0,0
1319,Au,5,679,2005,1,NA,0,1.5,0,0,0,0
1320,Au,5,680,2005,1,NA,0,1,0,0,0,0
1321,Au,5,692,2007,1,0.5,0.5,1,0.5,1,0,0
1321,Au,5,692,2008,2,0.5,0,0.5,0,0,0,0
1322,Au,5,693,2007,1,0.5,0,1,0,0,0,0
1323,Au,5,695,2007,1,0.5,0,5,0,0,0,0
1324,Au,5,696,2008,1,1,3.5,2,2.5,1,0,0
1324,Au,5,696,2009,2,3.5,4,2.5,5,1,0,0
1324,Au,5,696,2010,3,4,9,5,11,1,0,0
1324,Au,5,696,2011,4,9,10,11,12,1,0,0
1324,Au,5,696,2012,5,10,22,12,26,1,1,9
1324,Au,5,696,2013,6,22,0,26,0,0,1,79
1325,Au,5,697,2009,1,0.5,0,1,0,0,0,0
1326,Au,5,699,2010,1,0.5,3,1.5,3,1,0,0
1326,Au,5,699,2011,2,3,4,3,4,1,0,0
1326,Au,5,699,2012,3,4,4,4,4,1,0,0
1326,Au,5,699,2013,4,4,4,4,6,1,0,0
1326,Au,5,699,2014,5,4,9,6,9,1,0,0
1326,Au,5,699,2015,6,9,17,9,18,1,0,0
1326,Au,5,699,2016,7,17,16,18,7,1,0,0
1326,Au,5,699,2017,8,16,0,7,0,0,1,33
1327,Au,5,700,2010,1,1.5,8,3,12,1,0,0
1327,Au,5,700,2011,2,8,0,12,0,0,0,0
1328,Au,5,704,2014,1,1.5,0,3.5,0,0,0,0
1329,Au,5,705,2014,1,2,3,4,3,1,0,0
1329,Au,5,705,2015,2,3,3.5,3,4,1,0,0
1329,Au,5,705,2016,3,3.5,3.5,4,8,1,0,0
1329,Au,5,705,2017,4,3.5,5,8,4,1,0,0
1329,Au,5,705,2018,5,5,3,4,3.5,1,0,0
1329,Au,5,705,2019,6,3,0,3.5,0,0,0,0
1330,Au,5,708,2014,1,1.5,4.5,2,4.5,1,0,0
1330,Au,5,708,2015,2,4.5,7,4.5,8,1,0,0
1330,Au,5,708,2016,3,7,14.5,8,13.5,1,0,0
1330,Au,5,708,2017,4,14.5,14,13.5,24,1,0,0
1330,Au,5,708,2018,5,14,0,24,0,0,1,72
1331,Au,5,710,2014,1,0.5,0,0.5,0,0,0,0
1332,Au,5,711,2014,1,1,4,4,6,1,0,0
1332,Au,5,711,2015,2,4,7.5,6,7,1,0,0
1332,Au,5,711,2016,3,7.5,11.5,7,8,1,0,0
1332,Au,5,711,2017,4,11.5,0,8,0,0,0,0
1333,Au,5,712,2014,1,0.5,9.5,6,12,1,0,0
1333,Au,5,712,2015,2,9.5,8,12,6,1,0,0
1333,Au,5,712,2016,3,8,0,6,0,0,0,0
1334,Au,5,716,2016,1,1,3,2,3.5,1,0,0
1334,Au,5,716,2017,2,3,0,3.5,0,0,0,0
1335,Au,5,717,2016,1,1,0,2,0,0,0,0
1336,Au,5,718,2016,1,1,0,2,0,0,0,0
1337,Au,5,719,2016,1,1,0,2,0,0,0,0
1338,Au,5,720,2016,1,1,0,2,0,0,0,0
1339,Au,5,721,2016,1,1,0,2,0,0,0,0
1340,Au,5,722,2016,1,1,0,2,0,0,0,0
1341,Au,5,723,2016,1,1,0,2,0,0,0,0
1342,Au,5,724,2016,1,1,0,2,0,0,0,0
1343,Au,5,725,2016,1,1,0,2,0,0,0,0
1344,Au,5,726,2016,1,1,0,2,0,0,0,0
1345,Au,5,727,2016,1,1,0,2,0,0,0,0
1346,Au,5,728,2016,1,1,0,2,0,0,0,0
1347,Au,5,729,2016,1,1,0,2,0,0,0,0
1348,Au,5,730,2016,1,1,0,2,0,0,0,0
1349,Au,5,731,2016,1,1,0,2,0,0,0,0
1350,Au,5,732,2016,1,1,0,2,0,0,0,0
1351,Au,5,735,2018,1,2,6,6,10.5,1,0,0
1351,Au,5,735,2019,2,6,14,10.5,14,1,0,0
1351,Au,5,735,2020,3,14,0,14,0,0,0,0
1352,Au,5,738,2018,1,1,0,3.5,0,0,0,0
1353,Au,5,740,2018,1,1.5,0,2.5,0,0,0,0
1354,Au,5,741,2018,1,0.5,0,2,0,0,0,0
1355,Au,5,742,2018,1,0.5,0,2.5,0,0,0,0
1356,Au,5,743,2018,1,2,0,3,0,0,0,0
1357,Au,5,744,2018,1,2,2,3,3,1,0,0
1357,Au,5,744,2019,2,2,0,3,0,0,0,0
1358,Au,5,745,2018,1,1.5,3,3,3,1,0,0
1358,Au,5,745,2019,2,3,0,3,0,0,0,0
1359,Au,5,746,2018,1,1.5,4,3,4,1,0,0
1359,Au,5,746,2019,2,4,8,4,10,1,0,0
1359,Au,5,746,2020,3,8,9,10,8,1,0,0
1359,Au,5,746,2021,4,9,7,8,6,1,0,0
1359,Au,5,746,2022,5,7,NA,6,NA,NA,0,0
1360,Au,5,748,2018,1,1.5,6,2,3.5,1,0,0
1360,Au,5,748,2019,2,6,0,3.5,0,0,0,0
1361,Au,5,749,2018,1,0.5,3.5,3.5,2.5,1,0,0
1361,Au,5,749,2019,2,3.5,0,2.5,0,0,0,0
1362,Au,5,750,2018,1,0.5,0,3.5,0,0,0,0
1363,Au,5,751,2018,1,0.5,4,2.5,3,1,0,0
1363,Au,5,751,2019,2,4,0,3,0,0,0,0
1364,Au,5,752,2018,1,1.5,0,2.5,0,0,0,0
1365,Au,5,753,2018,1,1,6,7,8,1,0,0
1365,Au,5,753,2019,2,6,7,8,5.5,1,0,0
1365,Au,5,753,2020,3,7,9,5.5,8,1,0,0
1365,Au,5,753,2021,4,9,5,8,5,1,0,0
1365,Au,5,753,2022,5,5,NA,5,NA,NA,0,0
1366,Au,5,754,2018,1,0.5,5,4,6.5,1,0,0
1366,Au,5,754,2019,2,5,5,6.5,6,1,0,0
1366,Au,5,754,2020,3,5,7.5,6,7.5,1,0,0
1366,Au,5,754,2021,4,7.5,7,7.5,8,1,0,0
1366,Au,5,754,2022,5,7,NA,8,NA,NA,1,4
1367,Au,5,757,2018,1,1.5,0,6,0,0,0,0
1368,Au,5,758,2018,1,0.5,0,2,0,0,0,0
1369,Au,5,760,2019,1,4,7,1,5,1,0,0
1369,Au,5,760,2020,2,7,9,5,5,1,0,0
1369,Au,5,760,2021,3,9,4,5,4,1,0,0
1369,Au,5,760,2022,4,4,NA,4,NA,NA,0,0
1370,Au,5,800,2019,1,1,0,1,0,0,0,0
1371,Au,5,801,2019,1,1,0,1,0,0,0,0
1372,Au,5,802,2019,1,1,0,1,0,0,0,0
1373,Au,5,803,2019,1,1,0,1,0,0,0,0
1374,Au,5,804,2019,1,1,0,1,0,0,0,0
1375,Au,5,805,2019,1,1,0,1,0,0,0,0
1376,Au,5,806,2019,1,1,0,1,0,0,0,0
1377,Au,5,807,2019,1,1,0,1,0,0,0,0
1378,Au,5,808,2019,1,1,0,1,0,0,0,0
1379,Au,5,809,2019,1,1,0,1,0,0,0,0
1380,Au,5,810,2019,1,1,0,1,0,0,0,0
1381,Au,5,820,2019,1,1,0,1,0,0,0,0
1382,Au,5,821,2019,1,1,0,1,0,0,0,0
1383,Au,5,822,2019,1,1,0,0.5,0,0,0,0
1384,Au,5,823,2019,1,1,0,0.5,0,0,0,0
1385,Au,5,824,2019,1,1,0,0.5,0,0,0,0
1386,Au,5,854,2019,1,2,0,2.5,0,0,0,0
1387,Au,5,855,2019,1,2,0,2.5,0,0,0,0
1388,Au,5,856,2019,1,2,0,2.5,0,0,0,0
1389,Au,5,857,2019,1,2,0,2.5,0,0,0,0
1390,Au,5,860,2019,1,1.5,0,3,0,0,0,0
1391,Au,5,861,2019,1,1,0,2,0,0,0,0
1392,Au,5,862,2019,1,2,0,2,0,0,0,0
1393,Au,5,863,2019,1,2,0,2,0,0,0,0
1394,Au,5,866,2019,1,1,0,1,0,0,0,0
1395,Au,5,868,2019,1,2,0,3,0,0,0,0
1396,Au,5,873,2019,1,0.5,3.5,1,3.5,1,0,0
1396,Au,5,873,2020,2,3.5,0,3.5,0,0,0,0
1397,Au,5,880,2019,1,0.5,0,1,0,0,0,0
1398,Au,5,881,2019,1,0.5,0,1,0,0,0,0
1399,Au,5,882,2019,1,0.5,0,1,0,0,0,0
1400,Au,5,883,2019,1,0.5,0,1,0,0,0,0
1401,Au,5,884,2019,1,0.5,0,1,0,0,0,0
1402,Au,5,885,2019,1,0.5,0,1,0,0,0,0
1403,Au,5,886,2019,1,0.5,0,1,0,0,0,0
1404,Au,5,887,2019,1,0.5,0,1,0,0,0,0
1405,Au,5,888,2019,1,0.5,0,1,0,0,0,0
1406,Au,5,889,2019,1,0.5,0,1,0,0,0,0
1407,Au,5,890,2019,1,0.5,0,1,0,0,0,0
1408,Au,5,891,2019,1,0.5,0,1,0,0,0,0
1409,Au,5,905,2019,1,NA,0,0.5,0,0,0,0
1410,Au,5,906,2019,1,NA,0,0.5,0,0,0,0
1411,Au,5,907,2019,1,NA,2.5,0.5,3,1,0,0
1411,Au,5,907,2020,2,2.5,3,3,4.5,1,0,0
1411,Au,5,907,2021,3,3,0,4.5,0,0,0,0
1412,Au,5,912,2020,1,3,0,3,0,0,0,0
1413,Au,5,913,2020,1,5,5.5,6,6.5,1,0,0
1413,Au,5,913,2021,2,5.5,0,6.5,0,0,0,0
1414,Au,5,916,2020,1,3,0,2.5,0,0,0,0
1415,Au,5,917,2020,1,1,5,2.5,3,1,0,0
1415,Au,5,917,2021,2,5,0,3,0,0,0,0
1416,Au,5,920,2020,1,1,0,2,0,0,0,0
1417,Au,5,921,2020,1,0.5,4,0.5,9.5,1,0,0
1417,Au,5,921,2021,2,4,9,9.5,8,1,0,0
1417,Au,5,921,2022,3,9,NA,8,NA,NA,0,0
1418,Au,5,922,2020,1,3,0,3,0,0,0,0
1419,Au,5,925,2020,1,4.5,0,3,0,0,0,0
1420,Au,5,928,2021,1,2,2.5,8.5,3,1,0,0
1420,Au,5,928,2022,2,2.5,NA,3,NA,NA,0,0
1421,Au,17,1,1997,1,1,2,1,2.5,1,0,0
1421,Au,17,1,1998,2,2,1.5,2.5,3,1,0,0
1421,Au,17,1,1999,3,1.5,4,3,5.5,1,0,0
1421,Au,17,1,2000,4,4,3.5,5.5,3,1,0,0
1421,Au,17,1,2001,5,3.5,0,3,0,0,0,0
1422,Au,17,2,1997,1,0.5,0.5,0.5,0.5,1,0,0
1422,Au,17,2,1998,2,0.5,0,0.5,0,0,0,0
1423,Au,17,3,2002,1,0.5,0,0.5,0,0,0,0
1424,Au,17,4,2002,1,2,0,2.5,0,0,0,0
1425,Au,18,1,1994,NA,NA,0,10.5,0,0,0,0
1426,Au,18,2,1994,NA,NA,11.5,11,12,1,0,0
1426,Au,18,2,1995,NA,11.5,0,12,0,0,1,33
1427,Au,19,1,1994,NA,NA,6.5,8,8.5,1,0,0
1427,Au,19,1,1995,NA,6.5,0,8.5,0,0,0,0
1428,Au,19,2,1994,NA,NA,10.5,9,14,1,0,0
1428,Au,19,2,1995,NA,10.5,13,14,16,1,0,0
1428,Au,19,2,1996,NA,13,0,16,0,0,1,44
1429,Au,19,3,1994,NA,NA,0,14,0,0,1,20
1430,Au,19,4,1994,NA,NA,0,10,0,0,0,0
1431,Au,19,9,1995,1,1,0,1,0,0,0,0
1432,Au,19,10,1995,1,1,0,0.5,0,0,0,0
1433,Au,19,14,1995,1,NA,0,1,0,0,0,0
1434,Au,19,16,1997,1,2.5,5,4.5,6.5,1,0,0
1434,Au,19,16,1998,2,5,7,6.5,12,1,0,0
1434,Au,19,16,1999,3,7,14,12,19.5,1,0,0
1434,Au,19,16,2000,4,14,18,19.5,16,1,0,0
1434,Au,19,16,2001,5,18,0,16,0,0,1,NA
1435,Au,19,17,1997,1,1.5,1.5,2,2.5,1,0,0
1435,Au,19,17,1998,2,1.5,5,2.5,7,1,0,0
1435,Au,19,17,1999,3,5,5,7,7,1,0,0
1435,Au,19,17,2000,4,5,7.5,7,9,1,0,0
1435,Au,19,17,2001,5,7.5,7,9,12,1,0,0
1435,Au,19,17,2002,6,7,7.5,12,12.5,1,0,0
1435,Au,19,17,2003,7,7.5,7.5,12.5,13.5,1,0,0
1435,Au,19,17,2004,8,7.5,0,13.5,0,0,0,0
1436,Au,19,18,1997,1,1.5,4.5,1.5,5,1,0,0
1436,Au,19,18,1998,2,4.5,3,5,2,1,0,0
1436,Au,19,18,1999,3,3,0,2,0,0,0,0
1437,Au,19,21,1997,1,0.5,0,1,0,0,0,0
1438,Au,19,26,1997,1,2,0,1.5,0,0,0,0
1439,Au,19,27,1997,1,1,2.5,2.5,4,1,0,0
1439,Au,19,27,1998,2,2.5,0,4,0,0,0,0
1440,Au,19,28,1997,1,1.5,1.5,0.5,2,1,0,0
1440,Au,19,28,1998,2,1.5,4,2,15,1,0,0
1440,Au,19,28,1999,3,4,13,15,14.5,1,0,0
1440,Au,19,28,2000,4,13,8,14.5,8.5,1,0,0
1440,Au,19,28,2001,5,8,9,8.5,13,1,0,0
1440,Au,19,28,2002,6,9,12,13,9,1,0,0
1440,Au,19,28,2003,7,12,0,9,0,0,1,NA
1441,Au,19,29,1997,1,1.5,0,1,0,0,0,0
1442,Au,19,30,1997,1,1.5,0,2,0,0,0,0
1443,Au,19,31,1997,1,1.5,0,1,0,0,0,0
1444,Au,19,33,1997,1,0.5,4,1,6,1,0,0
1444,Au,19,33,1998,2,4,4.5,6,8,1,0,0
1444,Au,19,33,1999,3,4.5,6.5,8,13.5,1,0,0
1444,Au,19,33,2000,4,6.5,8.5,13.5,12,1,0,0
1444,Au,19,33,2001,5,8.5,11,12,17.5,1,0,0
1444,Au,19,33,2002,6,11,13.5,17.5,12.5,1,0,0
1444,Au,19,33,2003,7,13.5,0,12.5,0,0,1,NA
1445,Au,19,36,1997,1,1,3,1.5,4,1,0,0
1445,Au,19,36,1998,2,3,4,4,7,1,0,0
1445,Au,19,36,1999,3,4,5.5,7,8.5,1,0,0
1445,Au,19,36,2000,4,5.5,7,8.5,9,1,0,0
1445,Au,19,36,2001,5,7,8.5,9,14,1,0,0
1445,Au,19,36,2002,6,8.5,11.5,14,9.5,1,0,0
1445,Au,19,36,2003,7,11.5,0,9.5,0,0,1,NA
1446,Au,19,43,1997,1,1,0,1.5,0,0,0,0
1447,Au,19,51,1997,1,1,0,1,0,0,0,0
1448,Au,19,70,1997,1,1,2.5,1,3.5,1,0,0
1448,Au,19,70,1998,2,2.5,0,3.5,0,0,0,0
1449,Au,19,86,1997,1,1,0,1,0,0,0,0
1450,Au,19,98,1997,1,1,2.5,2,3,1,0,0
1450,Au,19,98,1998,2,2.5,10,3,16.5,1,0,0
1450,Au,19,98,1999,3,10,20,16.5,21,1,0,0
1450,Au,19,98,2000,4,20,12.5,21,14.5,1,0,0
1450,Au,19,98,2001,5,12.5,9,14.5,12,1,0,0
1450,Au,19,98,2002,6,9,0,12,0,0,1,12
1451,Au,19,100,1997,1,1,5.5,3,7,1,0,0
1451,Au,19,100,1998,2,5.5,6,7,13,1,0,0
1451,Au,19,100,1999,3,6,12.5,13,11.5,1,0,0
1451,Au,19,100,2000,4,12.5,9,11.5,11.5,1,0,0
1451,Au,19,100,2001,5,9,9,11.5,16,1,0,0
1451,Au,19,100,2002,6,9,10.5,16,9,1,0,0
1451,Au,19,100,2003,7,10.5,0,9,0,0,1,NA
1452,Au,19,102,1997,1,1,2,1.5,2,1,0,0
1452,Au,19,102,1998,2,2,4,2,8,1,0,0
1452,Au,19,102,1999,3,4,15.5,8,20.5,1,0,0
1452,Au,19,102,2000,4,15.5,13.5,20.5,12,1,0,0
1452,Au,19,102,2001,5,13.5,0,12,0,0,1,NA
1453,Au,19,103,1997,1,1,4,1.5,7,1,0,0
1453,Au,19,103,1998,2,4,0,7,0,0,0,0
1454,Au,19,105,1997,1,1,0,2,0,0,0,0
1455,Au,19,106,1997,1,1,5,2,5,1,0,0
1455,Au,19,106,1998,2,5,0,5,0,0,0,0
1456,Au,19,107,1997,1,1,6,2,6.5,1,0,0
1456,Au,19,107,1998,2,6,7.5,6.5,18,1,0,0
1456,Au,19,107,1999,3,7.5,14,18,18.5,1,0,0
1456,Au,19,107,2000,4,14,19,18.5,16,1,0,0
1456,Au,19,107,2001,5,19,0,16,0,0,1,NA
1457,Au,19,109,1997,1,1,4.5,2,4.5,1,0,0
1457,Au,19,109,1998,2,4.5,8.5,4.5,12,1,0,0
1457,Au,19,109,1999,3,8.5,13,12,22,1,0,0
1457,Au,19,109,2000,4,13,12,22,13,1,0,0
1457,Au,19,109,2001,5,12,10,13,15,1,0,0
1457,Au,19,109,2002,6,10,0,15,0,0,0,0
1458,Au,19,110,1997,1,1,4.5,2,4.5,1,0,0
1458,Au,19,110,1998,2,4.5,0,4.5,0,0,0,0
1459,Au,19,111,1997,1,1,6,2,9,1,0,0
1459,Au,19,111,1998,2,6,12.5,9,20.5,1,0,0
1459,Au,19,111,1999,3,12.5,14,20.5,18,1,0,0
1459,Au,19,111,2000,4,14,0,18,0,0,1,67
1460,Au,19,113,1997,1,1,3,2.5,5,1,0,0
1460,Au,19,113,1998,2,3,7.5,5,11.5,1,0,0
1460,Au,19,113,1999,3,7.5,10,11.5,17,1,0,0
1460,Au,19,113,2000,4,10,13.5,17,11.5,1,0,0
1460,Au,19,113,2001,5,13.5,0,11.5,0,0,1,NA
1461,Au,19,119,1997,1,1,5,3,7,1,0,0
1461,Au,19,119,1998,2,5,0,7,0,0,0,0
1462,Au,19,126,1997,1,NA,0,1,0,0,0,0
1463,Au,19,129,1998,1,1,0,0.5,0,0,0,0
1464,Au,19,135,1998,1,NA,0,0.5,0,0,0,0
1465,Au,19,137,1999,1,0.5,2.5,4.5,1.5,1,0,0
1465,Au,19,137,2000,2,2.5,0,1.5,0,0,0,0
1466,Au,19,138,2000,1,0.5,0,0.5,0,0,0,0
1467,Au,19,139,2001,1,1,0,1.5,0,0,0,0
1468,Au,19,144,2001,1,0.5,0,1.5,0,0,0,0
1469,Au,19,146,2001,1,0.5,0,0.5,0,0,0,0
1470,Au,19,147,2001,1,0.5,1.5,0.5,2,1,0,0
1470,Au,19,147,2002,2,1.5,0,2,0,0,0,0
1471,Au,19,148,2001,1,0.5,0,0.5,0,0,0,0
1472,Au,19,152,2001,1,1,4.5,2,8,1,0,0
1472,Au,19,152,2002,2,4.5,10,8,13,1,0,0
1472,Au,19,152,2003,3,10,10.5,13,13.5,1,0,0
1472,Au,19,152,2004,4,10.5,9,13.5,13,1,0,0
1472,Au,19,152,2005,5,9,5.5,13,7.5,1,1,NA
1472,Au,19,152,2006,6,5.5,0,7.5,0,0,0,0
1473,Au,19,153,2002,1,1,0,1,0,0,0,0
1474,Au,19,154,2002,1,1.5,0,0.5,0,0,0,0
1475,Au,19,155,2002,1,1.5,0,2,0,0,0,0
1476,Au,19,156,2002,1,1.5,0,1,0,0,0,0
1477,Au,19,157,2002,1,1,0,1,0,0,0,0
1478,Au,19,158,2002,1,1,0,1.5,0,0,0,0
1479,Au,19,159,2002,1,2,0,3.5,0,0,0,0
1480,Au,19,160,2002,1,2,3.5,3.5,5,1,0,0
1480,Au,19,160,2003,2,3.5,0,5,0,0,0,0
1481,Au,19,161,2002,1,0.5,0,0.5,0,0,0,0
1482,Au,19,162,2002,1,0.5,6,3,7,1,0,0
1482,Au,19,162,2003,2,6,7,7,10.5,1,0,0
1482,Au,19,162,2004,3,7,0,10.5,0,0,0,0
1483,Au,19,163,2003,1,1,0,1.5,0,0,0,0
1484,Au,80,1,2021,1,0.5,0,1,0,0,0,0
1485,Au,80,3,2021,1,0.5,0,1,0,0,0,0
1486,Au,80,4,2021,1,0.5,0,1,0,0,0,0
1487,Au,80,5,2021,1,0.5,0,1,0,0,0,0
1488,Au,80,7,2021,1,0.5,0,1,0,0,0,0
1489,Au,80,8,2021,1,0.5,0,1,0,0,0,0
1490,Au,80,9,2021,1,0.5,0,1,0,0,0,0
1491,Au,80,44,2021,NA,9,0,8,0,0,1,10
1492,Au,80,45,2022,1,0.5,NA,0.5,NA,NA,0,0
1493,Au,80,46,2022,1,0.5,NA,0.5,NA,NA,0,0
1494,Au,80,47,2022,1,0.5,NA,0.5,NA,NA,0,0
1495,Au,84,1,2021,1,3,0,2,0,0,0,0
1496,Au,84,2,2021,1,2,0,1,0,0,0,0
1497,Au,84,4,2021,1,2.5,3,1,1,1,0,0
1497,Au,84,4,2022,2,3,NA,1,NA,NA,0,0
1498,Au,84,5,2021,1,2,0,2.5,0,0,0,0
1499,Au,84,6,2021,1,2,0,2,0,0,0,0
1500,Au,84,7,2021,1,2,0,2.5,0,0,0,0
1501,Au,84,9,2021,1,1.5,0,1.5,0,0,0,0
1502,Au,84,10,2021,1,1.5,0,2,0,0,0,0
1503,Cr,21,1,1994,NA,NA,0,10,0,0,0,0
1504,Cr,21,2,1994,NA,NA,0,11,0,0,0,0
1505,Cr,21,3,1994,NA,NA,5,6,7.5,1,0,0
1505,Cr,21,3,1995,NA,5,6,7.5,11,1,0,0
1505,Cr,21,3,1996,NA,6,11,11,11,1,0,0
1505,Cr,21,3,1997,NA,11,8.5,11,11,1,0,0
1505,Cr,21,3,1998,NA,8.5,0,11,0,0,0,0
1506,Cr,21,4,1994,NA,NA,0,0.5,0,0,0,0
1507,Cr,21,5,1994,NA,NA,5.5,1.5,5.5,1,0,0
1507,Cr,21,5,1995,NA,5.5,4.5,5.5,6,1,0,0
1507,Cr,21,5,1996,NA,4.5,9,6,9,1,0,0
1507,Cr,21,5,1997,NA,9,9,9,10.5,1,0,0
1507,Cr,21,5,1998,NA,9,8.5,10.5,9.5,1,0,0
1507,Cr,21,5,1999,NA,8.5,13,9.5,15.5,1,0,0
1507,Cr,21,5,2000,NA,13,14,15.5,10,1,0,0
1507,Cr,21,5,2001,NA,14,0,10,0,0,1,10
1508,Cr,21,7,1995,1,3.5,0,1,0,0,0,0
1509,Cr,21,9,1995,1,2.5,0,2.5,0,0,0,0
1510,Cr,21,10,1998,1,2,6.5,3,7.5,1,0,0
1510,Cr,21,10,1999,2,6.5,8,7.5,8.5,1,0,0
1510,Cr,21,10,2000,3,8,12.5,8.5,11,1,0,0
1510,Cr,21,10,2001,4,12.5,16,11,11,1,0,0
1510,Cr,21,10,2002,5,16,9,11,14,1,0,0
1510,Cr,21,10,2003,6,9,16,14,14,1,0,0
1510,Cr,21,10,2004,7,16,18,14,16,1,0,0
1510,Cr,21,10,2005,8,18,0,16,0,0,0,0
1511,Cr,21,12,1998,1,1,0,1,0,0,0,0
1512,Cr,21,14,1998,1,0.5,0,0.5,0,0,0,0
1513,Cr,21,15,1999,1,1.5,7,3.5,8,1,0,0
1513,Cr,21,15,2000,2,7,8.5,8,9,1,0,0
1513,Cr,21,15,2001,3,8.5,10,9,8.5,1,0,0
1513,Cr,21,15,2002,4,10,6,8.5,13,1,0,0
1513,Cr,21,15,2003,5,6,0,13,0,0,0,0
1514,Cr,21,16,1999,1,1.5,2,2.5,3.5,1,0,0
1514,Cr,21,16,2000,2,2,4,3.5,2.5,1,0,0
1514,Cr,21,16,2001,3,4,0,2.5,0,0,0,0
1515,Cr,21,19,2002,1,1.5,3,2.5,6,1,0,0
1515,Cr,21,19,2003,2,3,7,6,9,1,0,0
1515,Cr,21,19,2004,3,7,10.5,9,13.5,1,0,0
1515,Cr,21,19,2005,4,10.5,10.5,13.5,12,1,0,0
1515,Cr,21,19,2006,5,10.5,16.5,12,12,1,0,0
1515,Cr,21,19,2007,6,16.5,12,12,14,1,0,0
1515,Cr,21,19,2008,7,12,10.5,14,20,1,0,0
1515,Cr,21,19,2009,8,10.5,0,20,0,0,0,0
1516,Cr,21,23,2005,1,1.5,0,1.5,0,0,0,0
1517,Cr,21,25,2013,1,2,0,4,0,0,0,0
1518,Cr,22,1,1994,NA,NA,23.5,22,23,1,0,0
1518,Cr,22,1,1995,NA,23.5,0,23,0,0,1,73
1519,Cr,22,2,1994,NA,NA,4,4,15,1,0,0
1519,Cr,22,2,1995,NA,4,0,15,0,0,0,0
1520,Cr,35,1,1994,NA,NA,16,20,20,1,0,0
1520,Cr,35,1,1995,NA,16,0,20,0,0,0,0
1521,Cr,36,1,1995,NA,21,15,23,15,1,1,18
1521,Cr,36,1,1996,NA,15,25,15,25,1,1,NA
1521,Cr,36,1,1997,NA,25,0,25,0,0,1,NA
1522,Cr,37,1,1995,NA,NA,0,14.5,0,0,1,NA
1523,Cr,37,2,1995,NA,NA,0,10.5,0,0,1,NA
1524,Cr,37,3,1996,NA,15,0,11.5,0,0,1,NA
1525,Cr,37,5,1996,NA,8.5,0,7,0,0,1,NA
1526,Cr,37,6,1996,NA,4.5,0,9,0,0,0,0
1527,Cr,37,7,1996,1,6,0,7,0,0,0,0
1528,Cr,37,8,1996,1,3,0,6,0,0,0,0
1529,Cr,37,9,1996,1,3.5,0,6.5,0,0,0,0
1530,Cr,37,10,1996,1,3.5,0,6,0,0,0,0
1531,Cr,37,11,1996,1,3.5,0,7,0,0,0,0
1532,Cr,37,12,1996,1,1.5,0,3,0,0,0,0
1533,Cr,37,13,1996,1,3,0,7,0,0,0,0
1534,Cr,37,14,1996,1,3.5,0,6,0,0,0,0
1535,Cr,37,15,1996,1,3,0,6.5,0,0,0,0
1536,Cr,37,67,1999,1,3.5,3,5.5,3,1,0,0
1536,Cr,37,67,2000,2,3,2,3,2,1,0,0
1536,Cr,37,67,2001,3,2,4,2,6,1,0,0
1536,Cr,37,67,2002,4,4,5.5,6,6,1,0,0
1536,Cr,37,67,2003,5,5.5,8.5,6,8,1,0,0
1536,Cr,37,67,2004,6,8.5,14,8,15.5,1,0,0
1536,Cr,37,67,2005,7,14,23,15.5,18,1,0,0
1536,Cr,37,67,2006,8,23,0,18,0,0,1,NA
1537,Cr,37,68,2001,1,1.5,4,1,5,1,0,0
1537,Cr,37,68,2002,2,4,5,5,6,1,0,0
1537,Cr,37,68,2003,3,5,8.5,6,8.5,1,0,0
1537,Cr,37,68,2004,4,8.5,14,8.5,15,1,0,0
1537,Cr,37,68,2005,5,14,25,15,21,1,0,0
1537,Cr,37,68,2006,6,25,5,21,7.5,1,1,NA
1537,Cr,37,68,2007,7,5,25,7.5,35,1,0,0
1537,Cr,37,68,2008,8,25,0,35,0,0,1,NA
1538,Cr,37,69,2004,1,3.5,0,8,0,0,0,0
1539,Cr,37,70,2009,1,1.5,0,4.5,0,0,0,0
1540,Cr,37,71,2009,1,2,0,4.5,0,0,0,0
1541,Cr,37,72,2009,1,0.5,0,2.5,0,0,0,0
1542,Cr,37,73,2009,1,1,0,3,0,0,0,0
1543,Cr,37,74,2009,1,1,0,1.5,0,0,0,0
1544,Cr,37,75,2009,1,1,0,1.5,0,0,0,0
1545,Cr,37,76,2009,1,1,9.5,1.5,15,1,0,0
1545,Cr,37,76,2010,2,9.5,21,15,24,1,0,0
1545,Cr,37,76,2011,3,21,0,24,0,0,1,NA
1546,Cr,37,82,2009,1,1.5,0,1,0,0,0,0
1547,Cr,37,90,2009,1,1,0,1,0,0,0,0
1548,Cr,37,91,2009,1,1,0,2,0,0,0,0
1549,Cr,37,92,2009,1,1,0,2,0,0,0,0
1550,Cr,37,93,2009,1,1,0,3.5,0,0,0,0
1551,Cr,37,96,2009,1,1,0,1,0,0,0,0
1552,Cr,37,103,2009,1,1,0,2,0,0,0,0
1553,Cr,37,107,2009,1,1,0,3.5,0,0,0,0
1554,Cr,37,109,2009,1,1,0,2.5,0,0,0,0
1555,Cr,37,120,2009,1,1,5.5,2,6,1,0,0
1555,Cr,37,120,2010,2,5.5,6,6,6,1,0,0
1555,Cr,37,120,2011,3,6,0,6,0,0,1,NA
1556,Cr,37,125,2009,1,3,0,3,0,0,0,0
1557,Cr,37,126,2009,1,2.5,0,2.5,0,0,0,0
1558,Cr,37,127,2010,1,2.5,9,5,9,1,0,0
1558,Cr,37,127,2011,2,9,0,9,0,0,0,0
1559,Cr,37,128,2010,1,1.5,6,2.5,4,1,0,0
1559,Cr,37,128,2011,2,6,0,4,0,0,0,0
1560,Cr,37,129,2010,1,1.5,6,5,5,1,0,0
1560,Cr,37,129,2011,2,6,0,5,0,0,0,0
1561,Cr,37,131,2010,1,2,7,4,8,1,0,0
1561,Cr,37,131,2011,2,7,0,8,0,0,0,0
1562,Cr,37,133,2010,1,3,11,4.5,9,1,0,0
1562,Cr,37,133,2011,2,11,0,9,0,0,0,0
1563,Cr,37,138,2017,1,1,0,2,0,0,0,0
1564,Cr,37,139,2017,1,3,8,4,15,1,0,0
1564,Cr,37,139,2018,2,8,11,15,21,1,0,0
1564,Cr,37,139,2019,3,11,0,21,0,0,1,67
1565,Cr,37,140,2017,1,1,0,2,0,0,0,0
1566,Cr,37,143,2020,1,3,0,2.5,0,0,0,0
1567,Cr,37,144,2020,1,2,3.5,3,7.5,1,0,0
1567,Cr,37,144,2021,2,3.5,9,7.5,8,1,0,0
1567,Cr,37,144,2022,3,9,NA,8,NA,NA,0,0
1568,Cr,38,1,1996,NA,8.5,0,6,0,0,1,NA
1569,Cr,38,2,1996,NA,11,0,13.5,0,0,1,NA
1570,Cr,38,3,1996,NA,8,0,7,0,0,1,NA
1571,Cr,38,4,1996,NA,6.5,8,9.5,8,1,0,0
1571,Cr,38,4,1997,NA,8,0,8,0,0,1,NA
1572,Cr,38,5,1996,NA,9.5,12,10,17,1,0,0
1572,Cr,38,5,1997,NA,12,17,17,20,1,0,0
1572,Cr,38,5,1998,NA,17,9,20,10,1,1,34
1572,Cr,38,5,1999,NA,9,0,10,0,0,1,15
1573,Cr,38,7,1996,NA,4,0,10,0,0,1,NA
1574,Cr,38,8,1996,NA,2.5,13.5,10.5,18.5,1,0,0
1574,Cr,38,8,1997,NA,13.5,16,18.5,12,1,0,0
1574,Cr,38,8,1998,NA,16,0,12,0,0,1,43
1575,Cr,38,9,1996,NA,2,11,12,12,1,1,NA
1575,Cr,38,9,1997,NA,11,0,12,0,0,1,NA
1576,Cr,38,10,1996,NA,12,0,14.5,0,0,1,NA
1577,Cr,38,11,1996,NA,6,0,6,0,0,0,0
1578,Cr,38,12,1996,NA,7.5,8,11,7,1,0,0
1578,Cr,38,12,1997,NA,8,0,7,0,0,1,NA
1579,Cr,38,13,1996,NA,4,7,8.5,11,1,0,0
1579,Cr,38,13,1997,NA,7,10,11,9,1,0,0
1579,Cr,38,13,1998,NA,10,0,9,0,0,0,0
1580,Cr,38,14,1996,NA,7,14,11.5,17.5,1,0,0
1580,Cr,38,14,1997,NA,14,17,17.5,9.5,1,0,0
1580,Cr,38,14,1998,NA,17,0,9.5,0,0,1,36
1581,Cr,38,15,1996,NA,5.5,13,11,16,1,0,0
1581,Cr,38,15,1997,NA,13,12,16,13,1,0,0
1581,Cr,38,15,1998,NA,12,0,13,0,0,0,0
1582,Cr,38,16,1996,NA,9,13,12,12,1,0,0
1582,Cr,38,16,1997,NA,13,0,12,0,0,1,NA
1583,Cr,38,17,1996,NA,3,6.5,5.5,7,1,0,0
1583,Cr,38,17,1997,NA,6.5,7.5,7,9,1,0,0
1583,Cr,38,17,1998,NA,7.5,11.5,9,15,1,0,0
1583,Cr,38,17,1999,NA,11.5,17.5,15,10.5,1,0,0
1583,Cr,38,17,2000,NA,17.5,0,10.5,0,0,1,20
1584,Cr,38,19,1997,1,1.5,4,2,6.5,1,0,0
1584,Cr,38,19,1998,2,4,3,6.5,8,1,0,0
1584,Cr,38,19,1999,3,3,4.5,8,8,1,0,0
1584,Cr,38,19,2000,4,4.5,12,8,12,1,0,0
1584,Cr,38,19,2001,5,12,15,12,24.5,1,0,0
1584,Cr,38,19,2002,6,15,21,24.5,14,1,0,0
1584,Cr,38,19,2003,7,21,0,14,0,0,1,NA
1585,Cr,38,42,1997,1,2,6,2.5,8,1,0,0
1585,Cr,38,42,1998,2,6,11,8,16,1,0,0
1585,Cr,38,42,1999,3,11,18.5,16,14,1,0,0
1585,Cr,38,42,2000,4,18.5,0,14,0,0,1,17
1586,Cr,38,43,1997,1,2,7,2.5,9,1,0,0
1586,Cr,38,43,1998,2,7,10,9,11,1,0,0
1586,Cr,38,43,1999,3,10,13.5,11,12,1,0,0
1586,Cr,38,43,2000,4,13.5,0,12,0,0,1,10
1587,Cr,38,44,1997,1,2,5.5,2.5,6.5,1,0,0
1587,Cr,38,44,1998,2,5.5,9.5,6.5,14,1,0,0
1587,Cr,38,44,1999,3,9.5,16,14,11,1,0,0
1587,Cr,38,44,2000,4,16,0,11,0,0,1,13
1588,Cr,38,45,1997,1,2,4,2.5,5.5,1,0,0
1588,Cr,38,45,1998,2,4,0,5.5,0,0,0,0
1589,Cr,38,46,1997,1,2,6,2.5,5.5,1,0,0
1589,Cr,38,46,1998,2,6,10,5.5,10.5,1,0,0
1589,Cr,38,46,1999,3,10,11,10.5,13,1,0,0
1589,Cr,38,46,2000,4,11,14.5,13,10,1,0,0
1589,Cr,38,46,2001,5,14.5,0,10,0,0,1,10
1590,Cr,38,47,1997,1,2,0,2.5,0,0,0,0
1591,Cr,38,48,1997,1,2,0,2.5,0,0,0,0
1592,Cr,38,49,1997,1,2,0,2.5,0,0,0,0
1593,Cr,38,64,1997,1,3,3.5,2.5,6.5,1,0,0
1593,Cr,38,64,1998,2,3.5,8,6.5,10.5,1,0,0
1593,Cr,38,64,1999,3,8,14,10.5,8.5,1,0,0
1593,Cr,38,64,2000,4,14,0,8.5,0,0,0,0
1594,Cr,38,66,1997,1,0.5,0,0.5,0,0,0,0
1595,Cr,38,73,1998,1,0.5,0,1,0,0,0,0
1596,Cr,38,74,1998,1,1,0,2.5,0,0,0,0
1597,Cr,38,79,1998,1,0.5,0,1,0,0,0,0
1598,Cr,38,81,1998,1,1,2.5,2.5,3,1,0,0
1598,Cr,38,81,1999,2,2.5,0,3,0,0,0,0
1599,Cr,38,82,1998,1,1,2.5,2.5,1.5,1,0,0
1599,Cr,38,82,1999,2,2.5,0,1.5,0,0,0,0
1600,Cr,38,83,1998,1,1,0,4,0,0,0,0
1601,Cr,38,86,1998,1,1,6.5,2.5,9.5,1,0,0
1601,Cr,38,86,1999,2,6.5,13.5,9.5,15.5,1,0,0
1601,Cr,38,86,2000,3,13.5,16.5,15.5,10,1,0,0
1601,Cr,38,86,2001,4,16.5,0,10,0,0,1,32
1602,Cr,38,87,1998,1,1,0,2,0,0,0,0
1603,Cr,38,88,1998,1,0.5,0,1,0,0,0,0
1604,Cr,38,92,1998,1,1,0,1,0,0,0,0
1605,Cr,38,98,1998,1,1,0,1.5,0,0,0,0
1606,Cr,38,107,1998,1,1,0,2,0,0,0,0
1607,Cr,38,111,1999,1,0.5,2.5,2,5.5,1,0,0
1607,Cr,38,111,2000,2,2.5,6,5.5,6,1,0,0
1607,Cr,38,111,2001,3,6,11,6,14.5,1,0,0
1607,Cr,38,111,2002,4,11,15,14.5,14.5,1,0,0
1607,Cr,38,111,2003,5,15,12.5,14.5,9,1,0,0
1607,Cr,38,111,2004,6,12.5,0,9,0,0,1,NA
1608,Cr,38,112,1999,1,1,0,3,0,0,0,0
1609,Cr,38,114,1999,1,0.5,4.5,2.5,6,1,0,0
1609,Cr,38,114,2000,2,4.5,9.5,6,8,1,0,0
1609,Cr,38,114,2001,3,9.5,0,8,0,0,0,0
1610,Cr,38,115,1999,1,0.5,3.5,2,6.5,1,0,0
1610,Cr,38,115,2000,2,3.5,4.5,6.5,4,1,0,0
1610,Cr,38,115,2001,3,4.5,2.5,4,6.5,1,0,0
1610,Cr,38,115,2002,4,2.5,6.5,6.5,10,1,0,0
1610,Cr,38,115,2003,5,6.5,7,10,5,1,0,0
1610,Cr,38,115,2004,6,7,0,5,0,0,0,0
1611,Cr,38,116,1999,1,2,0,4.5,0,0,0,0
1612,Cr,38,119,1999,1,0.5,0,0.5,0,0,0,0
1613,Cr,38,120,1999,1,3,9,3,10.5,1,0,0
1613,Cr,38,120,2000,2,9,13,10.5,11,1,0,0
1613,Cr,38,120,2001,3,13,11,11,8,1,0,0
1613,Cr,38,120,2002,4,11,0,8,0,0,1,14
1614,Cr,38,121,1999,1,3,9,3.5,12,1,0,0
1614,Cr,38,121,2000,2,9,15,12,10,1,0,0
1614,Cr,38,121,2001,3,15,0,10,0,0,1,15
1615,Cr,38,122,1999,1,1,5.5,2.5,7.5,1,0,0
1615,Cr,38,122,2000,2,5.5,9.5,7.5,9,1,0,0
1615,Cr,38,122,2001,3,9.5,7,9,9.5,1,0,0
1615,Cr,38,122,2002,4,7,0,9.5,0,0,0,0
1616,Cr,38,124,1999,1,1.5,7,3,7.5,1,0,0
1616,Cr,38,124,2000,2,7,10,7.5,8.5,1,0,0
1616,Cr,38,124,2001,3,10,9,8.5,12,1,0,0
1616,Cr,38,124,2002,4,9,9,12,9,1,0,0
1616,Cr,38,124,2003,5,9,0,9,0,0,1,NA
1617,Cr,38,126,1999,1,3.5,8,5,10,1,0,0
1617,Cr,38,126,2000,2,8,16.5,10,11,1,0,0
1617,Cr,38,126,2001,3,16.5,0,11,0,0,1,27
1618,Cr,38,127,1999,1,2,8.5,3.5,9.5,1,0,0
1618,Cr,38,127,2000,2,8.5,14,9.5,13.5,1,0,0
1618,Cr,38,127,2001,3,14,8,13.5,13,1,0,0
1618,Cr,38,127,2002,4,8,13.5,13,10,1,0,0
1618,Cr,38,127,2003,5,13.5,0,10,0,0,1,NA
1619,Cr,38,128,1999,1,2,5,2,9,1,0,0
1619,Cr,38,128,2000,2,5,9.5,9,10.5,1,0,0
1619,Cr,38,128,2001,3,9.5,10,10.5,13.5,1,0,0
1619,Cr,38,128,2002,4,10,11.5,13.5,17,1,0,0
1619,Cr,38,128,2003,5,11.5,0,17,0,0,0,0
1620,Cr,38,129,1999,1,1.5,0,2,0,0,0,0
1621,Cr,38,130,1999,1,3,9,4.5,12.5,1,0,0
1621,Cr,38,130,2000,2,9,11.5,12.5,10,1,0,0
1621,Cr,38,130,2001,3,11.5,7.5,10,6.5,1,0,0
1621,Cr,38,130,2002,4,7.5,0,6.5,0,0,1,8
1622,Cr,38,131,1999,1,1.5,14,5,15,1,0,0
1622,Cr,38,131,2000,2,14,14,15,12,1,0,0
1622,Cr,38,131,2001,3,14,8.5,12,12.5,1,0,0
1622,Cr,38,131,2002,4,8.5,12.5,12.5,12.5,1,0,0
1622,Cr,38,131,2003,5,12.5,0,12.5,0,0,1,NA
1623,Cr,38,132,1999,1,1,8.5,4,11,1,0,0
1623,Cr,38,132,2000,2,8.5,11.5,11,7,1,0,0
1623,Cr,38,132,2001,3,11.5,0,7,0,0,0,0
1624,Cr,38,133,1999,1,1,9,3,6,1,0,0
1624,Cr,38,133,2000,2,9,8.5,6,5,1,0,0
1624,Cr,38,133,2001,3,8.5,0,5,0,0,0,0
1625,Cr,38,134,1999,1,1.5,12,5,14,1,0,0
1625,Cr,38,134,2000,2,12,0,14,0,0,0,0
1626,Cr,38,135,1999,1,1,0,0.5,0,0,0,0
1627,Cr,38,136,1999,1,1.5,10.5,1,14.5,1,0,0
1627,Cr,38,136,2000,2,10.5,10.5,14.5,10,1,0,0
1627,Cr,38,136,2001,3,10.5,7,10,9,1,0,0
1627,Cr,38,136,2002,4,7,0,9,0,0,1,10
1628,Cr,38,141,1999,1,0.5,0,1,0,0,0,0
1629,Cr,38,142,1999,1,0.5,7,1.5,5,1,0,0
1629,Cr,38,142,2000,2,7,9.5,5,8.5,1,0,0
1629,Cr,38,142,2001,3,9.5,0,8.5,0,0,0,0
1630,Cr,38,146,1999,1,0.5,0,0.5,0,0,0,0
1631,Cr,38,149,1999,1,0.5,7,1,6.5,1,0,0
1631,Cr,38,149,2000,2,7,8.5,6.5,8.5,1,0,0
1631,Cr,38,149,2001,3,8.5,6,8.5,6.5,1,0,0
1631,Cr,38,149,2002,4,6,0,6.5,0,0,0,0
1632,Cr,38,151,1999,1,0.5,0,1.5,0,0,0,0
1633,Cr,38,152,1999,1,0.5,0,2,0,0,0,0
1634,Cr,38,153,1999,1,0.5,0,1.5,0,0,0,0
1635,Cr,38,154,1999,1,0.5,0,1.5,0,0,0,0
1636,Cr,38,156,2000,1,0.5,4.5,1.5,6,1,0,0
1636,Cr,38,156,2001,2,4.5,0,6,0,0,0,0
1637,Cr,38,157,2000,1,2.5,0,1.5,0,0,0,0
1638,Cr,38,159,2000,1,2,0,1,0,0,0,0
1639,Cr,38,161,2000,1,0.5,0,0.5,0,0,0,0
1640,Cr,38,162,2000,1,1,0,1.5,0,0,0,0
1641,Cr,38,166,2000,1,1,2.5,2,2,1,0,0
1641,Cr,38,166,2001,2,2.5,0,2,0,0,0,0
1642,Cr,38,169,2000,1,0.5,0,0.5,0,0,0,0
1643,Cr,38,170,2000,1,0.5,0,1,0,0,0,0
1644,Cr,38,171,2000,1,0.5,0,1,0,0,0,0
1645,Cr,38,173,2001,1,0.5,0,0.5,0,0,0,0
1646,Cr,38,178,2001,1,2,6,4.5,10.5,1,0,0
1646,Cr,38,178,2002,2,6,7.5,10.5,11.5,1,0,0
1646,Cr,38,178,2003,3,7.5,8,11.5,9,1,0,0
1646,Cr,38,178,2004,4,8,4,9,8,1,0,0
1646,Cr,38,178,2005,5,4,0,8,0,0,0,0
1647,Cr,38,179,2001,1,1,0,1.5,0,0,0,0
1648,Cr,38,180,2001,1,2,0,1.5,0,0,0,0
1649,Cr,38,182,2001,1,1.5,0,3,0,0,0,0
1650,Cr,38,183,2001,1,1.5,0,4,0,0,0,0
1651,Cr,38,184,2002,1,1,4,3.5,6.5,1,0,0
1651,Cr,38,184,2003,2,4,5,6.5,7,1,0,0
1651,Cr,38,184,2004,3,5,4.5,7,9.5,1,0,0
1651,Cr,38,184,2005,4,4.5,5.5,9.5,7,1,0,0
1651,Cr,38,184,2006,5,5.5,0,7,0,0,0,0
1652,Cr,38,186,2002,1,1,4.5,2.5,7,1,0,0
1652,Cr,38,186,2003,2,4.5,5,7,5,1,0,0
1652,Cr,38,186,2004,3,5,3,5,7.5,1,0,0
1652,Cr,38,186,2005,4,3,5,7.5,2,1,0,0
1652,Cr,38,186,2006,5,5,0,2,0,0,0,0
1653,Cr,38,187,2002,1,1,0,3.5,0,0,0,0
1654,Cr,38,188,2002,1,1.5,4,2.5,7,1,0,0
1654,Cr,38,188,2003,2,4,5,7,6,1,0,0
1654,Cr,38,188,2004,3,5,4,6,7,1,0,0
1654,Cr,38,188,2005,4,4,2.5,7,1.5,1,0,0
1654,Cr,38,188,2006,5,2.5,0,1.5,0,0,0,0
1655,Cr,38,189,2002,1,2,5.5,3.5,7,1,0,0
1655,Cr,38,189,2003,2,5.5,7,7,7,1,0,0
1655,Cr,38,189,2004,3,7,0,7,0,0,0,0
1656,Cr,38,190,2002,1,2.5,5.5,5,8.5,1,0,0
1656,Cr,38,190,2003,2,5.5,0,8.5,0,0,0,0
1657,Cr,38,193,2002,1,1.5,5,2.5,5,1,0,0
1657,Cr,38,193,2003,2,5,0,5,0,0,0,0
1658,Cr,38,194,2002,1,2.5,5,2.5,6,1,0,0
1658,Cr,38,194,2003,2,5,8.5,6,9.5,1,0,0
1658,Cr,38,194,2004,3,8.5,0,9.5,0,0,0,0
1659,Cr,38,196,2003,1,1,0,3,0,0,0,0
1660,Cr,38,199,2003,1,1.5,0,2.5,0,0,0,0
1661,Cr,38,200,2003,1,2,0,2.5,0,0,0,0
1662,Cr,38,201,2003,1,1.5,0,2,0,0,0,0
1663,Cr,38,202,2003,1,2.5,0,3,0,0,0,0
1664,Cr,38,203,2003,1,3,0,4.5,0,0,0,0
1665,Cr,38,205,2003,1,1.5,0,3,0,0,0,0
1666,Cr,38,206,2003,1,1,0,1,0,0,0,0
1667,Cr,38,207,2003,1,1,0,1.5,0,0,0,0
1668,Cr,38,211,2004,1,4,9,6,10,1,0,0
1668,Cr,38,211,2005,2,9,14,10,11,1,0,0
1668,Cr,38,211,2006,3,14,20,11,15,1,0,0
1668,Cr,38,211,2007,4,20,0,15,0,0,1,NA
1669,Cr,38,214,2004,1,2,0,4,0,0,0,0
1670,Cr,38,215,2004,1,3,0,3,0,0,0,0
1671,Cr,38,216,2004,1,0.5,0,0.5,0,0,0,0
1672,Cr,38,219,2004,1,7,5.5,4,6,1,0,0
1672,Cr,38,219,2005,2,5.5,11,6,9,1,0,0
1672,Cr,38,219,2006,3,11,3.5,9,12,1,0,0
1672,Cr,38,219,2007,4,3.5,0,12,0,0,0,0
1673,Cr,38,220,2005,1,2,6.5,3.5,6,1,0,0
1673,Cr,38,220,2006,2,6.5,13,6,16,1,0,0
1673,Cr,38,220,2007,3,13,25,16,25,1,0,0
1673,Cr,38,220,2008,4,25,0,25,0,0,1,NA
1674,Cr,38,224,2008,1,1.5,0,3.5,0,0,0,0
1675,Cr,38,225,2008,1,2,0,3,0,0,0,0
1676,Cr,38,235,2008,1,1,0,1,0,0,0,0
1677,Cr,38,236,2009,1,4.5,9.5,6.5,15,1,0,0
1677,Cr,38,236,2010,2,9.5,21,15,24,1,0,0
1677,Cr,38,236,2011,3,21,25,24,12,1,0,0
1677,Cr,38,236,2012,4,25,0,12,0,0,1,46
1678,Cr,38,237,2009,1,2,0,2.5,0,0,0,0
1679,Cr,38,238,2009,1,2,0,2,0,0,0,0
1680,Cr,38,239,2009,1,2,0,1,0,0,0,0
1681,Cr,38,240,2009,1,2,0,2,0,0,0,0
1682,Cr,38,241,2009,1,1.5,3.5,3.5,5.5,1,0,0
1682,Cr,38,241,2010,2,3.5,6,5.5,7,1,0,0
1682,Cr,38,241,2011,3,6,4,7,4,1,0,0
1682,Cr,38,241,2012,4,4,7,4,11,1,0,0
1682,Cr,38,241,2013,5,7,9,11,9,1,0,0
1682,Cr,38,241,2014,6,9,0,9,0,0,1,NA
1683,Cr,38,242,2009,1,2.5,6,4.5,8,1,0,0
1683,Cr,38,242,2010,2,6,12,8,11,1,0,0
1683,Cr,38,242,2011,3,12,11,11,7,1,0,0
1683,Cr,38,242,2012,4,11,0,7,0,0,1,20
1684,Cr,38,243,2009,1,2.5,0,5.5,0,0,0,0
1685,Cr,38,246,2009,1,1,0,3,0,0,0,0
1686,Cr,38,247,2009,1,1,0,1,0,0,0,0
1687,Cr,38,248,2009,1,1,0,1.5,0,0,0,0
1688,Cr,38,249,2009,1,1,5,1,8,1,0,0
1688,Cr,38,249,2010,2,5,9,8,10,1,0,0
1688,Cr,38,249,2011,3,9,7,10,6,1,0,0
1688,Cr,38,249,2012,4,7,6,6,12,1,0,0
1688,Cr,38,249,2013,5,6,0,12,0,0,0,0
1689,Cr,38,250,2009,1,1,0,1,0,0,0,0
1690,Cr,38,251,2009,1,1,0,1,0,0,0,0
1691,Cr,38,257,2009,1,1,0,0.5,0,0,0,0
1692,Cr,38,266,2009,1,2,1.5,1,2,1,0,0
1692,Cr,38,266,2010,2,1.5,0,2,0,0,0,0
1693,Cr,38,267,2009,1,1,0,1,0,0,0,0
1694,Cr,38,268,2009,1,1,0,1.5,0,0,0,0
1695,Cr,38,269,2009,1,1.5,0,2.5,0,0,0,0
1696,Cr,38,270,2009,1,1.5,0,1,0,0,0,0
1697,Cr,38,272,2009,1,2,0,2.5,0,0,0,0
1698,Cr,38,273,2009,1,2,0,1,0,0,0,0
1699,Cr,38,274,2009,1,2,0,1.5,0,0,0,0
1700,Cr,38,278,2009,1,1.5,0,1.5,0,0,0,0
1701,Cr,38,283,2009,1,NA,0,3,0,0,0,0
1702,Cr,38,284,2009,1,NA,0,0.5,0,0,0,0
1703,Cr,38,285,2009,1,NA,0,0.5,0,0,0,0
1704,Cr,38,286,2009,1,NA,0,1,0,0,0,0
1705,Cr,38,287,2010,1,2,0,2.5,0,0,0,0
1706,Cr,38,288,2010,1,2,0,2,0,0,0,0
1707,Cr,38,289,2015,1,0.5,0,3,0,0,0,0
1708,Cr,38,290,2015,1,0.5,4.5,4.5,7,1,0,0
1708,Cr,38,290,2016,2,4.5,4,7,2,1,0,0
1708,Cr,38,290,2017,3,4,0,2,0,0,0,0
1709,Cr,38,292,2015,1,0.5,0,0.5,0,0,0,0
1710,Pe,6,1,1994,NA,NA,5.5,7,7.5,1,0,0
1710,Pe,6,1,1995,NA,5.5,5,7.5,8.5,1,0,0
1710,Pe,6,1,1996,NA,5,9,8.5,12,1,0,0
1710,Pe,6,1,1997,NA,9,10,12,13,1,0,0
1710,Pe,6,1,1998,NA,10,7.5,13,12.5,1,1,27
1710,Pe,6,1,1999,NA,7.5,0,12.5,0,0,1,17
1711,Pe,6,2,1994,NA,NA,3,8,6,1,0,0
1711,Pe,6,2,1995,NA,3,0,6,0,0,0,0
1712,Pe,6,3,1994,NA,NA,0,10.5,0,0,0,0
1713,Pe,6,4,1994,NA,NA,6.5,7.5,10,1,0,0
1713,Pe,6,4,1995,NA,6.5,9,10,9,1,0,0
1713,Pe,6,4,1996,NA,9,0,9,0,0,1,33
1714,Pe,6,5,1994,NA,NA,2,2,2.5,1,0,0
1714,Pe,6,5,1995,NA,2,0,2.5,0,0,0,0
1715,Pe,6,6,1994,NA,NA,0,1.5,0,0,0,0
1716,Pe,6,7,1994,NA,NA,0,1.5,0,0,0,0
1717,Pe,6,8,1994,NA,NA,0,1.5,0,0,0,0
1718,Pe,6,9,1994,NA,NA,5,7.5,6.5,1,0,0
1718,Pe,6,9,1995,NA,5,0,6.5,0,0,0,0
1719,Pe,6,10,1994,NA,NA,0,2,0,0,0,0
1720,Pe,6,11,1994,NA,NA,0,10,0,0,0,0
1721,Pe,6,12,1994,NA,NA,0,9,0,0,0,0
1722,Pe,6,13,1994,NA,NA,0,7.5,0,0,1,10
1723,Pe,6,14,1994,NA,NA,0,1.5,0,0,0,0
1724,Pe,6,15,1994,NA,NA,0,1.5,0,0,0,0
1725,Pe,6,16,1994,NA,NA,0,4,0,0,0,0
1726,Pe,6,17,1994,NA,NA,6,8,6,1,0,0
1726,Pe,6,17,1995,NA,6,2,6,3,1,0,0
1726,Pe,6,17,1996,NA,2,0,3,0,0,0,0
1727,Pe,6,18,1994,NA,NA,0,9.5,0,0,0,0
1728,Pe,6,19,1994,NA,NA,0,1.5,0,0,0,0
1729,Pe,6,20,1994,NA,NA,0,9,0,0,0,0
1730,Pe,6,21,1994,NA,NA,14,12,11.5,1,0,0
1730,Pe,6,21,1995,NA,14,0,11.5,0,0,1,33
1731,Pe,6,22,1994,NA,NA,0,24.5,0,0,1,17
1732,Pe,6,23,1994,NA,NA,4,4,7.5,1,0,0
1732,Pe,6,23,1995,NA,4,9,7.5,10.5,1,0,0
1732,Pe,6,23,1996,NA,9,10,10.5,15,1,0,0
1732,Pe,6,23,1997,NA,10,0,15,0,0,1,NA
1733,Pe,6,24,1994,NA,NA,10,11.5,14.5,1,0,0
1733,Pe,6,24,1995,NA,10,9,14.5,13.5,1,0,0
1733,Pe,6,24,1996,NA,9,12,13.5,21.5,1,0,0
1733,Pe,6,24,1997,NA,12,13,21.5,17,1,1,NA
1733,Pe,6,24,1998,NA,13,17,17,18,1,0,0
1733,Pe,6,24,1999,NA,17,17,18,21.5,1,1,2
1733,Pe,6,24,2000,NA,17,14.5,21.5,14,1,1,12
1733,Pe,6,24,2001,NA,14.5,0,14,0,0,0,0
1734,Pe,6,25,1994,NA,NA,0,2.5,0,0,0,0
1735,Pe,6,26,1994,NA,NA,0,12,0,0,0,0
1736,Pe,6,27,1994,NA,NA,0,3,0,0,0,0
1737,Pe,6,28,1994,NA,NA,0,7,0,0,0,0
1738,Pe,6,29,1995,1,1,0,1.5,0,0,0,0
1739,Pe,6,30,1995,1,0.5,0,1.5,0,0,0,0
1740,Pe,6,38,1995,1,1,2,2,3.5,1,0,0
1740,Pe,6,38,1996,2,2,3,3.5,5.5,1,0,0
1740,Pe,6,38,1997,3,3,4,5.5,6.5,1,0,0
1740,Pe,6,38,1998,4,4,6,6.5,3,1,0,0
1740,Pe,6,38,1999,5,6,4,3,4.5,1,0,0
1740,Pe,6,38,2000,6,4,4,4.5,3,1,0,0
1740,Pe,6,38,2001,7,4,0,3,0,0,0,0
1741,Pe,6,39,1995,1,2,0,1,0,0,0,0
1742,Pe,6,40,1995,1,3,4,5,6,1,0,0
1742,Pe,6,40,1996,2,4,0,6,0,0,0,0
1743,Pe,6,41,1995,1,NA,0,1,0,0,0,0
1744,Pe,6,43,1996,1,5.5,0,7.5,0,0,0,0
1745,Pe,6,44,1996,1,0.5,0,2.5,0,0,0,0
1746,Pe,6,45,1996,1,2,7,3,9.5,1,0,0
1746,Pe,6,45,1997,2,7,9.5,9.5,12.5,1,0,0
1746,Pe,6,45,1998,3,9.5,13,12.5,11,1,0,0
1746,Pe,6,45,1999,4,13,0,11,0,0,1,56
1747,Pe,6,46,1996,1,2,8.5,3.5,14,1,0,0
1747,Pe,6,46,1997,2,8.5,9.5,14,7.5,1,0,0
1747,Pe,6,46,1998,3,9.5,0,7.5,0,0,1,24
1748,Pe,6,47,1996,1,1.5,8,3.5,13,1,0,0
1748,Pe,6,47,1997,2,8,12.5,13,18.5,1,0,0
1748,Pe,6,47,1998,3,12.5,17,18.5,15,1,0,0
1748,Pe,6,47,1999,4,17,10,15,10.5,1,1,NA
1748,Pe,6,47,2000,5,10,0,10.5,0,0,1,14
1749,Pe,6,50,1996,1,1,3.5,1.5,4.5,1,0,0
1749,Pe,6,50,1997,2,3.5,7,4.5,12,1,0,0
1749,Pe,6,50,1998,3,7,11,12,9.5,1,0,0
1749,Pe,6,50,1999,4,11,0,9.5,0,0,1,18
1750,Pe,6,51,1996,1,1,0,1,0,0,0,0
1751,Pe,6,52,1997,1,1,0,1,0,0,0,0
1752,Pe,6,53,1997,1,1,0,2.5,0,0,0,0
1753,Pe,6,56,1997,1,0.5,4,2.5,6,1,0,0
1753,Pe,6,56,1998,2,4,0,6,0,0,0,0
1754,Pe,6,75,1997,1,1.5,3,2,5,1,0,0
1754,Pe,6,75,1998,2,3,4.5,5,8,1,0,0
1754,Pe,6,75,1999,3,4.5,6,8,12.5,1,0,0
1754,Pe,6,75,2000,4,6,6.5,12.5,7,1,0,0
1754,Pe,6,75,2001,5,6.5,0,7,0,0,0,0
1755,Pe,6,76,1997,1,1.5,2.5,2,4,1,0,0
1755,Pe,6,76,1998,2,2.5,3,4,5.5,1,0,0
1755,Pe,6,76,1999,3,3,4,5.5,7.5,1,0,0
1755,Pe,6,76,2000,4,4,5,7.5,4,1,0,0
1755,Pe,6,76,2001,5,5,0,4,0,0,0,0
1756,Pe,6,77,1998,1,0.5,0,0.5,0,0,0,0
1757,Pe,6,78,1998,1,0.5,0,0.5,0,0,0,0
1758,Pe,6,79,1998,1,0.5,0,0.5,0,0,0,0
1759,Pe,6,85,1998,1,1,3.5,4,7.5,1,0,0
1759,Pe,6,85,1999,2,3.5,7,7.5,7,1,0,0
1759,Pe,6,85,2000,3,7,0,7,0,0,0,0
1760,Pe,6,86,1998,1,0.5,0,0.5,0,0,0,0
1761,Pe,6,88,1998,1,0.5,0,1,0,0,0,0
1762,Pe,6,89,1998,1,0.5,0,1,0,0,0,0
1763,Pe,6,90,1998,1,2,0,4.5,0,0,0,0
1764,Pe,6,91,1998,1,2.5,0,6.5,0,0,0,0
1765,Pe,6,93,1998,1,NA,5.5,0.5,9,1,0,0
1765,Pe,6,93,1999,2,5.5,10,9,14,1,0,0
1765,Pe,6,93,2000,3,10,11.5,14,9,1,0,0
1765,Pe,6,93,2001,4,11.5,0,9,0,0,1,NA
1766,Pe,6,100,1999,1,0.5,0,1,0,0,0,0
1767,Pe,6,101,1999,1,1,0,1.5,0,0,0,0
1768,Pe,6,102,1999,1,1,0,1,0,0,0,0
1769,Pe,6,103,1999,1,1,0,1,0,0,0,0
1770,Pe,6,104,1999,1,1,0,1,0,0,0,0
1771,Pe,6,105,1999,1,1,1.5,1,2,1,0,0
1771,Pe,6,105,2000,2,1.5,0,2,0,0,0,0
1772,Pe,6,106,1999,1,2,2,1.5,4,1,0,0
1772,Pe,6,106,2000,2,2,6,4,6.5,1,0,0
1772,Pe,6,106,2001,3,6,0,6.5,0,0,0,0
1773,Pe,6,108,1999,1,1,0,2.5,0,0,0,0
1774,Pe,6,109,1999,1,1,2.5,1,3,1,0,0
1774,Pe,6,109,2000,2,2.5,1,3,2,1,0,0
1774,Pe,6,109,2001,3,1,0,2,0,0,0,0
1775,Pe,6,111,1999,1,1,6,3,10.5,1,0,0
1775,Pe,6,111,2000,2,6,6.5,10.5,6.5,1,0,0
1775,Pe,6,111,2001,3,6.5,0,6.5,0,0,0,0
1776,Pe,6,112,1999,1,2,4,2.5,3.5,1,0,0
1776,Pe,6,112,2000,2,4,4,3.5,4.5,1,0,0
1776,Pe,6,112,2001,3,4,9,4.5,10,1,0,0
1776,Pe,6,112,2002,4,9,13.5,10,16,1,0,0
1776,Pe,6,112,2003,5,13.5,18,16,10,1,0,0
1776,Pe,6,112,2004,6,18,0,10,0,0,1,NA
1777,Pe,6,114,1999,1,0.5,0,0.5,0,0,0,0
1778,Pe,6,115,1999,1,1.5,0,1,0,0,0,0
1779,Pe,6,116,1999,1,1,4,2.5,5.5,1,0,0
1779,Pe,6,116,2000,2,4,2.5,5.5,2.5,1,0,0
1779,Pe,6,116,2001,3,2.5,0,2.5,0,0,0,0
1780,Pe,6,117,1999,1,0.5,3,1.5,4,1,0,0
1780,Pe,6,117,2000,2,3,3.5,4,3.5,1,0,0
1780,Pe,6,117,2001,3,3.5,0,3.5,0,0,0,0
1781,Pe,6,118,1999,1,0.5,0,1,0,0,0,0
1782,Pe,6,121,1999,1,1,0,1,0,0,0,0
1783,Pe,6,122,1999,1,1,4,1,7.5,1,0,0
1783,Pe,6,122,2000,2,4,7.5,7.5,8.5,1,0,0
1783,Pe,6,122,2001,3,7.5,11,8.5,11.5,1,0,0
1783,Pe,6,122,2002,4,11,13.5,11.5,11,1,0,0
1783,Pe,6,122,2003,5,13.5,0,11,0,0,1,NA
1784,Pe,6,124,1999,1,1,9,4.5,11,1,0,0
1784,Pe,6,124,2000,2,9,0,11,0,0,0,0
1785,Pe,6,125,1999,1,3,5,4.5,8.5,1,0,0
1785,Pe,6,125,2000,2,5,0,8.5,0,0,0,0
1786,Pe,6,126,1999,1,1,0,1.5,0,0,0,0
1787,Pe,6,127,1999,1,1.5,3,1.5,3.5,1,0,0
1787,Pe,6,127,2000,2,3,3,3.5,2.5,1,0,0
1787,Pe,6,127,2001,3,3,0,2.5,0,0,0,0
1788,Pe,6,128,1999,1,0.5,2,1,4,1,0,0
1788,Pe,6,128,2000,2,2,4,4,4,1,0,0
1788,Pe,6,128,2001,3,4,6,4,9,1,0,0
1788,Pe,6,128,2002,4,6,10.5,9,8,1,0,0
1788,Pe,6,128,2003,5,10.5,0,8,0,0,1,NA
1789,Pe,6,129,1999,1,1,0,1.5,0,0,0,0
1790,Pe,6,130,1999,1,1,0,0.5,0,0,0,0
1791,Pe,6,131,1999,1,1.5,3,1.5,3,1,0,0
1791,Pe,6,131,2000,2,3,3.5,3,1.5,1,0,0
1791,Pe,6,131,2001,3,3.5,0,1.5,0,0,0,0
1792,Pe,6,132,1999,1,1,0,1,0,0,0,0
1793,Pe,6,133,1999,1,1,0,1,0,0,0,0
1794,Pe,6,134,1999,1,NA,0,1,0,0,0,0
1795,Pe,6,135,1999,1,NA,0,1,0,0,0,0
1796,Pe,6,136,2000,1,1.5,0,3,0,0,0,0
1797,Pe,6,139,2000,1,1,3.5,2.5,3,1,0,0
1797,Pe,6,139,2001,2,3.5,0,3,0,0,0,0
1798,Pe,6,140,2000,1,1,0,0.5,0,0,0,0
1799,Pe,6,142,2000,1,1,0,1.5,0,0,0,0
1800,Pe,6,143,2000,1,1.5,3.5,2.5,3.5,1,0,0
1800,Pe,6,143,2001,2,3.5,0,3.5,0,0,0,0
1801,Pe,6,144,2000,1,2,1.5,1.5,1.5,1,0,0
1801,Pe,6,144,2001,2,1.5,0,1.5,0,0,0,0
1802,Pe,6,145,2000,1,1,0,1,0,0,0,0
1803,Pe,6,146,2000,1,1,0,1.5,0,0,0,0
1804,Pe,6,147,2000,1,0.5,5,2,6.5,1,0,0
1804,Pe,6,147,2001,2,5,7,6.5,9.5,1,0,0
1804,Pe,6,147,2002,3,7,12,9.5,11,1,0,0
1804,Pe,6,147,2003,4,12,0,11,0,0,1,NA
1805,Pe,6,150,2000,1,0.5,3,2.5,4,1,0,0
1805,Pe,6,150,2001,2,3,2.5,4,5,1,0,0
1805,Pe,6,150,2002,3,2.5,8.5,5,11,1,0,0
1805,Pe,6,150,2003,4,8.5,8.5,11,10,1,0,0
1805,Pe,6,150,2004,5,8.5,10,10,15.5,1,0,0
1805,Pe,6,150,2005,6,10,13,15.5,14,1,0,0
1805,Pe,6,150,2006,7,13,0,14,0,0,0,0
1806,Pe,6,152,2000,1,1,4,2.5,5,1,0,0
1806,Pe,6,152,2001,2,4,0,5,0,0,0,0
1807,Pe,6,153,2000,1,2,0,3.5,0,0,0,0
1808,Pe,6,155,2000,1,0.5,4,3.5,5,1,0,0
1808,Pe,6,155,2001,2,4,0,5,0,0,0,0
1809,Pe,6,157,2000,1,1,0,2.5,0,0,0,0
1810,Pe,6,158,2000,1,1,0,3.5,0,0,0,0
1811,Pe,6,159,2000,1,2,4.5,1.5,3,1,0,0
1811,Pe,6,159,2001,2,4.5,0,3,0,0,0,0
1812,Pe,6,160,2000,1,0.5,0,3.5,0,0,0,0
1813,Pe,6,161,2000,1,2,3.5,2,1.5,1,0,0
1813,Pe,6,161,2001,2,3.5,0,1.5,0,0,0,0
1814,Pe,6,162,2000,1,1,0,1,0,0,0,0
1815,Pe,6,163,2000,1,0.5,0,1,0,0,0,0
1816,Pe,6,164,2000,1,0.5,0,1.5,0,0,0,0
1817,Pe,6,165,2000,1,0.5,0,1,0,0,0,0
1818,Pe,6,174,2000,1,1.5,0,1,0,0,0,0
1819,Pe,6,178,2000,1,0.5,0,1,0,0,0,0
1820,Pe,6,180,2000,1,1,2.5,2,1.5,1,0,0
1820,Pe,6,180,2001,2,2.5,0,1.5,0,0,0,0
1821,Pe,6,181,2000,1,0.5,0,1,0,0,0,0
1822,Pe,6,184,2000,1,1,0,2,0,0,0,0
1823,Pe,6,185,2000,1,0.5,0,2,0,0,0,0
1824,Pe,6,186,2000,1,1,2,1,1,1,0,0
1824,Pe,6,186,2001,2,2,0,1,0,0,0,0
1825,Pe,6,187,2000,1,1,0,1.5,0,0,0,0
1826,Pe,6,188,2000,1,0.5,0,0.5,0,0,0,0
1827,Pe,6,189,2000,1,1,0,0.5,0,0,0,0
1828,Pe,6,190,2000,1,0.5,0,1,0,0,0,0
1829,Pe,6,191,2000,1,0.5,0,1,0,0,0,0
1830,Pe,6,192,2000,1,0.5,0,1.5,0,0,0,0
1831,Pe,6,193,2000,1,NA,0,0.5,0,0,0,0
1832,Pe,6,194,2000,1,NA,0,1,0,0,0,0
1833,Pe,6,195,2000,1,NA,0,1,0,0,0,0
1834,Pe,6,196,2001,1,1,0,0.5,0,0,0,0
1835,Pe,6,198,2001,1,2.5,0,2,0,0,0,0
1836,Pe,6,199,2001,1,1,0,1,0,0,0,0
1837,Pe,6,200,2001,1,3.5,0,1,0,0,0,0
1838,Pe,6,201,2001,1,1,0,1,0,0,0,0
1839,Pe,6,202,2001,1,1,0,0.5,0,0,0,0
1840,Pe,6,204,2001,1,1,0,0.5,0,0,0,0
1841,Pe,6,205,2001,1,0.5,0,1,0,0,0,0
1842,Pe,6,206,2001,1,1.5,0,1,0,0,0,0
1843,Pe,6,208,2001,1,1,0,1,0,0,0,0
1844,Pe,6,213,2001,1,2,0,1,0,0,0,0
1845,Pe,6,215,2001,1,0.5,0,0.5,0,0,0,0
1846,Pe,6,217,2001,1,1,0,0.5,0,0,0,0
1847,Pe,6,218,2001,1,1.5,0,1,0,0,0,0
1848,Pe,6,220,2001,1,2,0,0.5,0,0,0,0
1849,Pe,6,221,2001,1,1,0,0.5,0,0,0,0
1850,Pe,6,222,2001,1,2,0,0.5,0,0,0,0
1851,Pe,6,223,2001,1,3,0,2,0,0,0,0
1852,Pe,6,224,2001,1,1.5,0,1,0,0,0,0
1853,Pe,6,226,2001,1,1,0,0.5,0,0,0,0
1854,Pe,6,227,2001,1,2.5,0,0.5,0,0,0,0
1855,Pe,6,228,2001,1,0.5,0,0.5,0,0,0,0
1856,Pe,6,233,2001,1,1,0,0.5,0,0,0,0
1857,Pe,6,234,2001,1,0.5,0,0.5,0,0,0,0
1858,Pe,6,237,2001,1,1,0,0.5,0,0,0,0
1859,Pe,6,239,2001,1,1.5,0,0.5,0,0,0,0
1860,Pe,6,240,2001,1,0.5,0,0.5,0,0,0,0
1861,Pe,6,243,2001,1,0.5,0,0.5,0,0,0,0
1862,Pe,6,244,2001,1,0.5,0,0.5,0,0,0,0
1863,Pe,6,245,2001,1,0.5,0,0.5,0,0,0,0
1864,Pe,6,246,2001,1,0.5,0,0.5,0,0,0,0
1865,Pe,6,247,2002,1,2.5,0,2.5,0,0,0,0
1866,Pe,6,248,2002,1,2.5,0,2,0,0,0,0
1867,Pe,6,249,2002,1,2.5,0,2.5,0,0,0,0
1868,Pe,6,251,2002,1,3,7,6.5,9.5,1,0,0
1868,Pe,6,251,2003,2,7,7.5,9.5,12.5,1,0,0
1868,Pe,6,251,2004,3,7.5,12,12.5,12,1,0,0
1868,Pe,6,251,2005,4,12,0,12,0,0,0,0
1869,Pe,6,252,2002,1,2.5,0,3.5,0,0,0,0
1870,Pe,6,253,2002,1,2.5,0,2.5,0,0,0,0
1871,Pe,6,254,2002,1,2,5.5,2.5,11,1,0,0
1871,Pe,6,254,2003,2,5.5,9.5,11,16,1,0,0
1871,Pe,6,254,2004,3,9.5,14,16,14,1,0,0
1871,Pe,6,254,2005,4,14,0,14,0,0,1,NA
1872,Pe,6,255,2002,1,2,0,4.5,0,0,0,0
1873,Pe,6,256,2002,1,2,0,2.5,0,0,0,0
1874,Pe,6,257,2002,1,2,0,4.5,0,0,0,0
1875,Pe,6,258,2002,1,1,0,2,0,0,0,0
1876,Pe,6,259,2002,1,1.5,0,3,0,0,0,0
1877,Pe,6,260,2002,1,1,0,3,0,0,0,0
1878,Pe,6,261,2002,1,3,0,5,0,0,0,0
1879,Pe,6,263,2002,1,2,6,3,9.5,1,0,0
1879,Pe,6,263,2003,2,6,6.5,9.5,7,1,0,0
1879,Pe,6,263,2004,3,6.5,6.5,7,13.5,1,0,0
1879,Pe,6,263,2005,4,6.5,12,13.5,12.5,1,0,0
1879,Pe,6,263,2006,5,12,13,12.5,14.5,1,0,0
1879,Pe,6,263,2007,6,13,20,14.5,13,1,0,0
1879,Pe,6,263,2008,7,20,0,13,0,0,1,NA
1880,Pe,6,265,2002,1,2,0,1,0,0,0,0
1881,Pe,6,266,2002,1,1.5,3.5,3.5,4.5,1,0,0
1881,Pe,6,266,2003,2,3.5,0,4.5,0,0,0,0
1882,Pe,6,267,2002,1,2,0,3,0,0,0,0
1883,Pe,6,268,2002,1,1,6.5,6,9,1,0,0
1883,Pe,6,268,2003,2,6.5,0,9,0,0,0,0
1884,Pe,6,269,2002,1,2,0,3.5,0,0,0,0
1885,Pe,6,270,2002,1,1.5,4,4,6.5,1,0,0
1885,Pe,6,270,2003,2,4,0,6.5,0,0,0,0
1886,Pe,6,271,2002,1,2.5,3.5,4.5,8,1,0,0
1886,Pe,6,271,2003,2,3.5,0,8,0,0,0,0
1887,Pe,6,272,2002,1,2,5.5,6,10,1,0,0
1887,Pe,6,272,2003,2,5.5,0,10,0,0,0,0
1888,Pe,6,273,2002,1,2,4.5,5.5,8,1,0,0
1888,Pe,6,273,2003,2,4.5,0,8,0,0,0,0
1889,Pe,6,274,2002,1,1.5,3.5,2.5,5.5,1,0,0
1889,Pe,6,274,2003,2,3.5,0,5.5,0,0,0,0
1890,Pe,6,275,2002,1,2,2,3,3,1,0,0
1890,Pe,6,275,2003,2,2,0,3,0,0,0,0
1891,Pe,6,276,2002,1,0.5,0,1,0,0,0,0
1892,Pe,6,277,2002,1,1.5,5,4,8,1,0,0
1892,Pe,6,277,2003,2,5,0,8,0,0,0,0
1893,Pe,6,278,2002,1,2,4,5,7.5,1,0,0
1893,Pe,6,278,2003,2,4,0,7.5,0,0,0,0
1894,Pe,6,279,2002,1,3,0,2,0,0,0,0
1895,Pe,6,281,2002,1,1,0,2.5,0,0,0,0
1896,Pe,6,282,2002,1,1,0,0.5,0,0,0,0
1897,Pe,6,283,2002,1,1,0,1,0,0,0,0
1898,Pe,6,284,2002,1,1,4,3,5,1,0,0
1898,Pe,6,284,2003,2,4,0,5,0,0,0,0
1899,Pe,6,285,2002,1,1.5,0,3.5,0,0,0,0
1900,Pe,6,287,2002,1,1.5,5,3,4,1,0,0
1900,Pe,6,287,2003,2,5,0,4,0,0,0,0
1901,Pe,6,288,2002,1,0.5,5,3.5,7.5,1,0,0
1901,Pe,6,288,2003,2,5,4.5,7.5,8,1,0,0
1901,Pe,6,288,2004,3,4.5,0,8,0,0,0,0
1902,Pe,6,289,2003,1,1,0,2,0,0,0,0
1903,Pe,6,290,2004,1,1.5,0,1,0,0,0,0
1904,Pe,6,292,2004,1,1,0,1,0,0,0,0
1905,Pe,6,294,2004,1,2,0,1.5,0,0,0,0
1906,Pe,6,295,2004,1,1.5,0,2,0,0,0,0
1907,Pe,6,296,2004,1,0.5,0,0.5,0,0,0,0
1908,Pe,6,297,2004,1,1.5,0,1.5,0,0,0,0
1909,Pe,6,300,2004,1,1,0,0.5,0,0,0,0
1910,Pe,6,302,2005,1,2,0,2.5,0,0,0,0
1911,Pe,6,303,2005,1,2.5,6.5,3.5,8,1,0,0
1911,Pe,6,303,2006,2,6.5,6,8,11,1,0,0
1911,Pe,6,303,2007,3,6,11,11,10,1,0,0
1911,Pe,6,303,2008,4,11,8.5,10,10,1,0,0
1911,Pe,6,303,2009,5,8.5,9,10,10,1,0,0
1911,Pe,6,303,2010,6,9,0,10,0,0,1,NA
1912,Pe,6,305,2006,1,2.5,0,1.5,0,0,0,0
1913,Pe,6,308,2011,1,NA,5,2.5,9,1,0,0
1913,Pe,6,308,2012,2,5,10,9,15,1,0,0
1913,Pe,6,308,2013,3,10,15,15,20,1,0,0
1913,Pe,6,308,2014,4,15,0,20,0,0,1,NA
1914,Pe,6,309,2011,1,NA,5.5,1,8,1,0,0
1914,Pe,6,309,2012,2,5.5,6,8,12,1,0,0
1914,Pe,6,309,2013,3,6,10,12,12,1,0,0
1914,Pe,6,309,2014,4,10,10,12,5,1,0,0
1914,Pe,6,309,2015,5,10,4.5,5,5,1,0,0
1914,Pe,6,309,2016,6,4.5,0,5,0,0,0,0
1915,Pe,6,310,2011,1,NA,5.5,1,8,1,0,0
1915,Pe,6,310,2012,2,5.5,7,8,10,1,0,0
1915,Pe,6,310,2013,3,7,12,10,12,1,0,0
1915,Pe,6,310,2014,4,12,8,12,10,1,0,0
1915,Pe,6,310,2015,5,8,0,10,0,0,1,16
1916,Pe,6,312,2012,1,0.5,3.5,2,5,1,0,0
1916,Pe,6,312,2013,2,3.5,5,5,5,1,0,0
1916,Pe,6,312,2014,3,5,4,5,10,1,0,0
1916,Pe,6,312,2015,4,4,12,10,18,1,0,0
1916,Pe,6,312,2016,5,12,0,18,0,0,1,34
1917,Pe,6,313,2012,1,1,3,2,3,1,0,0
1917,Pe,6,313,2013,2,3,3,3,3,1,0,0
1917,Pe,6,313,2014,3,3,0,3,0,0,0,0
1918,Pe,6,314,2016,1,0.5,0,0.5,0,0,0,0
1919,Pe,6,315,2016,1,0.5,0,1.5,0,0,0,0
1920,Pe,6,316,2016,1,0.5,0,2.5,0,0,0,0
1921,Pe,6,317,2017,1,2,5,3.5,5,1,0,0
1921,Pe,6,317,2018,2,5,3,5,2,1,0,0
1921,Pe,6,317,2019,3,3,0,2,0,0,0,0
1922,Pe,6,318,2017,1,1,0,1,0,0,0,0
1923,Pe,6,319,2017,1,1,0,1,0,0,0,0
1924,Pe,6,320,2017,1,1.5,3,2,2.5,1,0,0
1924,Pe,6,320,2018,2,3,4,2.5,4,1,0,0
1924,Pe,6,320,2019,3,4,0,4,0,0,0,0
1925,Pe,6,321,2017,1,1.5,0,3,0,0,0,0
1926,Pe,6,322,2017,1,2,0,1,0,0,0,0
1927,Pe,6,323,2017,1,2,0,3,0,0,0,0
1928,Pe,6,324,2017,1,2,4,3,6,1,0,0
1928,Pe,6,324,2018,2,4,5.5,6,8,1,0,0
1928,Pe,6,324,2019,3,5.5,0,8,0,0,0,0
1929,Pe,6,325,2017,1,2,0,3,0,0,0,0
1930,Pe,6,326,2017,1,2,3.5,2,5,1,0,0
1930,Pe,6,326,2018,2,3.5,0,5,0,0,0,0
1931,Pe,6,327,2017,1,1,0,4,0,0,0,0
1932,Pe,6,328,2017,1,3,6,3,8,1,0,0
1932,Pe,6,328,2018,2,6,2.5,8,4,1,0,0
1932,Pe,6,328,2019,3,2.5,0,4,0,0,0,0
1933,Pe,6,329,2017,1,1.5,0,1.5,0,0,0,0
1934,Pe,6,331,2017,1,1.5,0,2,0,0,0,0
1935,Pe,6,332,2017,1,1.5,0,1,0,0,0,0
1936,Pe,6,333,2017,1,1.5,0,1,0,0,0,0
1937,Pe,6,334,2017,1,1.5,0,2,0,0,0,0
1938,Pe,6,335,2017,1,1.5,1.5,1,1,1,0,0
1938,Pe,6,335,2018,2,1.5,0,1,0,0,0,0
1939,Pe,6,336,2017,1,1.5,0,3.5,0,0,0,0
1940,Pe,6,338,2017,1,1,0,2,0,0,0,0
1941,Pe,6,339,2017,1,1,0,1,0,0,0,0
1942,Pe,6,341,2017,1,2,0,2.5,0,0,0,0
1943,Pe,6,345,2017,1,5,0,5,0,0,0,0
1944,Pe,6,349,2018,1,1.5,0,2,0,0,0,0
1945,Pe,6,350,2018,1,0.5,0,2.5,0,0,0,0
1946,Pe,7,1,1994,NA,NA,0,1.5,0,0,0,0
1947,Pe,7,2,1994,NA,NA,0,1,0,0,0,0
1948,Pe,7,3,1994,NA,NA,0,3,0,0,0,0
1949,Pe,7,4,1994,NA,NA,0,0.5,0,0,0,0
1950,Pe,7,5,1994,NA,NA,0,1,0,0,0,0
1951,Pe,7,6,1994,NA,NA,0,1.5,0,0,0,0
1952,Pe,7,7,1994,NA,NA,0,2,0,0,0,0
1953,Pe,7,8,1994,NA,NA,3.5,3,4.5,1,0,0
1953,Pe,7,8,1995,NA,3.5,0,4.5,0,0,0,0
1954,Pe,7,9,1994,NA,NA,1.5,2,0.5,1,0,0
1954,Pe,7,9,1995,NA,1.5,0,0.5,0,0,0,0
1955,Pe,7,10,1994,NA,NA,0,2,0,0,0,0
1956,Pe,7,11,1994,NA,NA,0,3,0,0,0,0
1957,Pe,7,12,1994,NA,NA,0,2.5,0,0,0,0
1958,Pe,7,13,1994,NA,NA,0,0.5,0,0,0,0
1959,Pe,7,14,1994,NA,NA,5,5.5,3,1,0,0
1959,Pe,7,14,1995,NA,5,0,3,0,0,0,0
1960,Pe,7,15,1994,NA,NA,0,1,0,0,0,0
1961,Pe,7,16,1994,NA,NA,5.5,7.5,7,1,0,0
1961,Pe,7,16,1995,NA,5.5,4,7,7.5,1,0,0
1961,Pe,7,16,1996,NA,4,6.5,7.5,6.5,1,0,0
1961,Pe,7,16,1997,NA,6.5,4,6.5,7,1,0,0
1961,Pe,7,16,1998,NA,4,2.5,7,4,1,0,0
1961,Pe,7,16,1999,NA,2.5,0,4,0,0,0,0
1962,Pe,7,17,1994,NA,NA,0,4.5,0,0,0,0
1963,Pe,7,18,1994,NA,NA,0,4,0,0,0,0
1964,Pe,7,19,1994,NA,NA,0,6.5,0,0,0,0
1965,Pe,7,20,1994,NA,NA,0,2.5,0,0,0,0
1966,Pe,7,21,1994,NA,NA,0.5,4.5,0.5,1,0,0
1966,Pe,7,21,1995,NA,0.5,0,0.5,0,0,0,0
1967,Pe,7,22,1994,NA,NA,0,0.5,0,0,0,0
1968,Pe,7,23,1994,NA,NA,0,1.5,0,0,0,0
1969,Pe,7,24,1994,NA,NA,4,2,5.5,1,0,0
1969,Pe,7,24,1995,NA,4,0,5.5,0,0,0,0
1970,Pe,7,25,1995,1,NA,0,0.5,0,0,0,0
1971,Pe,7,27,1998,1,1,0,1.5,0,0,0,0
1972,Pe,7,28,2001,1,2.5,0,3.5,0,0,0,0
1973,Pe,7,29,2001,1,1.5,0,1.5,0,0,0,0
1974,Pe,7,31,2001,1,2,0,2,0,0,0,0
1975,Pe,7,33,2002,1,1.5,1,2,2,1,0,0
1975,Pe,7,33,2003,2,1,0,2,0,0,0,0
1976,Pe,7,34,2004,1,1.5,0,0.5,0,0,0,0
1977,Pe,7,35,2004,1,1,0,0.5,0,0,0,0
1978,Pe,7,36,2004,1,0.5,0,0.5,0,0,0,0
1979,Pe,7,37,2004,1,1.5,0,1,0,0,0,0
1980,Pe,7,40,2015,1,7,11.5,10.5,14,1,0,0
1980,Pe,7,40,2016,2,11.5,14,14,8,1,0,0
1980,Pe,7,40,2017,3,14,7,8,13,1,1,13
1980,Pe,7,40,2018,4,7,18,13,20,1,0,0
1980,Pe,7,40,2019,5,18,0,20,0,0,1,32
1981,Pe,7,41,2015,1,6.5,0,7,0,0,0,0
1982,Pe,7,42,2015,1,6,0,5.5,0,0,0,0
1983,Pe,7,45,2017,1,3,0,4.5,0,0,0,0
1984,Pe,7,46,2018,1,1,3,3.5,4,1,0,0
1984,Pe,7,46,2019,2,3,4,4,7,1,0,0
1984,Pe,7,46,2020,3,4,8,7,9.5,1,0,0
1984,Pe,7,46,2021,4,8,0,9.5,0,0,0,0
1985,Pe,7,47,2018,1,1,4.5,3.5,5,1,0,0
1985,Pe,7,47,2019,2,4.5,0,5,0,0,0,0
1986,Pe,7,48,2018,1,1,0,3.5,0,0,0,0
1987,Pe,7,49,2018,1,1.5,0,2.5,0,0,0,0
1988,Pe,7,50,2018,1,1,0,3.5,0,0,0,0
1989,Pe,7,51,2018,1,3,5,6,6,1,0,0
1989,Pe,7,51,2019,2,5,0,6,0,0,0,0
1990,Pe,7,52,2018,1,1.5,4,3,8,1,0,0
1990,Pe,7,52,2019,2,4,0,8,0,0,0,0
1991,Pe,7,53,2019,1,0.5,0,2.5,0,0,0,0
1992,Pe,7,54,2019,1,0.5,0,2,0,0,0,0
1993,Pe,7,55,2020,1,1,5,2.5,3.5,1,0,0
1993,Pe,7,55,2021,2,5,4,3.5,6,1,0,0
1993,Pe,7,55,2022,3,4,NA,6,NA,NA,0,0
1994,Pe,7,63,2020,1,3,0,1.5,0,0,0,0
1995,Pe,7,64,2021,1,1.5,1.5,3,1.5,1,0,0
1995,Pe,7,64,2022,2,1.5,NA,1.5,NA,NA,0,0
1996,Pe,8,1,1994,NA,NA,3,4,3.5,1,0,0
1996,Pe,8,1,1995,NA,3,3,3.5,6,1,0,0
1996,Pe,8,1,1996,NA,3,6,6,5.5,1,0,0
1996,Pe,8,1,1997,NA,6,7.5,5.5,9.5,1,0,0
1996,Pe,8,1,1998,NA,7.5,7.5,9.5,12.5,1,0,0
1996,Pe,8,1,1999,NA,7.5,11.5,12.5,10,1,0,0
1996,Pe,8,1,2000,NA,11.5,7.5,10,11.5,1,0,0
1996,Pe,8,1,2001,NA,7.5,0,11.5,0,0,0,0
1997,Pe,8,2,1994,NA,NA,3.5,4,5.5,1,0,0
1997,Pe,8,2,1995,NA,3.5,0.5,5.5,3.5,1,0,0
1997,Pe,8,2,1996,NA,0.5,5.5,3.5,6.5,1,0,0
1997,Pe,8,2,1997,NA,5.5,6.5,6.5,9,1,0,0
1997,Pe,8,2,1998,NA,6.5,5.5,9,8.5,1,0,0
1997,Pe,8,2,1999,NA,5.5,7.5,8.5,11.5,1,0,0
1997,Pe,8,2,2000,NA,7.5,5,11.5,9,1,0,0
1997,Pe,8,2,2001,NA,5,7,9,11,1,0,0
1997,Pe,8,2,2002,NA,7,10,11,14.5,1,0,0
1997,Pe,8,2,2003,NA,10,10,14.5,10,1,0,0
1997,Pe,8,2,2004,NA,10,0,10,0,0,1,NA
1998,Pe,8,3,1994,NA,NA,4,4,5,1,0,0
1998,Pe,8,3,1995,NA,4,1,5,4.5,1,0,0
1998,Pe,8,3,1996,NA,1,6,4.5,10.5,1,0,0
1998,Pe,8,3,1997,NA,6,8,10.5,12,1,0,0
1998,Pe,8,3,1998,NA,8,6.5,12,14.5,1,0,0
1998,Pe,8,3,1999,NA,6.5,11.5,14.5,15,1,0,0
1998,Pe,8,3,2000,NA,11.5,5,15,10.5,1,1,4
1998,Pe,8,3,2001,NA,5,0,10.5,0,0,0,0
1999,Pe,8,4,1994,NA,NA,3,4.5,5,1,0,0
1999,Pe,8,4,1995,NA,3,3,5,4.5,1,0,0
1999,Pe,8,4,1996,NA,3,4.5,4.5,6,1,0,0
1999,Pe,8,4,1997,NA,4.5,4,6,6.5,1,0,0
1999,Pe,8,4,1998,NA,4,2.5,6.5,5.5,1,0,0
1999,Pe,8,4,1999,NA,2.5,4.5,5.5,6.5,1,0,0
1999,Pe,8,4,2000,NA,4.5,3,6.5,5,1,0,0
1999,Pe,8,4,2001,NA,3,0,5,0,0,0,0
2000,Pe,8,5,1994,NA,NA,5,3.5,7.5,1,0,0
2000,Pe,8,5,1995,NA,5,0,7.5,0,0,0,0
2001,Pe,8,6,1994,NA,NA,0,1.5,0,0,0,0
2002,Pe,8,7,1994,NA,NA,11,15,13,1,1,4
2002,Pe,8,7,1995,NA,11,8.5,13,12,1,0,0
2002,Pe,8,7,1996,NA,8.5,0,12,0,0,1,23
2003,Pe,8,8,1994,NA,NA,1,2,2,1,0,0
2003,Pe,8,8,1995,NA,1,0,2,0,0,0,0
2004,Pe,8,9,1994,NA,NA,0,8,0,0,0,0
2005,Pe,8,10,1994,NA,NA,3.5,8.5,9,1,0,0
2005,Pe,8,10,1995,NA,3.5,0,9,0,0,0,0
2006,Pe,8,11,1994,NA,NA,0,3.5,0,0,0,0
2007,Pe,8,12,1994,NA,NA,0,0.5,0,0,0,0
2008,Pe,8,13,1995,1,1,0,1.5,0,0,0,0
2009,Pe,8,15,1995,1,NA,0,1,0,0,0,0
2010,Pe,8,16,1995,1,NA,0,0.5,0,0,0,0
2011,Pe,8,17,1995,1,NA,0,0.5,0,0,0,0
2012,Pe,8,18,1997,1,2.5,6.5,5.5,12.5,1,0,0
2012,Pe,8,18,1998,2,6.5,12.5,12.5,15.5,1,0,0
2012,Pe,8,18,1999,3,12.5,13,15.5,16.5,1,0,0
2012,Pe,8,18,2000,4,13,8,16.5,13.5,1,0,0
2012,Pe,8,18,2001,5,8,6,13.5,10,1,0,0
2012,Pe,8,18,2002,6,6,11,10,15.5,1,0,0
2012,Pe,8,18,2003,7,11,9,15.5,14.5,1,0,0
2012,Pe,8,18,2004,8,9,0,14.5,0,0,0,0
2013,Pe,8,21,2000,1,1.5,0,2.5,0,0,0,0
2014,Pe,8,22,2002,1,1,0,1.5,0,0,0,0
2015,Pe,8,23,2002,1,1.5,3.5,1.5,4.5,1,0,0
2015,Pe,8,23,2003,2,3.5,0,4.5,0,0,0,0
2016,Pe,8,24,2005,1,2.5,11.5,6,14.5,1,0,0
2016,Pe,8,24,2006,2,11.5,15,14.5,15.5,1,0,0
2016,Pe,8,24,2007,3,15,10,15.5,12,1,0,0
2016,Pe,8,24,2008,4,10,0,12,0,0,1,NA
2017,Pe,8,26,2006,1,3.5,0,4.5,0,0,0,0
2018,Pe,8,27,2017,1,3,7.5,9,12.5,1,0,0
2018,Pe,8,27,2018,2,7.5,11.5,12.5,15,1,0,0
2018,Pe,8,27,2019,3,11.5,10,15,16,1,0,0
2018,Pe,8,27,2020,4,10,14,16,16.5,1,0,0
2018,Pe,8,27,2021,5,14,12,16.5,13,1,0,0
2018,Pe,8,27,2022,6,12,NA,13,NA,NA,0,0
2019,Pe,8,28,2017,1,1.5,0,1,0,0,0,0
2020,Pe,8,32,2017,1,2,0,1,0,0,0,0
2021,Pe,8,34,2017,1,2,0,1.5,0,0,0,0
2022,Pe,8,35,2017,1,2,0,1,0,0,0,0
2023,Pe,8,39,2020,1,NA,0,2.5,0,0,0,0
2024,Pe,9,1,1994,NA,NA,0,1.5,0,0,0,0
2025,Pe,9,2,1994,NA,NA,8,4.5,9,1,0,0
2025,Pe,9,2,1995,NA,8,6.5,9,11,1,0,0
2025,Pe,9,2,1996,NA,6.5,0,11,0,0,0,0
2026,Pe,9,3,1994,NA,NA,0,10,0,0,0,0
2027,Pe,9,4,1994,NA,NA,0,11,0,0,1,11
2028,Pe,9,5,1994,NA,NA,9.5,6.5,9.5,1,0,0
2028,Pe,9,5,1995,NA,9.5,7.5,9.5,12,1,0,0
2028,Pe,9,5,1996,NA,7.5,6,12,9,1,0,0
2028,Pe,9,5,1997,NA,6,8.5,9,8,1,0,0
2028,Pe,9,5,1998,NA,8.5,0,8,0,0,1,12
2029,Pe,9,6,1994,NA,NA,6,10,8,1,0,0
2029,Pe,9,6,1995,NA,6,5,8,10.5,1,0,0
2029,Pe,9,6,1996,NA,5,8.5,10.5,11,1,0,0
2029,Pe,9,6,1997,NA,8.5,6,11,12,1,0,0
2029,Pe,9,6,1998,NA,6,7,12,10,1,0,0
2029,Pe,9,6,1999,NA,7,12,10,17.5,1,0,0
2029,Pe,9,6,2000,NA,12,9,17.5,13,1,0,0
2029,Pe,9,6,2001,NA,9,0,13,0,0,1,NA
2030,Pe,9,7,1994,NA,NA,0,1,0,0,0,0
2031,Pe,9,8,1994,NA,NA,0,1,0,0,0,0
2032,Pe,9,9,1994,NA,NA,10.5,9,13.5,1,0,0
2032,Pe,9,9,1995,NA,10.5,16,13.5,16.5,1,0,0
2032,Pe,9,9,1996,NA,16,0,16.5,0,0,1,32
2033,Pe,9,10,1994,NA,NA,5.5,3,5,1,0,0
2033,Pe,9,10,1995,NA,5.5,5,5,6,1,0,0
2033,Pe,9,10,1996,NA,5,6,6,10.5,1,0,0
2033,Pe,9,10,1997,NA,6,7.5,10.5,14.5,1,0,0
2033,Pe,9,10,1998,NA,7.5,16,14.5,17,1,0,0
2033,Pe,9,10,1999,NA,16,0,17,0,0,1,26
2034,Pe,9,11,1994,NA,NA,0,3.5,0,0,0,0
2035,Pe,9,12,1994,NA,NA,0,5.5,0,0,0,0
2036,Pe,9,13,1994,NA,NA,7,3,6.5,1,0,0
2036,Pe,9,13,1995,NA,7,5.5,6.5,8.5,1,0,0
2036,Pe,9,13,1996,NA,5.5,6,8.5,8.5,1,0,0
2036,Pe,9,13,1997,NA,6,5.5,8.5,9,1,0,0
2036,Pe,9,13,1998,NA,5.5,2,9,5.5,1,0,0
2036,Pe,9,13,1999,NA,2,0,5.5,0,0,0,0
2037,Pe,9,14,1994,NA,NA,6.5,7.5,7.5,1,0,0
2037,Pe,9,14,1995,NA,6.5,6,7.5,11,1,0,0
2037,Pe,9,14,1996,NA,6,9,11,9,1,0,0
2037,Pe,9,14,1997,NA,9,0,9,0,0,1,NA
2038,Pe,9,15,1994,NA,NA,0,6.5,0,0,0,0
2039,Pe,9,16,1994,NA,NA,0,2.5,0,0,0,0
2040,Pe,9,17,1994,NA,NA,6.5,2.5,5.5,1,0,0
2040,Pe,9,17,1995,NA,6.5,4.5,5.5,10.5,1,0,0
2040,Pe,9,17,1996,NA,4.5,8.5,10.5,15,1,0,0
2040,Pe,9,17,1997,NA,8.5,11,15,9,1,0,0
2040,Pe,9,17,1998,NA,11,0,9,0,0,1,6
2041,Pe,9,18,1994,NA,NA,3,2,2.5,1,0,0
2041,Pe,9,18,1995,NA,3,4.5,2.5,6.5,1,0,0
2041,Pe,9,18,1996,NA,4.5,8,6.5,10,1,0,0
2041,Pe,9,18,1997,NA,8,8,10,7,1,0,0
2041,Pe,9,18,1998,NA,8,6,7,8.5,1,0,0
2041,Pe,9,18,1999,NA,6,6.5,8.5,7,1,0,0
2041,Pe,9,18,2000,NA,6.5,5,7,6,1,0,0
2041,Pe,9,18,2001,NA,5,0,6,0,0,0,0
2042,Pe,9,19,1994,NA,NA,0,7.5,0,0,0,0
2043,Pe,9,20,1994,NA,NA,0,2,0,0,0,0
2044,Pe,9,22,1995,1,2.5,3,2.5,5,1,0,0
2044,Pe,9,22,1996,2,3,0,5,0,0,0,0
2045,Pe,9,23,1995,1,3.5,6,4,11,1,0,0
2045,Pe,9,23,1996,2,6,12,11,14.5,1,0,0
2045,Pe,9,23,1997,3,12,11,14.5,12.5,1,0,0
2045,Pe,9,23,1998,4,11,13,12.5,16.5,1,0,0
2045,Pe,9,23,1999,5,13,13.5,16.5,12.5,1,0,0
2045,Pe,9,23,2000,6,13.5,0,12.5,0,0,1,15
2046,Pe,9,24,1996,1,2,5.5,3.5,6.5,1,0,0
2046,Pe,9,24,1997,2,5.5,6.5,6.5,8.5,1,0,0
2046,Pe,9,24,1998,3,6.5,8,8.5,10.5,1,0,0
2046,Pe,9,24,1999,4,8,11,10.5,12.5,1,0,0
2046,Pe,9,24,2000,5,11,11.5,12.5,15.5,1,0,0
2046,Pe,9,24,2001,6,11.5,0,15.5,0,0,1,NA
2047,Pe,9,25,1996,1,1,0,1,0,0,0,0
2048,Pe,9,28,1997,1,0.5,0,1.5,0,0,0,0
2049,Pe,9,29,1997,1,NA,0,1.5,0,0,0,0
2050,Pe,9,30,1999,1,1,4,2,6,1,0,0
2050,Pe,9,30,2000,2,4,4.5,6,7,1,0,0
2050,Pe,9,30,2001,3,4.5,9,7,14,1,0,0
2050,Pe,9,30,2002,4,9,12,14,18,1,0,0
2050,Pe,9,30,2003,5,12,11,18,9.5,1,0,0
2050,Pe,9,30,2004,6,11,0,9.5,0,0,1,NA
2051,Pe,9,31,1999,1,1,3.5,2,6,1,0,0
2051,Pe,9,31,2000,2,3.5,4.5,6,7,1,0,0
2051,Pe,9,31,2001,3,4.5,7,7,11.5,1,0,0
2051,Pe,9,31,2002,4,7,11,11.5,13.5,1,0,0
2051,Pe,9,31,2003,5,11,0,13.5,0,0,0,0
2052,Pe,9,32,1999,1,1,1.5,2,1,1,0,0
2052,Pe,9,32,2000,2,1.5,0,1,0,0,0,0
2053,Pe,9,33,1999,1,1,3.5,2,4,1,0,0
2053,Pe,9,33,2000,2,3.5,2.5,4,0.5,1,0,0
2053,Pe,9,33,2001,3,2.5,0,0.5,0,0,0,0
2054,Pe,9,34,2000,1,2,2.5,3.5,2,1,0,0
2054,Pe,9,34,2001,2,2.5,4,2,5,1,0,0
2054,Pe,9,34,2002,3,4,5,5,8,1,0,0
2054,Pe,9,34,2003,4,5,0,8,0,0,0,0
2055,Pe,9,35,2000,1,1,0,1,0,0,0,0
2056,Pe,9,36,2000,1,1,0,1.5,0,0,0,0
2057,Pe,9,37,2000,1,1,0,1.5,0,0,0,0
2058,Pe,9,38,1999,1,2,7,4,10,1,0,0
2058,Pe,9,38,2000,2,7,7,10,8.5,1,0,0
2058,Pe,9,38,2001,3,7,0,8.5,0,0,0,0
2059,Pe,9,39,2000,1,1,0,3,0,0,0,0
2060,Pe,9,40,2001,1,1.5,4.5,2,7.5,1,0,0
2060,Pe,9,40,2002,2,4.5,5,7.5,11,1,0,0
2060,Pe,9,40,2003,3,5,0,11,0,0,0,0
2061,Pe,9,41,2001,1,1.5,0,0.5,0,0,0,0
2062,Pe,9,42,2002,1,5,8.5,10.5,15.5,1,0,0
2062,Pe,9,42,2003,2,8.5,12,15.5,15,1,0,0
2062,Pe,9,42,2004,3,12,11,15,14.5,1,0,0
2062,Pe,9,42,2005,4,11,0,14.5,0,0,1,NA
2063,Pe,9,43,2002,1,2.5,3.5,5,7,1,0,0
2063,Pe,9,43,2003,2,3.5,0,7,0,0,0,0
2064,Pe,9,44,2002,1,8,20,16,5.5,1,0,0
2064,Pe,9,44,2003,2,20,0,5.5,0,0,0,0
2065,Pe,9,45,2002,1,1.5,4.5,4,7,1,0,0
2065,Pe,9,45,2003,2,4.5,0,7,0,0,0,0
2066,Pe,9,46,2002,1,2.5,5.5,6,8.5,1,0,0
2066,Pe,9,46,2003,2,5.5,0,8.5,0,0,0,0
2067,Pe,9,47,2002,1,2.5,6,5.5,10,1,0,0
2067,Pe,9,47,2003,2,6,6,10,9,1,0,0
2067,Pe,9,47,2004,3,6,0,9,0,0,0,0
2068,Pe,9,48,2002,1,1,3.5,2.5,7,1,0,0
2068,Pe,9,48,2003,2,3.5,0,7,0,0,0,0
2069,Pe,9,49,2002,1,1,3.5,4,7.5,1,0,0
2069,Pe,9,49,2003,2,3.5,0,7.5,0,0,0,0
2070,Pe,9,51,2005,1,2,4.5,6,6.5,1,0,0
2070,Pe,9,51,2006,2,4.5,0,6.5,0,0,0,0
2071,Pe,9,52,2005,1,1.5,0,1,0,0,0,0
2072,Pe,9,53,2005,1,2.5,1.5,2.5,2.5,1,0,0
2072,Pe,9,53,2006,2,1.5,0,2.5,0,0,0,0
2073,Pe,9,55,2005,1,2,0,3.5,0,0,0,0
2074,Pe,9,56,2006,1,2,0,3.5,0,0,0,0
2075,Pe,9,57,2017,1,3,0,3,0,0,0,0
2076,Pe,9,58,2018,1,1.5,6.5,5.5,12,1,0,0
2076,Pe,9,58,2019,2,6.5,12,12,13,1,0,0
2076,Pe,9,58,2020,3,12,12,13,15,1,0,0
2076,Pe,9,58,2021,4,12,11,15,12,1,0,0
2076,Pe,9,58,2022,5,11,NA,12,NA,NA,0,0
2077,Pe,10,1,1994,NA,NA,5,6.5,5.5,1,0,0
2077,Pe,10,1,1995,NA,5,2,5.5,3.5,1,0,0
2077,Pe,10,1,1996,NA,2,0,3.5,0,0,0,0
2078,Pe,10,2,1994,NA,NA,4.5,6,7.5,1,0,0
2078,Pe,10,2,1995,NA,4.5,2,7.5,4.5,1,0,0
2078,Pe,10,2,1996,NA,2,0,4.5,0,0,0,0
2079,Pe,10,3,1994,NA,NA,7,7,10.5,1,0,0
2079,Pe,10,3,1995,NA,7,0,10.5,0,0,0,0
2080,Pe,10,4,1994,NA,NA,0,10.5,0,0,0,0
2081,Pe,10,5,1994,NA,NA,0,10.5,0,0,0,0
2082,Pe,10,6,1994,NA,NA,5,11,6,1,0,0
2082,Pe,10,6,1995,NA,5,4,6,3,1,0,0
2082,Pe,10,6,1996,NA,4,0,3,0,0,0,0
2083,Pe,10,7,1994,NA,NA,11.5,16,14.5,1,0,0
2083,Pe,10,7,1995,NA,11.5,6.5,14.5,12,1,0,0
2083,Pe,10,7,1996,NA,6.5,10,12,11,1,0,0
2083,Pe,10,7,1997,NA,10,0,11,0,0,0,0
2084,Pe,10,8,1994,NA,NA,2.5,2.5,2.5,1,0,0
2084,Pe,10,8,1995,NA,2.5,0,2.5,0,0,0,0
2085,Pe,10,9,2002,1,NA,1.5,0.5,0.5,1,0,0
2085,Pe,10,9,2003,2,1.5,2.5,0.5,2.5,1,0,0
2085,Pe,10,9,2004,3,2.5,0,2.5,0,0,0,0
2086,Pe,10,11,2005,1,2,0,0.5,0,0,0,0
2087,Pe,20,1,1994,NA,NA,7,23,12.5,1,0,0
2087,Pe,20,1,1995,NA,7,0,12.5,0,0,1,10
2088,Pe,20,2,1995,1,2,0,1.5,0,0,0,0
2089,Pe,20,3,2012,1,NA,10,6.5,23,1,0,0
2089,Pe,20,3,2013,2,10,15,23,9,1,0,0
2089,Pe,20,3,2014,3,15,0,9,0,0,1,NA
2090,Pe,23,1,1995,NA,9,7,10,4,1,0,0
2090,Pe,23,1,1996,NA,7,0,4,0,0,0,0
2091,Pe,23,2,1995,NA,7.5,4.5,11,5,1,0,0
2091,Pe,23,2,1996,NA,4.5,0,5,0,0,0,0
2092,Pe,23,3,1995,NA,5,4,3,2.5,1,0,0
2092,Pe,23,3,1996,NA,4,3,2.5,5.5,1,0,0
2092,Pe,23,3,1997,NA,3,0,5.5,0,0,0,0
2093,Pe,23,4,1995,NA,6.5,6,10.5,11.5,1,0,0
2093,Pe,23,4,1996,NA,6,7.5,11.5,13,1,0,0
2093,Pe,23,4,1997,NA,7.5,7,13,12,1,0,0
2093,Pe,23,4,1998,NA,7,6,12,13.5,1,0,0
2093,Pe,23,4,1999,NA,6,0,13.5,0,0,0,0
2094,Pe,23,5,1995,NA,7.5,6.5,10.5,10,1,0,0
2094,Pe,23,5,1996,NA,6.5,0,10,0,0,0,0
2095,Pe,23,6,1995,NA,6.5,0,7.5,0,0,0,0
2096,Pe,23,7,1995,NA,5.5,0,2,0,0,0,0
2097,Pe,23,9,1995,NA,4,6.5,4,7,1,0,0
2097,Pe,23,9,1996,NA,6.5,0,7,0,0,0,0
2098,Pe,23,10,1995,NA,2,0,3,0,0,0,0
2099,Pe,23,13,1995,NA,5,5,8,8.5,1,0,0
2099,Pe,23,13,1996,NA,5,3.5,8.5,5,1,0,0
2099,Pe,23,13,1997,NA,3.5,0,5,0,0,0,0
2100,Pe,23,14,1995,NA,3.5,3,4.5,3.5,1,0,0
2100,Pe,23,14,1996,NA,3,0,3.5,0,0,0,0
2101,Pe,23,15,1995,NA,3,2.5,5,4,1,0,0
2101,Pe,23,15,1996,NA,2.5,4.5,4,7.5,1,0,0
2101,Pe,23,15,1997,NA,4.5,4,7.5,9,1,0,0
2101,Pe,23,15,1998,NA,4,6,9,11.5,1,0,0
2101,Pe,23,15,1999,NA,6,6,11.5,8,1,0,0
2101,Pe,23,15,2000,NA,6,5.5,8,7.5,1,0,0
2101,Pe,23,15,2001,NA,5.5,0,7.5,0,0,0,0
2102,Pe,23,16,1995,NA,4,6.5,6.5,7.5,1,0,0
2102,Pe,23,16,1996,NA,6.5,7,7.5,11.5,1,0,0
2102,Pe,23,16,1997,NA,7,6,11.5,10.5,1,0,0
2102,Pe,23,16,1998,NA,6,9,10.5,14,1,0,0
2102,Pe,23,16,1999,NA,9,8,14,10.5,1,0,0
2102,Pe,23,16,2000,NA,8,6,10.5,10,1,0,0
2102,Pe,23,16,2001,NA,6,0,10,0,0,0,0
2103,Pe,23,17,1995,NA,3.5,4.5,5.5,6.5,1,0,0
2103,Pe,23,17,1996,NA,4.5,2.5,6.5,8.5,1,0,0
2103,Pe,23,17,1997,NA,2.5,4,8.5,8,1,0,0
2103,Pe,23,17,1998,NA,4,5.5,8,10.5,1,0,0
2103,Pe,23,17,1999,NA,5.5,7,10.5,7.5,1,0,0
2103,Pe,23,17,2000,NA,7,0,7.5,0,0,0,0
2104,Pe,23,18,1995,NA,5,6.5,7,8.5,1,0,0
2104,Pe,23,18,1996,NA,6.5,8,8.5,14.5,1,0,0
2104,Pe,23,18,1997,NA,8,9.5,14.5,14,1,0,0
2104,Pe,23,18,1998,NA,9.5,12,14,11,1,0,0
2104,Pe,23,18,1999,NA,12,7.5,11,10.5,1,0,0
2104,Pe,23,18,2000,NA,7.5,6,10.5,6,1,0,0
2104,Pe,23,18,2001,NA,6,0,6,0,0,0,0
2105,Pe,23,19,1995,NA,6.5,9.5,10,13.5,1,0,0
2105,Pe,23,19,1996,NA,9.5,13,13.5,12,1,0,0
2105,Pe,23,19,1997,NA,13,0,12,0,0,1,NA
2106,Pe,23,21,1995,NA,7,9,9.5,13,1,0,0
2106,Pe,23,21,1996,NA,9,6.5,13,13.5,1,0,0
2106,Pe,23,21,1997,NA,6.5,9.5,13.5,13,1,0,0
2106,Pe,23,21,1998,NA,9.5,0,13,0,0,1,15
2107,Pe,23,22,1995,NA,4.5,4.5,6.5,8.5,1,0,0
2107,Pe,23,22,1996,NA,4.5,10,8.5,14,1,0,0
2107,Pe,23,22,1997,NA,10,8.5,14,15.5,1,0,0
2107,Pe,23,22,1998,NA,8.5,0,15.5,0,0,1,19
2108,Pe,23,23,1995,NA,8.5,9,12,13.5,1,0,0
2108,Pe,23,23,1996,NA,9,9,13.5,9,1,0,0
2108,Pe,23,23,1997,NA,9,0,9,0,0,1,NA
2109,Pe,23,24,1995,NA,13.5,0,14.5,0,0,1,25
2110,Pe,23,25,1995,NA,6.5,7.5,12,11.5,1,0,0
2110,Pe,23,25,1996,NA,7.5,4.5,11.5,9.5,1,0,0
2110,Pe,23,25,1997,NA,4.5,10,9.5,15.5,1,0,0
2110,Pe,23,25,1998,NA,10,10.5,15.5,16,1,0,0
2110,Pe,23,25,1999,NA,10.5,12,16,17,1,0,0
2110,Pe,23,25,2000,NA,12,8.5,17,13,1,0,0
2110,Pe,23,25,2001,NA,8.5,5,13,8,1,0,0
2110,Pe,23,25,2002,NA,5,0,8,0,0,0,0
2111,Pe,23,26,1995,1,1.5,0,1.5,0,0,0,0
2112,Pe,23,28,1995,1,3.5,4.5,3,4.5,1,0,0
2112,Pe,23,28,1996,2,4.5,5,4.5,10,1,0,0
2112,Pe,23,28,1997,3,5,12,10,10,1,0,0
2112,Pe,23,28,1998,4,12,10,10,16,1,0,0
2112,Pe,23,28,1999,5,10,11,16,11,1,0,0
2112,Pe,23,28,2000,6,11,0,11,0,0,1,13
2113,Pe,23,29,1995,1,2.5,4.5,3,6,1,0,0
2113,Pe,23,29,1996,2,4.5,6,6,9,1,0,0
2113,Pe,23,29,1997,3,6,6.5,9,12,1,0,0
2113,Pe,23,29,1998,4,6.5,10,12,15.5,1,0,0
2113,Pe,23,29,1999,5,10,13,15.5,15,1,0,0
2113,Pe,23,29,2000,6,13,11,15,13,1,0,0
2113,Pe,23,29,2001,7,11,8.5,13,12.5,1,0,0
2113,Pe,23,29,2002,8,8.5,7.5,12.5,11,1,0,0
2113,Pe,23,29,2003,9,7.5,0,11,0,0,0,0
2114,Pe,23,33,1995,1,1.5,0,2.5,0,0,0,0
2115,Pe,23,34,1995,1,0.5,0,0.5,0,0,0,0
2116,Pe,23,37,1995,1,0.5,0,0.5,0,0,0,0
2117,Pe,23,38,1995,1,3,0,3,0,0,0,0
2118,Pe,23,39,1995,1,NA,0,0.5,0,0,0,0
2119,Pe,23,40,1995,1,NA,0,2,0,0,0,0
2120,Pe,23,41,1996,1,1,0.5,1,1,1,0,0
2120,Pe,23,41,1997,2,0.5,0.5,1,0.5,1,0,0
2120,Pe,23,41,1998,3,0.5,0,0.5,0,0,0,0
2121,Pe,23,44,1998,1,1,0,2.5,0,0,0,0
2122,Pe,23,45,1998,1,1,0,3,0,0,0,0
2123,Pe,23,46,1999,1,2.5,2,4,2.5,1,0,0
2123,Pe,23,46,2000,2,2,0,2.5,0,0,0,0
2124,Pe,23,49,2002,1,1,5,1,6,1,0,0
2124,Pe,23,49,2003,2,5,4,6,6,1,0,0
2124,Pe,23,49,2004,3,4,8,6,11.5,1,0,0
2124,Pe,23,49,2005,4,8,7.5,11.5,8.5,1,0,0
2124,Pe,23,49,2006,5,7.5,6,8.5,7.5,1,0,0
2124,Pe,23,49,2007,6,6,9,7.5,10,1,0,0
2124,Pe,23,49,2008,7,9,9.5,10,8,1,0,0
2124,Pe,23,49,2009,8,9.5,5,8,8.5,1,0,0
2124,Pe,23,49,2010,9,5,7,8.5,11.5,1,0,0
2124,Pe,23,49,2011,10,7,0,11.5,0,0,0,0
2125,Pe,23,51,2004,1,1.5,0,1,0,0,0,0
2126,Pe,23,52,2004,1,2.5,0,4.5,0,0,0,0
2127,Pe,45,1,2000,NA,1.5,1.5,2,1.5,1,0,0
2127,Pe,45,1,2001,NA,1.5,0,1.5,0,0,0,0
2128,Pe,45,2,2000,NA,2,0,2,0,0,0,0
2129,Pe,45,3,2000,NA,10,11,13,13,1,0,0
2129,Pe,45,3,2001,NA,11,9.5,13,14.5,1,0,0
2129,Pe,45,3,2002,NA,9.5,11,14.5,17.5,1,0,0
2129,Pe,45,3,2003,NA,11,0,17.5,0,0,0,0
2130,Pe,45,4,2000,NA,7.5,6,10,8.5,1,0,0
2130,Pe,45,4,2001,NA,6,0,8.5,0,0,0,0
2131,Pe,45,6,2000,NA,2.5,0,2.5,0,0,0,0
2132,Pe,45,7,2000,NA,1,1,1,1,1,0,0
2132,Pe,45,7,2001,NA,1,0,1,0,0,0,0
2133,Pe,45,8,2000,NA,6.5,4.5,11.5,11,1,0,0
2133,Pe,45,8,2001,NA,4.5,7,11,9,1,0,0
2133,Pe,45,8,2002,NA,7,0,9,0,0,0,0
2134,Pe,45,9,2000,NA,7,7.5,9,8,1,0,0
2134,Pe,45,9,2001,NA,7.5,8.5,8,12.5,1,0,0
2134,Pe,45,9,2002,NA,8.5,4.5,12.5,7,1,0,0
2134,Pe,45,9,2003,NA,4.5,9,7,8.5,1,0,0
2134,Pe,45,9,2004,NA,9,5.5,8.5,7.5,1,0,0
2134,Pe,45,9,2005,NA,5.5,0,7.5,0,0,0,0
2135,Pe,45,13,2000,NA,2.5,0,2.5,0,0,0,0
2136,Pe,45,14,2000,NA,1.5,0,3,0,0,0,0
2137,Pe,45,15,2000,NA,5,5,8,7,1,0,0
2137,Pe,45,15,2001,NA,5,6,7,7,1,0,0
2137,Pe,45,15,2002,NA,6,8,7,7,1,0,0
2137,Pe,45,15,2003,NA,8,0,7,0,0,0,0
2138,Pe,45,16,2001,1,1,0,1,0,0,0,0
2139,Pe,45,20,2002,1,2.5,4,5,7.5,1,0,0
2139,Pe,45,20,2003,2,4,2.5,7.5,4,1,0,0
2139,Pe,45,20,2004,3,2.5,3,4,7,1,0,0
2139,Pe,45,20,2005,4,3,1.5,7,4,1,0,0
2139,Pe,45,20,2006,5,1.5,0,4,0,0,0,0
2140,Pe,45,21,2002,1,2,10,2.5,9,1,0,0
2140,Pe,45,21,2003,2,10,5,9,9,1,0,0
2140,Pe,45,21,2004,3,5,7,9,10,1,0,0
2140,Pe,45,21,2005,4,7,0,10,0,0,0,0
2141,Pe,45,22,2002,1,1.5,3,3,6,1,0,0
2141,Pe,45,22,2003,2,3,0,6,0,0,0,0
2142,Pe,45,23,2002,1,1.5,2,2.5,2.5,1,0,0
2142,Pe,45,23,2003,2,2,0,2.5,0,0,0,0
2143,Pe,45,24,2002,1,1.5,2.5,2,4,1,0,0
2143,Pe,45,24,2003,2,2.5,0,4,0,0,0,0
2144,Pe,45,25,2002,1,2,2.5,1.5,3,1,0,0
2144,Pe,45,25,2003,2,2.5,0,3,0,0,0,0
2145,Pe,45,27,2002,1,2,0,2.5,0,0,0,0
2146,Pe,45,29,2002,1,2.5,5,4.5,9,1,0,0
2146,Pe,45,29,2003,2,5,6.5,9,7.5,1,0,0
2146,Pe,45,29,2004,3,6.5,0,7.5,0,0,0,0
2147,Pe,45,30,2002,1,2,0,3,0,0,0,0
2148,Pe,45,31,2006,1,2.5,0,2,0,0,0,0
2149,Pe,45,32,2008,1,3,6,5,6,1,0,0
2149,Pe,45,32,2009,2,6,9,6,9,1,0,0
2149,Pe,45,32,2010,3,9,10,9,10,1,0,0
2149,Pe,45,32,2011,4,10,11,10,11,1,0,0
2149,Pe,45,32,2012,5,11,12,11,12,1,0,0
2149,Pe,45,32,2013,6,12,12,12,12,1,0,0
2149,Pe,45,32,2014,7,12,13,12,14,1,0,0
2149,Pe,45,32,2015,8,13,14,14,14,1,0,0
2149,Pe,45,32,2016,9,14,14,14,14.5,1,0,0
2149,Pe,45,32,2017,10,14,17,14.5,21,1,0,0
2149,Pe,45,32,2018,11,17,18,21,19,1,0,0
2149,Pe,45,32,2019,12,18,0,19,0,0,0,0
2150,Pe,45,34,2018,1,3,0,5,0,0,0,0
2151,E1,1,1,1994,NA,NA,6,8,9,1,0,0
2151,E1,1,1,1995,NA,6,0,9,0,0,0,0
2152,E1,1,2,1994,NA,NA,4.5,5,5.5,1,0,0
2152,E1,1,2,1995,NA,4.5,6.5,5.5,10,1,0,0
2152,E1,1,2,1996,NA,6.5,0,10,0,0,0,0
2153,E1,1,3,1994,NA,NA,6,6.5,8.5,1,0,0
2153,E1,1,3,1995,NA,6,11,8.5,12,1,0,0
2153,E1,1,3,1996,NA,11,0,12,0,0,1,36
2154,E1,1,4,1994,NA,NA,4.5,5,6.5,1,0,0
2154,E1,1,4,1995,NA,4.5,7,6.5,14.5,1,0,0
2154,E1,1,4,1996,NA,7,5.5,14.5,9.5,1,0,0
2154,E1,1,4,1997,NA,5.5,0,9.5,0,0,0,0
2155,E1,1,5,1994,NA,NA,5,4.5,7.5,1,0,0
2155,E1,1,5,1995,NA,5,3.5,7.5,7.5,1,0,0
2155,E1,1,5,1996,NA,3.5,0,7.5,0,0,0,0
2156,E1,1,6,1994,NA,NA,6,4,7,1,0,0
2156,E1,1,6,1995,NA,6,0,7,0,0,0,0
2157,E1,1,7,1994,NA,NA,0,3.5,0,0,0,0
2158,E1,1,8,1994,NA,NA,5.5,6,7,1,0,0
2158,E1,1,8,1995,NA,5.5,3,7,5,1,0,0
2158,E1,1,8,1996,NA,3,0,5,0,0,0,0
2159,E1,1,9,1994,NA,NA,8.5,5.5,8.5,1,0,0
2159,E1,1,9,1995,NA,8.5,4.5,8.5,10,1,0,0
2159,E1,1,9,1996,NA,4.5,5.5,10,8,1,0,0
2159,E1,1,9,1997,NA,5.5,0,8,0,0,0,0
2160,E1,1,10,1994,NA,NA,7.5,7,6.5,1,0,0
2160,E1,1,10,1995,NA,7.5,3,6.5,7.5,1,0,0
2160,E1,1,10,1996,NA,3,5.5,7.5,3,1,0,0
2160,E1,1,10,1997,NA,5.5,0,3,0,0,0,0
2161,E1,1,11,1994,NA,NA,6,6,6.5,1,0,0
2161,E1,1,11,1995,NA,6,1,6.5,9,1,0,0
2161,E1,1,11,1996,NA,1,3,9,7,1,0,0
2161,E1,1,11,1997,NA,3,0,7,0,0,0,0
2162,E1,1,12,1994,NA,NA,0,3,0,0,0,0
2163,E1,1,13,1994,NA,NA,0,1.5,0,0,0,0
2164,E1,1,14,1994,NA,NA,0,3,0,0,0,0
2165,E1,1,15,1994,NA,NA,0,0.5,0,0,0,0
2166,E1,1,16,1994,NA,NA,0,2.5,0,0,0,0
2167,E1,1,17,1994,NA,NA,0,2,0,0,0,0
2168,E1,1,18,1994,NA,NA,0,1,0,0,0,0
2169,E1,1,19,1994,NA,NA,3.5,6.5,4.5,1,0,0
2169,E1,1,19,1995,NA,3.5,0,4.5,0,0,0,0
2170,E1,1,20,1994,NA,NA,9.5,10,10.5,1,0,0
2170,E1,1,20,1995,NA,9.5,0,10.5,0,0,1,13
2171,E1,1,21,1994,NA,NA,0,7,0,0,0,0
2172,E1,1,22,1994,NA,NA,6.5,7,8,1,0,0
2172,E1,1,22,1995,NA,6.5,5,8,8.5,1,0,0
2172,E1,1,22,1996,NA,5,0,8.5,0,0,0,0
2173,E1,1,23,1994,NA,NA,5,7.5,7,1,0,0
2173,E1,1,23,1995,NA,5,3.5,7,12,1,0,0
2173,E1,1,23,1996,NA,3.5,6.5,12,10.5,1,0,0
2173,E1,1,23,1997,NA,6.5,7.5,10.5,9,1,0,0
2173,E1,1,23,1998,NA,7.5,0,9,0,0,1,10
2174,E1,1,24,1994,NA,NA,0,4,0,0,0,0
2175,E1,1,25,1994,NA,NA,4.5,6,6,1,0,0
2175,E1,1,25,1995,NA,4.5,1.5,6,7.5,1,0,0
2175,E1,1,25,1996,NA,1.5,0,7.5,0,0,0,0
2176,E1,1,26,1994,NA,NA,6.5,9.5,8.5,1,0,0
2176,E1,1,26,1995,NA,6.5,0,8.5,0,0,0,0
2177,E1,1,27,1994,NA,NA,6.5,9,8.5,1,0,0
2177,E1,1,27,1995,NA,6.5,5,8.5,8.5,1,0,0
2177,E1,1,27,1996,NA,5,0,8.5,0,0,1,10
2178,E1,1,28,1994,NA,NA,6,9.5,7.5,1,0,0
2178,E1,1,28,1995,NA,6,4.5,7.5,7.5,1,0,0
2178,E1,1,28,1996,NA,4.5,0,7.5,0,0,1,9
2179,E1,1,29,1994,NA,NA,6,6,6,1,0,0
2179,E1,1,29,1995,NA,6,3.5,6,11,1,0,0
2179,E1,1,29,1996,NA,3.5,8,11,6,1,0,0
2179,E1,1,29,1997,NA,8,0,6,0,0,1,11
2180,E1,1,30,1994,NA,NA,0,3.5,0,0,0,0
2181,E1,1,31,1994,NA,NA,0,7.5,0,0,0,0
2182,E1,1,32,1994,NA,NA,0,5,0,0,0,0
2183,E1,1,33,1994,NA,NA,2.5,3,2.5,1,0,0
2183,E1,1,33,1995,NA,2.5,0,2.5,0,0,0,0
2184,E1,1,34,1994,NA,NA,1,3,1,1,0,0
2184,E1,1,34,1995,NA,1,0,1,0,0,0,0
2185,E1,1,35,1994,NA,NA,7,10,9,1,0,0
2185,E1,1,35,1995,NA,7,0,9,0,0,1,4
2186,E1,1,36,1994,NA,NA,0,4,0,0,0,0
2187,E1,1,37,1994,NA,NA,6.5,5,6,1,0,0
2187,E1,1,37,1995,NA,6.5,0,6,0,0,0,0
2188,E1,1,38,1994,NA,NA,5.5,4,5.5,1,0,0
2188,E1,1,38,1995,NA,5.5,4,5.5,8.5,1,0,0
2188,E1,1,38,1996,NA,4,0,8.5,0,0,0,0
2189,E1,1,39,1994,NA,NA,0,3,0,0,0,0
2190,E1,1,40,1994,NA,NA,5.5,5,6,1,0,0
2190,E1,1,40,1995,NA,5.5,0,6,0,0,0,0
2191,E1,1,41,1994,NA,NA,3.5,4.5,5,1,0,0
2191,E1,1,41,1995,NA,3.5,3.5,5,9.5,1,0,0
2191,E1,1,41,1996,NA,3.5,5.5,9.5,9.5,1,0,0
2191,E1,1,41,1997,NA,5.5,0,9.5,0,0,0,0
2192,E1,1,42,1994,NA,NA,8,3.5,8.5,1,0,0
2192,E1,1,42,1995,NA,8,8,8.5,14,1,0,0
2192,E1,1,42,1996,NA,8,6,14,4,1,0,0
2192,E1,1,42,1997,NA,6,0,4,0,0,1,5
2193,E1,1,43,1994,NA,NA,0,4,0,0,0,0
2194,E1,1,44,1994,NA,NA,4.5,5,5.5,1,0,0
2194,E1,1,44,1995,NA,4.5,4.5,5.5,9,1,0,0
2194,E1,1,44,1996,NA,4.5,5.5,9,8,1,0,0
2194,E1,1,44,1997,NA,5.5,7,8,9.5,1,0,0
2194,E1,1,44,1998,NA,7,8,9.5,11,1,0,0
2194,E1,1,44,1999,NA,8,14,11,10,1,0,0
2194,E1,1,44,2000,NA,14,0,10,0,0,1,7
2195,E1,1,45,1994,NA,NA,0,2,0,0,0,0
2196,E1,1,46,1994,NA,NA,0,2.5,0,0,0,0
2197,E1,1,47,1994,NA,NA,1.5,2,2,1,0,0
2197,E1,1,47,1995,NA,1.5,0,2,0,0,0,0
2198,E1,1,48,1994,NA,NA,0,2.5,0,0,0,0
2199,E1,1,49,1994,NA,NA,1,2,1,1,0,0
2199,E1,1,49,1995,NA,1,0,1,0,0,0,0
2200,E1,1,50,1994,NA,NA,0,2,0,0,0,0
2201,E1,1,51,1994,NA,NA,0,2,0,0,0,0
2202,E1,1,52,1994,NA,NA,3.5,2.5,5,1,0,0
2202,E1,1,52,1995,NA,3.5,0.5,5,6.5,1,0,0
2202,E1,1,52,1996,NA,0.5,3,6.5,0.5,1,0,0
2202,E1,1,52,1997,NA,3,0,0.5,0,0,0,0
2203,E1,1,53,1994,NA,NA,0,1,0,0,0,0
2204,E1,1,54,1994,NA,NA,3.5,4.5,4.5,1,0,0
2204,E1,1,54,1995,NA,3.5,4,4.5,5.5,1,0,0
2204,E1,1,54,1996,NA,4,0,5.5,0,0,0,0
2205,E1,1,55,1994,NA,NA,1,3.5,1,1,0,0
2205,E1,1,55,1995,NA,1,0,1,0,0,0,0
2206,E1,1,56,1994,NA,NA,4,6.5,6,1,0,0
2206,E1,1,56,1995,NA,4,4,6,5.5,1,0,0
2206,E1,1,56,1996,NA,4,0,5.5,0,0,0,0
2207,E1,1,57,1994,NA,NA,0,2,0,0,0,0
2208,E1,1,58,1994,NA,NA,4.5,6.5,5.5,1,0,0
2208,E1,1,58,1995,NA,4.5,3,5.5,6.5,1,0,0
2208,E1,1,58,1996,NA,3,0,6.5,0,0,0,0
2209,E1,1,59,1994,NA,NA,9,6.5,10,1,0,0
2209,E1,1,59,1995,NA,9,9,10,17,1,0,0
2209,E1,1,59,1996,NA,9,0,17,0,0,1,19
2210,E1,1,60,1994,NA,NA,0,11,0,0,1,15
2211,E1,1,61,1994,NA,NA,0,9,0,0,0,0
2212,E1,1,62,1994,NA,NA,9,6.5,9.5,1,0,0
2212,E1,1,62,1995,NA,9,8.5,9.5,14.5,1,0,0
2212,E1,1,62,1996,NA,8.5,11.5,14.5,9.5,1,0,0
2212,E1,1,62,1997,NA,11.5,0,9.5,0,0,1,15
2213,E1,1,63,1994,NA,NA,10,7.5,11,1,0,0
2213,E1,1,63,1995,NA,10,7.5,11,12.5,1,0,0
2213,E1,1,63,1996,NA,7.5,9,12.5,8.5,1,0,0
2213,E1,1,63,1997,NA,9,0,8.5,0,0,1,8
2214,E1,1,64,1994,NA,NA,7,9,9.5,1,0,0
2214,E1,1,64,1995,NA,7,4.5,9.5,13.5,1,0,0
2214,E1,1,64,1996,NA,4.5,0,13.5,0,0,0,0
2215,E1,1,65,1994,NA,NA,4,6.5,5.5,1,0,0
2215,E1,1,65,1995,NA,4,2,5.5,9,1,0,0
2215,E1,1,65,1996,NA,2,0,9,0,0,0,0
2216,E1,1,66,1994,NA,NA,0,3.5,0,0,0,0
2217,E1,1,67,1994,NA,NA,7,8.5,8.5,1,0,0
2217,E1,1,67,1995,NA,7,5,8.5,10.5,1,0,0
2217,E1,1,67,1996,NA,5,0,10.5,0,0,0,0
2218,E1,1,68,1994,NA,NA,3.5,7,4.5,1,0,0
2218,E1,1,68,1995,NA,3.5,0,4.5,0,0,0,0
2219,E1,1,69,1994,NA,NA,4.5,6.5,5,1,0,0
2219,E1,1,69,1995,NA,4.5,0,5,0,0,0,0
2220,E1,1,70,1994,NA,NA,0,6.5,0,0,0,0
2221,E1,1,71,1994,NA,NA,0,6.5,0,0,0,0
2222,E1,1,72,1994,NA,NA,5,6.5,6,1,0,0
2222,E1,1,72,1995,NA,5,0,6,0,0,0,0
2223,E1,1,73,1994,NA,NA,5.5,8,6.5,1,0,0
2223,E1,1,73,1995,NA,5.5,0,6.5,0,0,0,0
2224,E1,1,74,1994,NA,NA,0,11,0,0,1,10
2225,E1,1,75,1994,NA,NA,0,10.5,0,0,0,0
2226,E1,1,76,1994,NA,NA,0,1,0,0,0,0
2227,E1,1,77,1994,NA,NA,0,2,0,0,0,0
2228,E1,1,78,1994,NA,NA,8.5,8,11,1,0,0
2228,E1,1,78,1995,NA,8.5,6.5,11,9.5,1,0,0
2228,E1,1,78,1996,NA,6.5,0,9.5,0,0,1,19
2229,E1,1,79,1994,NA,NA,4,5.5,5,1,0,0
2229,E1,1,79,1995,NA,4,1,5,2,1,0,0
2229,E1,1,79,1996,NA,1,0,2,0,0,0,0
2230,E1,1,80,1994,NA,NA,8,5.5,7.5,1,0,0
2230,E1,1,80,1995,NA,8,4.5,7.5,9.5,1,0,0
2230,E1,1,80,1996,NA,4.5,4.5,9.5,6.5,1,0,0
2230,E1,1,80,1997,NA,4.5,4.5,6.5,6,1,0,0
2230,E1,1,80,1998,NA,4.5,0,6,0,0,0,0
2231,E1,1,81,1994,NA,NA,8,6,7.5,1,0,0
2231,E1,1,81,1995,NA,8,2.5,7.5,5.5,1,0,0
2231,E1,1,81,1996,NA,2.5,0,5.5,0,0,0,0
2232,E1,1,82,1994,NA,NA,0,2.5,0,0,0,0
2233,E1,1,83,1994,NA,NA,0,2,0,0,0,0
2234,E1,1,84,1994,NA,NA,0,3.5,0,0,0,0
2235,E1,1,85,1994,NA,NA,1,1.5,2.5,1,0,0
2235,E1,1,85,1995,NA,1,1,2.5,5.5,1,0,0
2235,E1,1,85,1996,NA,1,0,5.5,0,0,0,0
2236,E1,1,86,1995,1,2.5,0,3,0,0,0,0
2237,E1,1,91,1995,1,0.5,0,2,0,0,0,0
2238,E1,1,93,1995,1,1,0,2.5,0,0,0,0
2239,E1,1,96,1995,1,2,0,1,0,0,0,0
2240,E1,1,98,1995,1,2.5,0,2.5,0,0,0,0
2241,E1,1,104,1995,1,1,1.5,1,1.5,1,0,0
2241,E1,1,104,1996,2,1.5,0,1.5,0,0,0,0
2242,E1,1,107,1996,1,0.5,0,2.5,0,0,0,0
2243,E1,1,109,1996,1,1,0,2.5,0,0,0,0
2244,E1,1,110,1996,1,1,0,2,0,0,0,0
2245,E1,1,112,1996,1,0.5,0,0.5,0,0,0,0
2246,E1,1,113,1996,1,0.5,0,0.5,0,0,0,0
2247,E1,1,120,1996,1,1,0,3,0,0,0,0
2248,E1,1,121,1996,1,3,0,5.5,0,0,0,0
2249,E1,1,122,1996,1,1,0,0.5,0,0,0,0
2250,E1,1,123,1996,1,1.5,0,5,0,0,0,0
2251,E1,1,124,1996,1,0.5,0,2.5,0,0,0,0
2252,E1,1,126,1996,1,0.5,0,2,0,0,0,0
2253,E1,1,132,1996,1,4.5,0,8.5,0,0,0,0
2254,E1,1,135,1996,1,1.5,0,3.5,0,0,0,0
2255,E1,1,136,1996,1,NA,0,1,0,0,0,0
2256,E1,1,137,1996,1,NA,0,2,0,0,0,0
2257,E1,1,138,1996,1,NA,0,0.5,0,0,0,0
2258,E1,1,139,1996,1,NA,0,2,0,0,0,0
2259,E1,1,140,1997,1,1.5,1,1,0.5,1,0,0
2259,E1,1,140,1998,2,1,0,0.5,0,0,0,0
2260,E1,1,141,1997,1,1.5,0,1,0,0,0,0
2261,E1,1,157,1997,1,3,1.5,2.5,2,1,0,0
2261,E1,1,157,1998,2,1.5,4,2,6.5,1,0,0
2261,E1,1,157,1999,3,4,10.5,6.5,11.5,1,0,0
2261,E1,1,157,2000,4,10.5,13,11.5,11,1,0,0
2261,E1,1,157,2001,5,13,0,11,0,0,1,NA
2262,E1,1,158,1997,1,1,0,2,0,0,0,0
2263,E1,1,168,1997,1,1.5,0,4.5,0,0,0,0
2264,E1,1,169,1997,1,1,0,2.5,0,0,0,0
2265,E1,1,172,1997,1,2,4,6.5,6,1,0,0
2265,E1,1,172,1998,2,4,9,6,13.5,1,0,0
2265,E1,1,172,1999,3,9,18,13.5,12,1,0,0
2265,E1,1,172,2000,4,18,0,12,0,0,1,31
2266,E1,1,177,1998,1,1,0,1.5,0,0,0,0
2267,E1,1,178,1998,1,1.5,0,2.5,0,0,0,0
2268,E1,1,179,1998,1,0.5,1,1.5,5.5,1,0,0
2268,E1,1,179,1999,2,1,9,5.5,11,1,0,0
2268,E1,1,179,2000,3,9,9.5,11,10,1,0,0
2268,E1,1,179,2001,4,9.5,7.5,10,13.5,1,0,0
2268,E1,1,179,2002,5,7.5,0,13.5,0,0,0,0
2269,E1,1,180,1998,1,1,0.5,2,4,1,0,0
2269,E1,1,180,1999,2,0.5,10,4,8.5,1,0,0
2269,E1,1,180,2000,3,10,7.5,8.5,7,1,0,0
2269,E1,1,180,2001,4,7.5,6.5,7,8.5,1,0,0
2269,E1,1,180,2002,5,6.5,7,8.5,13,1,0,0
2269,E1,1,180,2003,6,7,0,13,0,0,0,0
2270,E1,1,181,1998,1,0.5,0.5,0.5,4.5,1,0,0
2270,E1,1,181,1999,2,0.5,6,4.5,10,1,0,0
2270,E1,1,181,2000,3,6,6,10,8,1,0,0
2270,E1,1,181,2001,4,6,5.5,8,8.5,1,0,0
2270,E1,1,181,2002,5,5.5,6.5,8.5,10.5,1,0,0
2270,E1,1,181,2003,6,6.5,0,10.5,0,0,0,0
2271,E1,1,182,1998,1,1,0.5,2.5,0.5,1,0,0
2271,E1,1,182,1999,2,0.5,0,0.5,0,0,0,0
2272,E1,1,183,1998,1,0.5,0,1,0,0,0,0
2273,E1,1,184,1998,1,0.5,0,1,0,0,0,0
2274,E1,1,188,1998,1,2,2,4,5.5,1,0,0
2274,E1,1,188,1999,2,2,15,5.5,7,1,0,0
2274,E1,1,188,2000,3,15,7.5,7,11,1,0,0
2274,E1,1,188,2001,4,7.5,9,11,19,1,0,0
2274,E1,1,188,2002,5,9,11.5,19,8,1,0,0
2274,E1,1,188,2003,6,11.5,0,8,0,0,1,NA
2275,E1,1,189,1998,1,1,0,0.5,0,0,0,0
2276,E1,1,200,1998,1,0.5,0,2.5,0,0,0,0
2277,E1,1,201,1998,1,NA,0,1.5,0,0,0,0
2278,E1,1,202,1999,1,1,4.5,1.5,5,1,0,0
2278,E1,1,202,2000,2,4.5,7,5,7,1,0,0
2278,E1,1,202,2001,3,7,3,7,5,1,0,0
2278,E1,1,202,2002,4,3,0,5,0,0,0,0
2279,E1,1,204,1999,1,2,0,3,0,0,0,0
2280,E1,1,205,1999,1,1,4.5,1,7.5,1,0,0
2280,E1,1,205,2000,2,4.5,3.5,7.5,3.5,1,0,0
2280,E1,1,205,2001,3,3.5,0,3.5,0,0,0,0
2281,E1,1,208,1999,1,1,10,3.5,9.5,1,0,0
2281,E1,1,208,2000,2,10,11.5,9.5,13,1,0,0
2281,E1,1,208,2001,3,11.5,13,13,9,1,0,0
2281,E1,1,208,2002,4,13,0,9,0,0,1,NA
2282,E1,1,209,1999,1,2.5,10,5.5,15.5,1,0,0
2282,E1,1,209,2000,2,10,14,15.5,17,1,0,0
2282,E1,1,209,2001,3,14,10,17,9,1,0,0
2282,E1,1,209,2002,4,10,0,9,0,0,1,NA
2283,E1,1,210,1999,1,2,7,5,13,1,0,0
2283,E1,1,210,2000,2,7,13.5,13,12,1,0,0
2283,E1,1,210,2001,3,13.5,9,12,11,1,0,0
2283,E1,1,210,2002,4,9,8.5,11,7.5,1,0,0
2283,E1,1,210,2003,5,8.5,0,7.5,0,0,1,NA
2284,E1,1,211,1999,1,0.5,7,2.5,6.5,1,0,0
2284,E1,1,211,2000,2,7,6.5,6.5,8,1,0,0
2284,E1,1,211,2001,3,6.5,3.5,8,7,1,0,0
2284,E1,1,211,2002,4,3.5,0,7,0,0,0,0
2285,E1,1,217,1999,1,1,8,3,9,1,0,0
2285,E1,1,217,2000,2,8,10,9,10,1,0,0
2285,E1,1,217,2001,3,10,6,10,5,1,0,0
2285,E1,1,217,2002,4,6,0,5,0,0,1,NA
2286,E1,1,218,1999,1,1,0,1.5,0,0,0,0
2287,E1,1,219,1999,1,NA,0,3,0,0,0,0
2288,E1,1,220,1999,1,NA,0,2.5,0,0,0,0
2289,E1,1,222,2000,1,3,0,5,0,0,0,0
2290,E1,1,223,2000,1,5,6.5,10,7,1,0,0
2290,E1,1,223,2001,2,6.5,7,7,11.5,1,0,0
2290,E1,1,223,2002,3,7,7.5,11.5,10.5,1,0,0
2290,E1,1,223,2003,4,7.5,0,10.5,0,0,0,0
2291,E1,1,224,2000,1,4.5,0,4.5,0,0,0,0
2292,E1,1,225,2000,1,1,0,2.5,0,0,0,0
2293,E1,1,227,2000,1,1,0,1.5,0,0,0,0
2294,E1,1,233,2001,1,2,3.5,3,5,1,0,0
2294,E1,1,233,2002,2,3.5,4,5,2,1,0,0
2294,E1,1,233,2003,3,4,1.5,2,3.5,1,0,0
2294,E1,1,233,2004,4,1.5,2,3.5,2.5,1,0,0
2294,E1,1,233,2005,5,2,0,2.5,0,0,0,0
2295,E1,1,237,2001,1,1,4,4,7,1,0,0
2295,E1,1,237,2002,2,4,6,7,10.5,1,0,0
2295,E1,1,237,2003,3,6,7.5,10.5,8.5,1,0,0
2295,E1,1,237,2004,4,7.5,8,8.5,10.5,1,0,0
2295,E1,1,237,2005,5,8,6.5,10.5,7.5,1,0,0
2295,E1,1,237,2006,6,6.5,0,7.5,0,0,1,NA
2296,E1,1,241,2001,1,0.5,0,1,0,0,0,0
2297,E1,1,244,2001,1,1.5,1.5,2,2,1,0,0
2297,E1,1,244,2002,2,1.5,3,2,2.5,1,0,0
2297,E1,1,244,2003,3,3,3,2.5,4,1,0,0
2297,E1,1,244,2004,4,3,3.5,4,3.5,1,0,0
2297,E1,1,244,2005,5,3.5,1.5,3.5,4,1,0,0
2297,E1,1,244,2006,6,1.5,4.5,4,5.5,1,0,0
2297,E1,1,244,2007,7,4.5,5,5.5,7,1,0,0
2297,E1,1,244,2008,8,5,5,7,3.5,1,0,0
2297,E1,1,244,2009,9,5,2,3.5,3,1,0,0
2297,E1,1,244,2010,10,2,0,3,0,0,0,0
2298,E1,1,245,2001,1,1,1.5,1,2,1,0,0
2298,E1,1,245,2002,2,1.5,3.5,2,3.5,1,0,0
2298,E1,1,245,2003,3,3.5,4,3.5,5,1,0,0
2298,E1,1,245,2004,4,4,5,5,6.5,1,0,0
2298,E1,1,245,2005,5,5,3,6.5,3.5,1,0,0
2298,E1,1,245,2006,6,3,5,3.5,4,1,0,0
2298,E1,1,245,2007,7,5,6,4,8,1,0,0
2298,E1,1,245,2008,8,6,6,8,5.5,1,0,0
2298,E1,1,245,2009,9,6,4,5.5,7,1,0,0
2298,E1,1,245,2010,10,4,0,7,0,0,0,0
2299,E1,1,246,2001,1,0.5,0,0.5,0,0,0,0
2300,E1,1,247,2001,1,1,0.5,1,1,1,0,0
2300,E1,1,247,2002,2,0.5,0,1,0,0,0,0
2301,E1,1,248,2001,1,1.5,3.5,1,5.5,1,0,0
2301,E1,1,248,2002,2,3.5,5,5.5,9,1,0,0
2301,E1,1,248,2003,3,5,7,9,13,1,0,0
2301,E1,1,248,2004,4,7,11,13,13.5,1,0,0
2301,E1,1,248,2005,5,11,0,13.5,0,0,1,NA
2302,E1,1,250,2001,1,0.5,0,1,0,0,0,0
2303,E1,1,255,2001,1,1.5,0,0.5,0,0,0,0
2304,E1,1,256,2001,1,1,0,1.5,0,0,0,0
2305,E1,1,257,2001,1,0.5,0,0.5,0,0,0,0
2306,E1,1,259,2001,1,0.5,0,1,0,0,0,0
2307,E1,1,263,2001,1,0.5,0,0.5,0,0,0,0
2308,E1,1,264,2002,1,0.5,0,1.5,0,0,0,0
2309,E1,1,265,2002,1,2,0,1,0,0,0,0
2310,E1,1,269,2002,1,1.5,0,1,0,0,0,0
2311,E1,1,270,2002,1,1.5,0,4,0,0,0,0
2312,E1,1,271,2002,1,1,0,1,0,0,0,0
2313,E1,1,272,2002,1,1.5,0,3,0,0,0,0
2314,E1,1,273,2002,1,0.5,0,1,0,0,0,0
2315,E1,1,274,2002,1,1.5,0,2.5,0,0,0,0
2316,E1,1,275,2002,1,3,0,5,0,0,0,0
2317,E1,1,277,2002,1,3.5,8,3.5,8,1,0,0
2317,E1,1,277,2003,2,8,10,8,12,1,0,0
2317,E1,1,277,2004,3,10,0,12,0,0,1,NA
2318,E1,1,278,2002,1,1.5,4.5,1,9.5,1,0,0
2318,E1,1,278,2003,2,4.5,7.5,9.5,12,1,0,0
2318,E1,1,278,2004,3,7.5,7.5,12,14,1,0,0
2318,E1,1,278,2005,4,7.5,8.5,14,15,1,0,0
2318,E1,1,278,2006,5,8.5,0,15,0,0,1,NA
2319,E1,1,280,2002,1,NA,0,0.5,0,0,0,0
2320,E1,1,284,2003,1,1.5,1.5,3.5,3,1,0,0
2320,E1,1,284,2004,2,1.5,3.5,3,4.5,1,0,0
2320,E1,1,284,2005,3,3.5,3,4.5,4.5,1,0,0
2320,E1,1,284,2006,4,3,4,4.5,5,1,0,0
2320,E1,1,284,2007,5,4,4,5,6,1,0,0
2320,E1,1,284,2008,6,4,3,6,4,1,0,0
2320,E1,1,284,2009,7,3,4,4,6,1,0,0
2320,E1,1,284,2010,8,4,3.5,6,4.5,1,0,0
2320,E1,1,284,2011,9,3.5,0,4.5,0,0,0,0
2321,E1,1,286,2003,1,1.5,0,1.5,0,0,0,0
2322,E1,1,289,2003,1,1.5,0,1.5,0,0,0,0
2323,E1,1,292,2003,1,1,0,1.5,0,0,0,0
2324,E1,1,295,2003,1,3,0,2.5,0,0,0,0
2325,E1,1,296,2003,1,1.5,0,2,0,0,0,0
2326,E1,1,297,2003,1,NA,0,1,0,0,0,0
2327,E1,1,298,2003,1,0.5,2,0.5,4,1,0,0
2327,E1,1,298,2004,2,2,2.5,4,0.5,1,0,0
2327,E1,1,298,2005,3,2.5,0,0.5,0,0,0,0
2328,E1,1,299,2003,1,0.5,2.5,0.5,5.5,1,0,0
2328,E1,1,299,2004,2,2.5,4.5,5.5,8.5,1,0,0
2328,E1,1,299,2005,3,4.5,2.5,8.5,7,1,0,0
2328,E1,1,299,2006,4,2.5,8.5,7,9.5,1,0,0
2328,E1,1,299,2007,5,8.5,6,9.5,8,1,0,0
2328,E1,1,299,2008,6,6,5,8,5.5,1,0,0
2328,E1,1,299,2009,7,5,4.5,5.5,7,1,0,0
2328,E1,1,299,2010,8,4.5,0,7,0,0,0,0
2329,E1,1,300,2005,1,0.5,2,2,3,1,0,0
2329,E1,1,300,2006,2,2,6,3,7,1,0,0
2329,E1,1,300,2007,3,6,4,7,8,1,0,0
2329,E1,1,300,2008,4,4,6,8,3.5,1,0,0
2329,E1,1,300,2009,5,6,0,3.5,0,0,0,0
2330,E1,1,329,2006,1,1,0,1.5,0,0,0,0
2331,E1,1,344,2006,1,2.5,0,2,0,0,0,0
2332,E1,1,375,2006,1,1.5,0,1.5,0,0,0,0
2333,E1,1,377,2006,1,2.5,0,3,0,0,0,0
2334,E1,1,379,2006,1,1,0,2,0,0,0,0
2335,E1,1,380,2006,1,NA,0,2.5,0,0,0,0
2336,E1,1,389,2007,1,1.5,0,1.5,0,0,0,0
2337,E1,1,391,2007,1,3,5,2.5,6,1,0,0
2337,E1,1,391,2008,2,5,3.5,6,3.5,1,0,0
2337,E1,1,391,2009,3,3.5,3,3.5,6,1,0,0
2337,E1,1,391,2010,4,3,2,6,6.5,1,0,0
2337,E1,1,391,2011,5,2,1,6.5,4,1,0,0
2337,E1,1,391,2012,6,1,1.5,4,3.5,1,0,0
2337,E1,1,391,2013,7,1.5,3,3.5,2.5,1,0,0
2337,E1,1,391,2014,8,3,0,2.5,0,0,0,0
2338,E1,1,392,2007,1,2.5,5,3.5,7,1,0,0
2338,E1,1,392,2008,2,5,6,7,6.5,1,0,0
2338,E1,1,392,2009,3,6,4,6.5,5,1,0,0
2338,E1,1,392,2010,4,4,3,5,8,1,0,0
2338,E1,1,392,2011,5,3,0,8,0,0,0,0
2339,E1,1,393,2007,1,2,4,2,5,1,0,0
2339,E1,1,393,2008,2,4,3.5,5,2.5,1,0,0
2339,E1,1,393,2009,3,3.5,3,2.5,5,1,0,0
2339,E1,1,393,2010,4,3,4,5,6.5,1,0,0
2339,E1,1,393,2011,5,4,0,6.5,0,0,0,0
2340,E1,1,394,2007,1,2,3,2,3.5,1,0,0
2340,E1,1,394,2008,2,3,0,3.5,0,0,0,0
2341,E1,1,395,2007,1,2,3,2.5,3.5,1,0,0
2341,E1,1,395,2008,2,3,0,3.5,0,0,0,0
2342,E1,1,398,2008,1,0.5,2,2,2.5,1,0,0
2342,E1,1,398,2009,2,2,3,2.5,1.5,1,0,0
2342,E1,1,398,2010,3,3,2.5,1.5,2.5,1,0,0
2342,E1,1,398,2011,4,2.5,0,2.5,0,0,0,0
2343,E1,1,399,2008,1,0.5,0,2,0,0,0,0
2344,E1,1,400,2008,1,3,3,2,3.5,1,0,0
2344,E1,1,400,2009,2,3,4,3.5,9,1,0,0
2344,E1,1,400,2010,3,4,6.5,9,7.5,1,0,0
2344,E1,1,400,2011,4,6.5,5,7.5,10,1,0,0
2344,E1,1,400,2012,5,5,8,10,8,1,0,0
2344,E1,1,400,2013,6,8,0,8,0,0,1,16
2345,E1,1,401,2008,1,3,3,2,3.5,1,0,0
2345,E1,1,401,2009,2,3,3,3.5,6,1,0,0
2345,E1,1,401,2010,3,3,4.5,6,6.5,1,0,0
2345,E1,1,401,2011,4,4.5,2,6.5,4,1,0,0
2345,E1,1,401,2012,5,2,4,4,7.5,1,0,0
2345,E1,1,401,2013,6,4,11,7.5,11.5,1,0,0
2345,E1,1,401,2014,7,11,8.5,11.5,9,1,0,0
2345,E1,1,401,2015,8,8.5,0,9,0,0,1,6
2346,E1,1,402,2008,1,3,3,4,2.5,1,0,0
2346,E1,1,402,2009,2,3,4,2.5,5,1,0,0
2346,E1,1,402,2010,3,4,5,5,8.5,1,0,0
2346,E1,1,402,2011,4,5,3.5,8.5,6,1,0,0
2346,E1,1,402,2012,5,3.5,7.5,6,11.5,1,0,0
2346,E1,1,402,2013,6,7.5,0,11.5,0,0,0,0
2347,E1,1,404,2008,1,2.5,3,3,2.5,1,0,0
2347,E1,1,404,2009,2,3,3,2.5,3,1,0,0
2347,E1,1,404,2010,3,3,1,3,3,1,0,0
2347,E1,1,404,2011,4,1,0,3,0,0,0,0
2348,E1,1,408,2011,1,1,0,2,0,0,0,0
2349,E1,1,409,2011,1,1.5,0,3.5,0,0,0,0
2350,E1,1,412,2012,1,1.5,6,2.5,9,1,0,0
2350,E1,1,412,2013,2,6,7.5,9,12,1,0,0
2350,E1,1,412,2014,3,7.5,9,12,11,1,0,0
2350,E1,1,412,2015,4,9,10,11,12,1,0,0
2350,E1,1,412,2016,5,10,8.5,12,10,1,0,0
2350,E1,1,412,2017,6,8.5,5.5,10,9,1,0,0
2350,E1,1,412,2018,7,5.5,3,9,6,1,0,0
2350,E1,1,412,2019,8,3,6,6,9,1,0,0
2350,E1,1,412,2020,9,6,6,9,7.5,1,0,0
2350,E1,1,412,2021,10,6,6,7.5,7,1,0,0
2350,E1,1,412,2022,11,6,NA,7,NA,NA,0,0
2351,E1,1,414,2012,1,NA,0,1,0,0,0,0
2352,E1,1,418,2014,1,0.5,0,1.5,0,0,0,0
2353,E1,1,419,2015,1,0.5,2,1,2,1,0,0
2353,E1,1,419,2016,2,2,3,2,3.5,1,0,0
2353,E1,1,419,2017,3,3,0,3.5,0,0,0,0
2354,E1,1,421,2016,1,1,0,3,0,0,0,0
2355,E1,1,426,2017,1,2,0,2,0,0,0,0
2356,E1,1,431,2017,1,1,2,1,3,1,0,0
2356,E1,1,431,2018,2,2,3.5,3,5,1,0,0
2356,E1,1,431,2019,3,3.5,8,5,9,1,0,0
2356,E1,1,431,2020,4,8,6.5,9,7,1,0,0
2356,E1,1,431,2021,5,6.5,4,7,5,1,0,0
2356,E1,1,431,2022,6,4,NA,5,NA,NA,0,0
2357,E1,1,432,2017,1,2.5,0,1,0,0,0,0
2358,E1,1,433,2017,1,1,0,2,0,0,0,0
2359,E1,1,434,2017,1,1.5,3.5,1.5,6,1,0,0
2359,E1,1,434,2018,2,3.5,9,6,14,1,0,0
2359,E1,1,434,2019,3,9,15,14,14.5,1,0,0
2359,E1,1,434,2020,4,15,10.5,14.5,13,1,0,0
2359,E1,1,434,2021,5,10.5,0,13,0,0,1,22
2360,E1,1,435,2017,1,2,0,3,0,0,0,0
2361,E1,1,436,2017,1,2,0,2,0,0,0,0
2362,E1,1,437,2017,1,1,0,1,0,0,0,0
2363,E1,1,438,2017,1,1.5,0,1.5,0,0,0,0
2364,E1,1,439,2017,1,2,0,2,0,0,0,0
2365,E1,1,440,2017,1,2,0,2,0,0,0,0
2366,E1,1,442,2017,1,1,0,3,0,0,0,0
2367,E1,1,443,2017,1,1,2.5,3,7,1,0,0
2367,E1,1,443,2018,2,2.5,10.5,7,19,1,0,0
2367,E1,1,443,2019,3,10.5,18,19,25,1,0,0
2367,E1,1,443,2020,4,18,11,25,20,1,0,0
2367,E1,1,443,2021,5,11,0,20,0,0,1,21
2368,E1,1,446,2017,1,1.5,0,3,0,0,0,0
2369,E1,1,447,2017,1,2,0,2,0,0,0,0
2370,E1,1,449,2019,1,1,0,2,0,0,0,0
2371,E1,1,452,2022,1,1,NA,1,NA,NA,0,0
2372,E1,1,453,2022,1,1,NA,2.5,NA,NA,0,0
2373,E1,1,454,2022,1,1.5,NA,2,NA,NA,0,0
2374,E1,1,455,2022,1,1,NA,2,NA,NA,0,0
2375,E1,2,1,1994,NA,NA,5,3.5,6,1,0,0
2375,E1,2,1,1995,NA,5,4.5,6,10.5,1,0,0
2375,E1,2,1,1996,NA,4.5,10,10.5,10,1,0,0
2375,E1,2,1,1997,NA,10,9.5,10,9.5,1,0,0
2375,E1,2,1,1998,NA,9.5,0,9.5,0,0,1,21
2376,E1,2,2,1994,NA,NA,8.5,8,10.5,1,0,0
2376,E1,2,2,1995,NA,8.5,7.5,10.5,9.5,1,0,0
2376,E1,2,2,1996,NA,7.5,0,9.5,0,0,1,NA
2377,E1,2,3,1994,NA,NA,3.5,4,4,1,0,0
2377,E1,2,3,1995,NA,3.5,2.5,4,2.5,1,0,0
2377,E1,2,3,1996,NA,2.5,0,2.5,0,0,0,0
2378,E1,2,4,1994,NA,NA,7.5,8.5,9,1,0,0
2378,E1,2,4,1995,NA,7.5,0,9,0,0,1,18
2379,E1,2,5,1994,NA,NA,4.5,5.5,4.5,1,0,0
2379,E1,2,5,1995,NA,4.5,9,4.5,12,1,0,0
2379,E1,2,5,1996,NA,9,13,12,10,1,0,0
2379,E1,2,5,1997,NA,13,13.5,10,11,1,0,0
2379,E1,2,5,1998,NA,13.5,0,11,0,0,1,23
2380,E1,2,6,1994,NA,NA,0,3,0,0,0,0
2381,E1,2,7,1994,NA,NA,0,4.5,0,0,0,0
2382,E1,2,8,1994,NA,NA,0,2.5,0,0,0,0
2383,E1,2,9,1994,NA,NA,6.5,7.5,7.5,1,0,0
2383,E1,2,9,1995,NA,6.5,0,7.5,0,0,0,0
2384,E1,2,10,1994,NA,NA,0,5.5,0,0,0,0
2385,E1,2,11,1994,NA,NA,5.5,5.5,6,1,0,0
2385,E1,2,11,1995,NA,5.5,0,6,0,0,0,0
2386,E1,2,12,1994,NA,NA,0,3,0,0,0,0
2387,E1,2,13,1994,NA,NA,0,0.5,0,0,0,0
2388,E1,2,14,1994,NA,NA,0,3,0,0,0,0
2389,E1,2,15,1994,NA,NA,0,3,0,0,0,0
2390,E1,2,16,1994,NA,NA,1,2,2,1,0,0
2390,E1,2,16,1995,NA,1,0,2,0,0,0,0
2391,E1,2,17,1994,NA,NA,0,2,0,0,0,0
2392,E1,2,18,1994,NA,NA,0,2,0,0,0,0
2393,E1,2,19,1994,NA,NA,0,1.5,0,0,0,0
2394,E1,2,20,1994,NA,NA,0,4,0,0,0,0
2395,E1,2,21,1994,NA,NA,0,4.5,0,0,0,0
2396,E1,2,22,1994,NA,NA,0,1,0,0,0,0
2397,E1,2,23,1994,NA,NA,0,6,0,0,0,0
2398,E1,2,24,1994,NA,NA,0,11.5,0,0,1,12
2399,E1,2,25,1994,NA,NA,0,4,0,0,0,0
2400,E1,2,26,1994,NA,NA,3,1,3.5,1,0,0
2400,E1,2,26,1995,NA,3,0,3.5,0,0,0,0
2401,E1,2,27,1996,1,0.5,3.5,2.5,4,1,0,0
2401,E1,2,27,1997,2,3.5,5.5,4,7.5,1,0,0
2401,E1,2,27,1998,3,5.5,3.5,7.5,1.5,1,0,0
2401,E1,2,27,1999,4,3.5,3,1.5,4,1,0,0
2401,E1,2,27,2000,5,3,5.5,4,2.5,1,0,0
2401,E1,2,27,2001,6,5.5,5.5,2.5,7,1,0,0
2401,E1,2,27,2002,7,5.5,9.5,7,12,1,0,0
2401,E1,2,27,2003,8,9.5,10,12,14,1,0,0
2401,E1,2,27,2004,9,10,14,14,16,1,0,0
2401,E1,2,27,2005,10,14,22.5,16,16.5,1,0,0
2401,E1,2,27,2006,11,22.5,0,16.5,0,0,1,NA
2402,E1,2,29,1996,1,1,6,2,2,1,0,0
2402,E1,2,29,1997,2,6,0,2,0,0,0,0
2403,E1,2,31,1999,1,1,0,2.5,0,0,0,0
2404,E1,2,32,1999,1,1,0,1.5,0,0,0,0
2405,E1,2,34,1999,1,1,0,1.5,0,0,0,0
2406,E1,2,35,1999,1,NA,0,1,0,0,0,0
2407,E1,2,36,1999,1,NA,0,1,0,0,0,0
2408,E1,2,39,2001,1,2.5,2.5,1.5,4.5,1,0,0
2408,E1,2,39,2002,2,2.5,4,4.5,5,1,0,0
2408,E1,2,39,2003,3,4,3.5,5,7,1,0,0
2408,E1,2,39,2004,4,3.5,0,7,0,0,0,0
2409,E1,2,43,2001,1,1.5,3.5,3,6,1,0,0
2409,E1,2,43,2002,2,3.5,4.5,6,6.5,1,0,0
2409,E1,2,43,2003,3,4.5,0,6.5,0,0,0,0
2410,E1,2,44,2002,1,1.5,0,2,0,0,0,0
2411,E1,2,45,2002,1,0.5,1.5,2,1.5,1,0,0
2411,E1,2,45,2003,2,1.5,0,1.5,0,0,0,0
2412,E1,2,49,2008,1,2,0,4,0,0,0,0
2413,E1,2,50,2009,1,1,2,2.5,0.5,1,0,0
2413,E1,2,50,2010,2,2,2,0.5,5,1,0,0
2413,E1,2,50,2011,3,2,0,5,0,0,0,0
2414,E1,11,1,1994,NA,NA,5,3.5,7,1,0,0
2414,E1,11,1,1995,NA,5,0,7,0,0,0,0
2415,E1,11,2,1994,NA,NA,0,0.5,0,0,0,0
2416,E1,11,3,1994,NA,NA,5.5,4.5,7,1,0,0
2416,E1,11,3,1995,NA,5.5,0,7,0,0,0,0
2417,E1,11,4,1994,NA,NA,0,2.5,0,0,0,0
2418,E1,11,5,2005,1,2,1.5,2,2.5,1,0,0
2418,E1,11,5,2006,2,1.5,0,2.5,0,0,0,0
2419,E1,13,1,1994,NA,NA,0,9,0,0,0,0
2420,E1,13,2,1994,NA,NA,6,8,9.5,1,0,0
2420,E1,13,2,1995,NA,6,13.5,9.5,20,1,0,0
2420,E1,13,2,1996,NA,13.5,17,20,18,1,0,0
2420,E1,13,2,1997,NA,17,0,18,0,0,1,56
2421,E1,13,3,1994,NA,NA,0,7,0,0,0,0
2422,E1,13,4,1994,NA,NA,0,1,0,0,0,0
2423,E1,13,5,1994,NA,NA,0,14,0,0,1,9
2424,E1,13,8,1998,1,1,0,2,0,0,0,0
2425,E1,13,9,1998,1,1,0,2,0,0,0,0
2426,E1,13,10,1998,1,1,0,1.5,0,0,0,0
2427,E1,13,13,1999,1,1,9.5,2,13.5,1,0,0
2427,E1,13,13,2000,2,9.5,14,13.5,17.5,1,0,0
2427,E1,13,13,2001,3,14,23.5,17.5,26,1,0,0
2427,E1,13,13,2002,4,23.5,0,26,0,0,1,NA
2428,E1,13,14,1999,1,1.5,8,2,14,1,0,0
2428,E1,13,14,2000,2,8,16,14,19,1,0,0
2428,E1,13,14,2001,3,16,15.5,19,9,1,1,21
2428,E1,13,14,2002,4,15.5,0,9,0,0,1,NA
2429,E1,13,17,2004,1,2,9,5,16,1,0,0
2429,E1,13,17,2005,2,9,19,16,12.5,1,0,0
2429,E1,13,17,2006,3,19,24,12.5,24.5,1,0,0
2429,E1,13,17,2007,4,24,0,24.5,0,0,1,NA
2430,E1,13,18,2004,1,1,4,3.5,9.5,1,0,0
2430,E1,13,18,2005,2,4,15,9.5,10.5,1,0,0
2430,E1,13,18,2006,3,15,15,10.5,17,1,0,0
2430,E1,13,18,2007,4,15,0,17,0,0,1,NA
2431,E1,13,24,2008,1,3.5,5,4,6.5,1,0,0
2431,E1,13,24,2009,2,5,6,6.5,13,1,0,0
2431,E1,13,24,2010,3,6,10,13,10,1,0,0
2431,E1,13,24,2011,4,10,12,10,20,1,0,0
2431,E1,13,24,2012,5,12,18,20,15,1,0,0
2431,E1,13,24,2013,6,18,0,15,0,0,1,43
2432,E1,13,43,2009,1,1,0,2,0,0,0,0
2433,E1,13,44,2009,1,5,0,0.5,0,0,0,0
2434,E1,13,45,2009,1,0.5,0,1,0,0,0,0
2435,E1,13,46,2009,1,0.5,0,1.5,0,0,0,0
2436,E1,13,60,2009,1,0.5,0,1.5,0,0,0,0
2437,E1,13,63,2009,1,1,0,1,0,0,0,0
2438,E1,13,64,2009,1,1,0,2.5,0,0,0,0
2439,E1,13,65,2009,1,1,0,0.5,0,0,0,0
2440,E1,13,66,2009,1,1,0,2,0,0,0,0
2441,E1,13,67,2009,1,1,0,2,0,0,0,0
2442,E1,13,68,2009,1,2,0,2.5,0,0,0,0
2443,E1,13,69,2009,1,2,0,3.5,0,0,0,0
2444,E1,13,70,2009,1,2,0,3,0,0,0,0
2445,E1,13,77,2009,1,0.5,0,1,0,0,0,0
2446,E1,13,91,2013,1,2,0,2.5,0,0,0,0
2447,E1,13,94,2014,1,1.5,0,1.5,0,0,0,0
2448,E1,13,97,2014,1,1,0,2,0,0,0,0
2449,E1,13,102,2014,1,1,0,1,0,0,0,0
2450,E1,13,104,2014,1,2,0,1.5,0,0,0,0
2451,E1,13,107,2014,1,3.5,0,4,0,0,0,0
2452,E1,13,114,2014,1,2,0,1,0,0,0,0
2453,E1,13,119,2015,1,1,0,2,0,0,0,0
2454,E1,13,120,2015,1,2,0,1,0,0,0,0
2455,E1,13,121,2017,1,2.5,0,2.5,0,0,0,0
2456,E1,13,126,2017,1,3.5,0,2.5,0,0,0,0
2457,E1,13,130,2017,1,5.5,14,9.5,25,1,0,0
2457,E1,13,130,2018,2,14,24,25,25,1,0,0
2457,E1,13,130,2019,3,24,20,25,23,1,1,52
2457,E1,13,130,2020,4,20,0,23,0,0,1,19
2458,E1,13,134,2017,1,4.5,0,3,0,0,0,0
2459,E1,15,1,1994,NA,NA,0,10,0,0,1,9
2460,E1,15,2,1994,NA,NA,0,11,0,0,0,0
2461,E1,15,3,1994,NA,NA,0,9,0,0,1,6
2462,E1,15,9,1996,1,0.5,0,1,0,0,0,0
2463,E1,15,11,1999,1,3,0,0.5,0,0,0,0
2464,E1,15,12,2014,1,1,7.5,4,7,1,0,0
2464,E1,15,12,2015,2,7.5,10,7,15,1,0,0
2464,E1,15,12,2016,3,10,15,15,16,1,0,0
2464,E1,15,12,2017,4,15,9.5,16,15,1,0,0
2464,E1,15,12,2018,5,9.5,17,15,16,1,0,0
2464,E1,15,12,2019,6,17,0,16,0,0,1,36
2465,E1,16,2,1999,1,2,0,2.5,0,0,0,0
2466,E1,16,3,2008,1,1,3,2.5,3.5,1,0,0
2466,E1,16,3,2009,2,3,2,3.5,3,1,0,0
2466,E1,16,3,2010,3,2,8.5,3,10.5,1,0,0
2466,E1,16,3,2011,4,8.5,11,10.5,12,1,0,0
2466,E1,16,3,2012,5,11,0,12,0,0,1,42
2467,E1,16,4,2011,1,1,0,2,0,0,0,0
2468,E1,16,5,2013,1,2.5,0,1,0,0,0,0
2469,E1,16,6,2013,1,1,0,1,0,0,0,0
2470,E1,16,7,2013,1,2,5,1,7,1,0,0
2470,E1,16,7,2014,2,5,10,7,9,1,0,0
2470,E1,16,7,2015,3,10,8,9,10,1,0,0
2470,E1,16,7,2016,4,8,0,10,0,0,0,0
2471,E1,16,8,2013,1,2,0,2.5,0,0,0,0
2472,E1,16,9,2013,1,2,0,1,0,0,0,0
2473,E1,16,10,2013,1,1,0,2.5,0,0,0,0
2474,E1,16,15,2013,1,1,0,2,0,0,0,0
2475,E1,16,16,2013,1,1,0,1,0,0,0,0
2476,E1,16,17,2013,1,1,0,1,0,0,0,0
2477,E1,16,18,2013,1,1,0,1.5,0,0,0,0
2478,E1,16,19,2013,1,1,3,1,1.5,1,0,0
2478,E1,16,19,2014,2,3,0,1.5,0,0,0,0
2479,E1,16,20,2013,1,1,0,1,0,0,0,0
2480,E1,16,21,2013,1,1,0,1,0,0,0,0
2481,E1,16,22,2013,1,1,0,1,0,0,0,0
2482,E1,16,25,2013,1,1.5,3,2,2,1,0,0
2482,E1,16,25,2014,2,3,2,2,3,1,0,0
2482,E1,16,25,2015,3,2,4,3,4,1,0,0
2482,E1,16,25,2016,4,4,0,4,0,0,0,0
2483,E1,16,26,2013,1,1,4,1,4.5,1,0,0
2483,E1,16,26,2014,2,4,4.5,4.5,6,1,0,0
2483,E1,16,26,2015,3,4.5,6.5,6,8,1,0,0
2483,E1,16,26,2016,4,6.5,0,8,0,0,0,0
2484,E1,16,27,2013,1,1.5,0,1,0,0,0,0
2485,E1,16,29,2013,1,1,0,1,0,0,0,0
2486,E1,16,30,2013,1,1,0,1,0,0,0,0
2487,E1,16,31,2013,1,1,0,1,0,0,0,0
2488,E1,16,32,2013,1,1,0,1,0,0,0,0
2489,E1,16,33,2013,1,1,0,1,0,0,0,0
2490,E1,16,34,2013,1,1,0,1,0,0,0,0
2491,E1,16,35,2013,1,1,0,1,0,0,0,0
2492,E1,16,36,2013,1,1,0,1,0,0,0,0
2493,E1,16,38,2013,1,1,2.5,1,1,1,0,0
2493,E1,16,38,2014,2,2.5,0,1,0,0,0,0
2494,E1,16,40,2013,1,2,0,1,0,0,0,0
2495,E1,16,42,2013,1,1.5,0,1.5,0,0,0,0
2496,E1,16,43,2013,1,1,4,2,3.5,1,0,0
2496,E1,16,43,2014,2,4,4,3.5,5,1,0,0
2496,E1,16,43,2015,3,4,6,5,8,1,0,0
2496,E1,16,43,2016,4,6,0,8,0,0,0,0
2497,E1,16,45,2013,1,1.5,0,2,0,0,0,0
2498,E1,16,46,2013,1,1.5,3.5,1.5,4,1,0,0
2498,E1,16,46,2014,2,3.5,5,4,4,1,0,0
2498,E1,16,46,2015,3,5,3.5,4,5,1,0,0
2498,E1,16,46,2016,4,3.5,0,5,0,0,0,0
2499,E1,16,47,2013,1,1,0,1.5,0,0,0,0
2500,E1,16,48,2013,1,1,3,1,2,1,0,0
2500,E1,16,48,2014,2,3,3,2,3,1,0,0
2500,E1,16,48,2015,3,3,3,3,3,1,0,0
2500,E1,16,48,2016,4,3,0,3,0,0,0,0
2501,E1,16,49,2013,1,2,0,1.5,0,0,0,0
2502,E1,16,50,2013,1,1,2,1,2,1,0,0
2502,E1,16,50,2014,2,2,0,2,0,0,0,0
2503,E1,16,51,2013,1,1.5,3,1,2,1,0,0
2503,E1,16,51,2014,2,3,4,2,4,1,0,0
2503,E1,16,51,2015,3,4,4.5,4,7,1,0,0
2503,E1,16,51,2016,4,4.5,0,7,0,0,0,0
2504,E1,16,52,2013,1,2,4,1.5,3,1,0,0
2504,E1,16,52,2014,2,4,3,3,4,1,0,0
2504,E1,16,52,2015,3,3,4,4,5,1,0,0
2504,E1,16,52,2016,4,4,0,5,0,0,0,0
2505,E1,16,53,2013,1,2,0,1.5,0,0,0,0
2506,E1,16,54,2013,1,1.5,3,1,4,1,0,0
2506,E1,16,54,2014,2,3,3,4,3,1,0,0
2506,E1,16,54,2015,3,3,3,3,4,1,0,0
2506,E1,16,54,2016,4,3,0,4,0,0,0,0
2507,E1,16,55,2013,1,2,0,2,0,0,0,0
2508,E1,16,56,2013,1,2,0,1,0,0,0,0
2509,E1,16,57,2013,1,2,5,3,7,1,0,0
2509,E1,16,57,2014,2,5,9.5,7,7,1,0,0
2509,E1,16,57,2015,3,9.5,8,7,9,1,0,0
2509,E1,16,57,2016,4,8,0,9,0,0,0,0
2510,E1,16,59,2013,1,1.5,0,2,0,0,0,0
2511,E1,16,60,2013,1,2,0,2.5,0,0,0,0
2512,E1,16,61,2013,1,2,0,2.5,0,0,0,0
2513,E1,16,62,2013,1,2,0,2.5,0,0,0,0
2514,E1,16,63,2013,1,2,0,2.5,0,0,0,0
2515,E1,16,64,2013,1,1,0,1.5,0,0,0,0
2516,E1,16,65,2013,1,1.5,0,3,0,0,0,0
2517,E1,16,66,2013,1,1.5,5,3,4.5,1,0,0
2517,E1,16,66,2014,2,5,4,4.5,1.5,1,0,0
2517,E1,16,66,2015,3,4,0,1.5,0,0,0,0
2518,E1,16,67,2013,1,1.5,5,3,5,1,0,0
2518,E1,16,67,2014,2,5,4,5,2.5,1,0,0
2518,E1,16,67,2015,3,4,0,2.5,0,0,0,0
2519,E1,16,68,2013,1,2,0,2,0,0,0,0
2520,E1,16,69,2013,1,1,0,1,0,0,0,0
2521,E1,16,70,2013,1,2,3,2,3.5,1,0,0
2521,E1,16,70,2014,2,3,0,3.5,0,0,0,0
2522,E1,16,71,2013,1,1,0,1,0,0,0,0
2523,E1,16,72,2013,1,1,0,1,0,0,0,0
2524,E1,16,73,2013,1,1,0,1,0,0,0,0
2525,E1,16,74,2013,1,1,0,1.5,0,0,0,0
2526,E1,16,75,2013,1,1.5,0,2,0,0,0,0
2527,E1,16,76,2013,1,NA,0,1,0,0,0,0
2528,E1,16,77,2013,1,NA,0,1,0,0,0,0
2529,E1,16,78,2013,1,NA,0,1,0,0,0,0
2530,E1,16,79,2013,1,NA,0,1,0,0,0,0
2531,E1,16,80,2013,1,NA,5,2.5,6.5,1,0,0
2531,E1,16,80,2014,2,5,8,6.5,8,1,0,0
2531,E1,16,80,2015,3,8,11,8,10,1,0,0
2531,E1,16,80,2016,4,11,0,10,0,0,0,0
2532,E1,16,83,2017,1,3,0,3.5,0,0,0,0
2533,E1,16,84,2017,1,2.5,0,2.5,0,0,0,0
2534,E1,16,85,2017,1,3.5,0,4,0,0,0,0
2535,E1,16,86,2017,1,2.5,0,4,0,0,0,0
2536,E1,16,87,2018,1,0.5,0,0.5,0,0,0,0
2537,E1,16,88,2018,1,0.5,0,3,0,0,0,0
2538,E1,24,1,1995,NA,1,0,1,0,0,0,0
2539,E1,24,2,1995,NA,0.5,0,0.5,0,0,0,0
2540,E1,24,3,1995,NA,1,0.5,2,2,1,0,0
2540,E1,24,3,1996,NA,0.5,1,2,1,1,0,0
2540,E1,24,3,1997,NA,1,0,1,0,0,0,0
2541,E1,24,4,1995,NA,1,1,1.5,2,1,0,0
2541,E1,24,4,1996,NA,1,1.5,2,1.5,1,0,0
2541,E1,24,4,1997,NA,1.5,0,1.5,0,0,0,0
2542,E1,24,5,1995,NA,7.5,0,8,0,0,1,12
2543,E1,24,6,1995,NA,0.5,0,1,0,0,0,0
2544,E1,24,7,1995,NA,6.5,0,6,0,0,1,11
2545,E1,24,8,1995,NA,1,1.5,2.5,3.5,1,0,0
2545,E1,24,8,1996,NA,1.5,3,3.5,3.5,1,0,0
2545,E1,24,8,1997,NA,3,3,3.5,5,1,0,0
2545,E1,24,8,1998,NA,3,3.5,5,5,1,0,0
2545,E1,24,8,1999,NA,3.5,0,5,0,0,0,0
2546,E1,24,9,1995,NA,1,1.5,3,3,1,0,0
2546,E1,24,9,1996,NA,1.5,1.5,3,2.5,1,0,0
2546,E1,24,9,1997,NA,1.5,1.5,2.5,3,1,0,0
2546,E1,24,9,1998,NA,1.5,1.5,3,2.5,1,0,0
2546,E1,24,9,1999,NA,1.5,0.5,2.5,2,1,0,0
2546,E1,24,9,2000,NA,0.5,0,2,0,0,0,0
2547,E1,24,10,1995,NA,1.5,3,3,6,1,0,0
2547,E1,24,10,1996,NA,3,4.5,6,5,1,0,0
2547,E1,24,10,1997,NA,4.5,4,5,6,1,0,0
2547,E1,24,10,1998,NA,4,3.5,6,8.5,1,0,0
2547,E1,24,10,1999,NA,3.5,7,8.5,10,1,0,0
2547,E1,24,10,2000,NA,7,5.5,10,9,1,0,0
2547,E1,24,10,2001,NA,5.5,6,9,8.5,1,0,0
2547,E1,24,10,2002,NA,6,5.5,8.5,6.5,1,0,0
2547,E1,24,10,2003,NA,5.5,0,6.5,0,0,1,NA
2548,E1,24,11,1995,NA,0.5,0.5,2,3,1,0,0
2548,E1,24,11,1996,NA,0.5,3,3,4,1,0,0
2548,E1,24,11,1997,NA,3,3,4,3,1,0,0
2548,E1,24,11,1998,NA,3,0,3,0,0,0,0
2549,E1,24,12,1995,NA,1.5,2.5,2.5,5,1,0,0
2549,E1,24,12,1996,NA,2.5,4,5,4.5,1,0,0
2549,E1,24,12,1997,NA,4,4.5,4.5,7,1,0,0
2549,E1,24,12,1998,NA,4.5,3.5,7,7.5,1,0,0
2549,E1,24,12,1999,NA,3.5,5,7.5,8,1,0,0
2549,E1,24,12,2000,NA,5,4.5,8,7,1,0,0
2549,E1,24,12,2001,NA,4.5,6.5,7,8,1,0,0
2549,E1,24,12,2002,NA,6.5,6.5,8,5.5,1,0,0
2549,E1,24,12,2003,NA,6.5,0,5.5,0,0,1,NA
2550,E1,24,13,1995,NA,2,3,3,6,1,0,0
2550,E1,24,13,1996,NA,3,4,6,7,1,0,0
2550,E1,24,13,1997,NA,4,5,7,8.5,1,0,0
2550,E1,24,13,1998,NA,5,4.5,8.5,11,1,0,0
2550,E1,24,13,1999,NA,4.5,6,11,7.5,1,0,0
2550,E1,24,13,2000,NA,6,0,7.5,0,0,1,13
2551,E1,24,14,1995,NA,2,3.5,3,7.5,1,0,0
2551,E1,24,14,1996,NA,3.5,6,7.5,8.5,1,0,0
2551,E1,24,14,1997,NA,6,6.5,8.5,10.5,1,0,0
2551,E1,24,14,1998,NA,6.5,5.5,10.5,8.5,1,0,0
2551,E1,24,14,1999,NA,5.5,0,8.5,0,0,1,13
2552,E1,24,15,1995,NA,1.5,2,2.5,2.5,1,0,0
2552,E1,24,15,1996,NA,2,2.5,2.5,3,1,0,0
2552,E1,24,15,1997,NA,2.5,2.5,3,4,1,0,0
2552,E1,24,15,1998,NA,2.5,2,4,4,1,0,0
2552,E1,24,15,1999,NA,2,0,4,0,0,0,0
2553,E1,24,16,1995,NA,4,5,6.5,11,1,0,0
2553,E1,24,16,1996,NA,5,9,11,7,1,0,0
2553,E1,24,16,1997,NA,9,0,7,0,0,1,5
2554,E1,24,17,1995,NA,4.5,2.5,6,7,1,0,0
2554,E1,24,17,1996,NA,2.5,3.5,7,4.5,1,0,0
2554,E1,24,17,1997,NA,3.5,2,4.5,4.5,1,0,0
2554,E1,24,17,1998,NA,2,0,4.5,0,0,0,0
2555,E1,24,18,1995,NA,4.5,5,7.5,10,1,0,0
2555,E1,24,18,1996,NA,5,7,10,5,1,0,0
2555,E1,24,18,1997,NA,7,0,5,0,0,1,10
2556,E1,24,19,1995,NA,5.5,3.5,6.5,8.5,1,0,0
2556,E1,24,19,1996,NA,3.5,7,8.5,9,1,0,0
2556,E1,24,19,1997,NA,7,6,9,10,1,0,0
2556,E1,24,19,1998,NA,6,5,10,9,1,0,0
2556,E1,24,19,1999,NA,5,0,9,0,0,1,12
2557,E1,24,20,1995,NA,1.5,0,2,0,0,0,0
2558,E1,24,21,1995,NA,10,0,11,0,0,1,30
2559,E1,24,22,1995,NA,2,2,3.5,5,1,0,0
2559,E1,24,22,1996,NA,2,6.5,5,9,1,0,0
2559,E1,24,22,1997,NA,6.5,10.5,9,10,1,0,0
2559,E1,24,22,1998,NA,10.5,7.5,10,14,1,0,0
2559,E1,24,22,1999,NA,7.5,11,14,12,1,1,14
2559,E1,24,22,2000,NA,11,0,12,0,0,1,22
2560,E1,24,27,1995,1,1,0,0.5,0,0,0,0
2561,E1,24,32,1995,NA,0.5,0,0.5,0,0,0,0
2562,E1,24,34,1996,1,0.5,2.5,2,3,1,0,0
2562,E1,24,34,1997,2,2.5,0,3,0,0,0,0
2563,E1,24,35,1996,1,0.5,3,0.5,3.5,1,0,0
2563,E1,24,35,1997,2,3,2,3.5,4.5,1,0,0
2563,E1,24,35,1998,3,2,1,4.5,4,1,0,0
2563,E1,24,35,1999,4,1,1.5,4,5,1,0,0
2563,E1,24,35,2000,5,1.5,2.5,5,3,1,0,0
2563,E1,24,35,2001,6,2.5,0,3,0,0,0,0
2564,E1,24,38,1996,1,0.5,0,0.5,0,0,0,0
2565,E1,24,41,1997,1,0.5,1.5,1,2.5,1,0,0
2565,E1,24,41,1998,2,1.5,0,2.5,0,0,0,0
2566,E1,24,43,1998,1,0.5,1,1,1,1,0,0
2566,E1,24,43,1999,2,1,0,1,0,0,0,0
2567,E1,24,44,1998,1,1,1,2,2,1,0,0
2567,E1,24,44,1999,2,1,0.5,2,1.5,1,0,0
2567,E1,24,44,2000,3,0.5,0,1.5,0,0,0,0
2568,E1,24,45,1998,1,0.5,0,0.5,0,0,0,0
2569,E1,24,49,1998,1,1,1,1,1.5,1,0,0
2569,E1,24,49,1999,2,1,2,1.5,3.5,1,0,0
2569,E1,24,49,2000,3,2,2,3.5,4,1,0,0
2569,E1,24,49,2001,4,2,5,4,6,1,0,0
2569,E1,24,49,2002,5,5,3.5,6,9,1,0,0
2569,E1,24,49,2003,6,3.5,7,9,15,1,0,0
2569,E1,24,49,2004,7,7,7,15,10.5,1,0,0
2569,E1,24,49,2005,8,7,0,10.5,0,0,1,NA
2570,E1,24,50,1998,1,0.5,0.5,1.5,1,1,0,0
2570,E1,24,50,1999,2,0.5,0,1,0,0,0,0
2571,E1,24,51,1998,1,0.5,0,1,0,0,0,0
2572,E1,24,54,1998,1,NA,0,0.5,0,0,0,0
2573,E1,24,55,1998,1,0.5,1,1.5,0.5,1,0,0
2573,E1,24,55,1999,2,1,0,0.5,0,0,0,0
2574,E1,24,56,1999,1,0.5,0.5,1,1,1,0,0
2574,E1,24,56,2000,2,0.5,1,1,1.5,1,0,0
2574,E1,24,56,2001,3,1,0,1.5,0,0,0,0
2575,E1,24,57,1999,1,1.5,0.5,0.5,0.5,1,0,0
2575,E1,24,57,2000,2,0.5,0,0.5,0,0,0,0
2576,E1,24,58,1999,1,1,0,1,0,0,0,0
2577,E1,24,61,2000,1,0.5,0,1,0,0,0,0
2578,E1,24,62,2001,1,0.5,1,1,1.5,1,0,0
2578,E1,24,62,2002,2,1,1.5,1.5,3.5,1,0,0
2578,E1,24,62,2003,3,1.5,0,3.5,0,0,0,0
2579,E1,24,64,2001,1,1,1,1,1,1,0,0
2579,E1,24,64,2002,2,1,1,1,3,1,0,0
2579,E1,24,64,2003,3,1,0,3,0,0,0,0
2580,E1,24,65,2001,1,1.5,0,1.5,0,0,0,0
2581,E1,24,66,2001,1,1.5,0,1.5,0,0,0,0
2582,E1,24,68,2001,1,1.5,2.5,1.5,1,1,0,0
2582,E1,24,68,2002,2,2.5,0,1,0,0,0,0
2583,E1,24,69,2001,1,0.5,0,1,0,0,0,0
2584,E1,24,70,2001,1,1.5,1.5,1.5,0.5,1,0,0
2584,E1,24,70,2002,2,1.5,0,0.5,0,0,0,0
2585,E1,24,71,2001,1,0.5,0,0.5,0,0,0,0
2586,E1,24,72,2001,1,0.5,0,1,0,0,0,0
2587,E1,24,74,2001,1,0.5,0,1,0,0,0,0
2588,E1,24,75,2001,1,0.5,3,1.5,2,1,0,0
2588,E1,24,75,2002,2,3,1.5,2,1.5,1,0,0
2588,E1,24,75,2003,3,1.5,0,1.5,0,0,0,0
2589,E1,24,76,2002,1,1,0,1,0,0,0,0
2590,E1,24,77,2002,1,0.5,0,1,0,0,0,0
2591,E1,24,78,2002,1,1,1.5,1,1,1,0,0
2591,E1,24,78,2003,2,1.5,0,1,0,0,0,0
2592,E1,24,79,2004,1,1,0,1.5,0,0,0,0
2593,E1,24,81,2004,1,NA,1.5,2,3,1,0,0
2593,E1,24,81,2005,2,1.5,1.5,3,2.5,1,0,0
2593,E1,24,81,2006,3,1.5,0,2.5,0,0,0,0
2594,E1,24,82,2004,1,NA,0,1,0,0,0,0
2595,E1,24,84,2007,1,0.5,3,2,2.5,1,0,0
2595,E1,24,84,2008,2,3,0,2.5,0,0,0,0
2596,E1,24,85,2012,1,4.5,14,8,13,1,0,0
2596,E1,24,85,2013,2,14,16,13,15,1,0,0
2596,E1,24,85,2014,3,16,0,15,0,0,1,24
2597,E1,24,86,2017,1,2,5,2,8,1,0,0
2597,E1,24,86,2018,2,5,12,8,12,1,0,0
2597,E1,24,86,2019,3,12,19,12,12.5,1,0,0
2597,E1,24,86,2020,4,19,7.5,12.5,29,1,0,0
2597,E1,24,86,2021,5,7.5,0,29,0,0,1,91
2598,E1,24,88,2020,1,0.5,4,1,5,1,0,0
2598,E1,24,88,2021,2,4,9.5,5,19,1,0,0
2598,E1,24,88,2022,3,9.5,NA,19,NA,NA,0,0
2599,E1,24,89,2022,1,NA,NA,4,NA,NA,0,0
2600,E1,24,90,2022,1,NA,NA,2,NA,NA,0,0
2601,E1,25,1,1995,NA,6.5,0,8.5,0,0,1,6
2602,E1,25,2,1995,NA,5,3.5,8,9,1,0,0
2602,E1,25,2,1996,NA,3.5,7,9,10.5,1,0,0
2602,E1,25,2,1997,NA,7,11,10.5,9.5,1,0,0
2602,E1,25,2,1998,NA,11,0,9.5,0,0,1,19
2603,E1,25,3,1995,NA,6,5.5,7.5,11,1,0,0
2603,E1,25,3,1996,NA,5.5,8,11,7,1,0,0
2603,E1,25,3,1997,NA,8,0,7,0,0,1,10
2604,E1,25,4,1995,NA,7,0,9,0,0,0,0
2605,E1,25,7,1995,NA,7.5,6,9,8,1,0,0
2605,E1,25,7,1996,NA,6,0,8,0,0,1,6
2606,E1,25,8,1995,NA,2.5,3,1,4,1,0,0
2606,E1,25,8,1996,NA,3,5,4,5.5,1,0,0
2606,E1,25,8,1997,NA,5,7.5,5.5,9,1,0,0
2606,E1,25,8,1998,NA,7.5,13,9,16,1,0,0
2606,E1,25,8,1999,NA,13,0,16,0,0,1,20
2607,E1,25,9,1995,1,0.5,0,0.5,0,0,0,0
2608,E1,25,10,1995,1,1,0,1,0,0,0,0
2609,E1,25,11,1995,1,0.5,0,1,0,0,0,0
2610,E1,25,12,1995,1,1,0,1,0,0,0,0
2611,E1,25,13,1995,1,1,0,0.5,0,0,0,0
2612,E1,25,14,1995,1,1,0,1,0,0,0,0
2613,E1,25,15,1997,1,1,0,0.5,0,0,0,0
2614,E1,25,16,1997,1,1.5,2,2,4.5,1,0,0
2614,E1,25,16,1998,2,2,5,4.5,8,1,0,0
2614,E1,25,16,1999,3,5,12.5,8,13.5,1,0,0
2614,E1,25,16,2000,4,12.5,11.5,13.5,14,1,0,0
2614,E1,25,16,2001,5,11.5,19.5,14,18,1,0,0
2614,E1,25,16,2002,6,19.5,14.5,18,14,1,0,0
2614,E1,25,16,2003,7,14.5,0,14,0,0,1,NA
2615,E1,25,18,1998,1,1,0,1,0,0,0,0
2616,E1,25,20,1998,1,1,0,1.5,0,0,0,0
2617,E1,25,21,1999,1,1,0,1.5,0,0,0,0
2618,E1,25,22,1999,1,NA,3.5,3.5,3.5,1,0,0
2618,E1,25,22,2000,2,3.5,3.5,3.5,4,1,0,0
2618,E1,25,22,2001,3,3.5,0,4,0,0,0,0
2619,E1,25,24,2000,1,0.5,1,1,1.5,1,0,0
2619,E1,25,24,2001,2,1,2.5,1.5,2,1,0,0
2619,E1,25,24,2002,3,2.5,2.5,2,4.5,1,0,0
2619,E1,25,24,2003,4,2.5,0,4.5,0,0,0,0
2620,E1,25,25,2000,1,0.5,2,1.5,2,1,0,0
2620,E1,25,25,2001,2,2,4,2,3.5,1,0,0
2620,E1,25,25,2002,3,4,3.5,3.5,3,1,0,0
2620,E1,25,25,2003,4,3.5,3,3,4,1,0,0
2620,E1,25,25,2004,5,3,4.5,4,6,1,0,0
2620,E1,25,25,2005,6,4.5,0,6,0,0,0,0
2621,E1,25,26,2000,1,0.5,1,1.5,1.5,1,0,0
2621,E1,25,26,2001,2,1,4,1.5,3,1,0,0
2621,E1,25,26,2002,3,4,3.5,3,3,1,0,0
2621,E1,25,26,2003,4,3.5,4,3,4.5,1,0,0
2621,E1,25,26,2004,5,4,5,4.5,6.5,1,0,0
2621,E1,25,26,2005,6,5,6.5,6.5,6,1,0,0
2621,E1,25,26,2006,7,6.5,10,6,15,1,0,0
2621,E1,25,26,2007,8,10,15,15,20,1,0,0
2621,E1,25,26,2008,9,15,10,20,14.5,1,0,0
2621,E1,25,26,2009,10,10,0,14.5,0,0,0,0
2622,E1,25,27,2000,1,0.5,2.5,2,1,1,0,0
2622,E1,25,27,2001,2,2.5,0,1,0,0,0,0
2623,E1,25,28,2000,1,0.5,3,0.5,2.5,1,0,0
2623,E1,25,28,2001,2,3,4.5,2.5,4,1,0,0
2623,E1,25,28,2002,3,4.5,4,4,4.5,1,0,0
2623,E1,25,28,2003,4,4,0,4.5,0,0,0,0
2624,E1,25,29,2000,1,3.5,2.5,2.5,1.5,1,0,0
2624,E1,25,29,2001,2,2.5,2,1.5,2,1,0,0
2624,E1,25,29,2002,3,2,2,2,1.5,1,0,0
2624,E1,25,29,2003,4,2,0,1.5,0,0,0,0
2625,E1,25,30,2001,1,0.5,1.5,0.5,1,1,0,0
2625,E1,25,30,2002,2,1.5,1,1,1.5,1,0,0
2625,E1,25,30,2003,3,1,0,1.5,0,0,0,0
2626,E1,25,31,2001,1,0.5,0,1,0,0,0,0
2627,E1,25,33,2004,1,2,0,2,0,0,0,0
2628,E1,25,34,2004,1,0.5,0,1,0,0,0,0
2629,E1,25,35,2004,1,0.5,0,1.5,0,0,0,0
2630,E1,25,36,2005,1,1,0,2,0,0,0,0
2631,E1,25,37,2007,1,4.5,0,5.5,0,0,0,0
2632,E1,41,1,1998,NA,NA,0,14,0,0,1,47
2633,E1,41,2,1999,1,2,0,1.5,0,0,0,0
2634,E1,41,4,1999,1,2.5,0,1.5,0,0,0,0
2635,E1,41,6,2000,1,1,0,1,0,0,0,0
2636,E1,41,7,2001,1,2.5,0,4.5,0,0,0,0
2637,E1,41,8,2002,1,2.5,2.5,2,2,1,0,0
2637,E1,41,8,2003,2,2.5,0,2,0,0,0,0
2638,E1,41,9,2002,1,3,6.5,4.5,6,1,0,0
2638,E1,41,9,2003,2,6.5,8,6,9.5,1,0,0
2638,E1,41,9,2004,3,8,12,9.5,17.5,1,0,0
2638,E1,41,9,2005,4,12,20,17.5,17,1,0,0
2638,E1,41,9,2006,5,20,23,17,26,1,0,0
2638,E1,41,9,2007,6,23,0,26,0,0,1,NA
2639,E1,41,13,2008,1,3,4,4,3.5,1,0,0
2639,E1,41,13,2009,2,4,6,3.5,7,1,0,0
2639,E1,41,13,2010,3,6,9,7,11,1,0,0
2639,E1,41,13,2011,4,9,13,11,10,1,0,0
2639,E1,41,13,2012,5,13,19,10,11.5,1,0,0
2639,E1,41,13,2013,6,19,0,11.5,0,0,1,48
2640,E1,41,14,2008,1,2,3,3,2.5,1,0,0
2640,E1,41,14,2009,2,3,0,2.5,0,0,0,0
2641,E1,41,15,2008,1,3.5,0,4,0,0,0,0
2642,E1,41,17,2008,1,3,0,3,0,0,0,0
2643,E1,41,27,2008,1,1,2.5,1,1,1,0,0
2643,E1,41,27,2009,2,2.5,0,1,0,0,0,0
2644,E1,41,29,2017,1,3,0,3,0,0,0,0
2645,E1,42,1,1999,NA,4.5,5,10,7,1,0,0
2645,E1,42,1,2000,NA,5,0,7,0,0,1,8
2646,E1,42,2,1999,NA,10,0,10,0,0,1,35
2647,E1,42,4,1999,NA,7,0,14,0,0,1,47
2648,E1,42,5,1999,NA,14,0,11.5,0,0,0,0
2649,E1,42,6,1999,NA,13,0,12.5,0,0,0,0
2650,E1,42,7,1999,NA,4,5,7.5,11,1,0,0
2650,E1,42,7,2000,NA,5,11,11,10,1,0,0
2650,E1,42,7,2001,NA,11,0,10,0,0,1,21
2651,E1,42,8,1999,NA,10,0,12,0,0,1,21
2652,E1,42,9,1999,NA,14.5,15,20,14,1,1,30
2652,E1,42,9,2000,NA,15,0,14,0,0,1,66
2653,E1,42,10,1999,NA,9.5,0,14,0,0,1,43
2654,E1,42,11,1999,NA,5,14,11,8,1,0,0
2654,E1,42,11,2000,NA,14,0,8,0,0,1,30
2655,E1,42,12,1998,NA,NA,0,12,0,0,1,37
2656,E1,42,13,1999,NA,12,11.5,12,15.5,1,0,0
2656,E1,42,13,2000,NA,11.5,16.5,15.5,15,1,0,0
2656,E1,42,13,2001,NA,16.5,0,15,0,0,1,75
2657,E1,42,14,1999,NA,12,0,18,0,0,1,38
2658,E1,42,15,1999,1,2,3.5,2.5,5.5,1,0,0
2658,E1,42,15,2000,2,3.5,4.5,5.5,4.5,1,0,0
2658,E1,42,15,2001,3,4.5,0,4.5,0,0,0,0
2659,E1,42,16,1999,1,1,3.5,2,5,1,0,0
2659,E1,42,16,2000,2,3.5,3,5,4,1,0,0
2659,E1,42,16,2001,3,3,0,4,0,0,0,0
2660,E1,42,24,1999,1,0.5,0,0.5,0,0,0,0
2661,E1,42,25,1999,1,1,0,0.5,0,0,0,0
2662,E1,42,26,1999,1,1,0,0.5,0,0,0,0
2663,E1,42,41,1999,1,0.5,9.5,4,13,1,0,0
2663,E1,42,41,2000,2,9.5,17,13,14,1,0,0
2663,E1,42,41,2001,3,17,0,14,0,0,1,72
2664,E1,42,43,2000,1,1,0,2,0,0,0,0
2665,E1,42,44,2000,1,0.5,3,1.5,3.5,1,0,0
2665,E1,42,44,2001,2,3,0,3.5,0,0,0,0
2666,E1,42,46,2000,1,0.5,0,0.5,0,0,0,0
2667,E1,42,49,2000,1,0.5,0,0.5,0,0,0,0
2668,E1,42,50,2000,1,0.5,0,0.5,0,0,0,0
2669,E1,42,51,2000,1,0.5,0,0.5,0,0,0,0
2670,E1,42,54,2000,1,0.5,0,0.5,0,0,0,0
2671,E1,42,64,2000,1,0.5,0,0.5,0,0,0,0
2672,E1,42,65,2000,1,0.5,0,0.5,0,0,0,0
2673,E1,42,68,2000,1,0.5,0,0.5,0,0,0,0
2674,E1,42,76,2001,1,0.5,0,1.5,0,0,0,0
2675,E1,42,77,2001,1,0.5,0,1,0,0,0,0
2676,E1,42,80,2001,1,0.5,0,0.5,0,0,0,0
2677,E1,42,81,2001,1,0.5,0,0.5,0,0,0,0
2678,E1,42,82,2001,1,0.5,0,0.5,0,0,0,0
2679,E1,42,83,2001,1,0.5,0,0.5,0,0,0,0
2680,E1,42,84,2001,1,0.5,0,0.5,0,0,0,0
2681,E1,42,125,2001,1,1,0,1.5,0,0,0,0
2682,E1,42,126,2001,1,1,0,1.5,0,0,0,0
2683,E1,42,127,2001,1,1,0,1.5,0,0,0,0
2684,E1,42,152,2001,1,0.5,0,0.5,0,0,0,0
2685,E1,42,153,2001,1,0.5,0,0.5,0,0,0,0
2686,E1,42,157,2001,1,0.5,0,0.5,0,0,0,0
2687,E1,42,158,2001,1,1,0,1,0,0,0,0
2688,E1,42,162,2001,1,0.5,0,0.5,0,0,0,0
2689,E1,42,163,2001,1,1,0,2,0,0,0,0
2690,E1,42,181,2001,1,NA,0,1,0,0,0,0
2691,E1,42,182,2001,1,NA,0,1,0,0,0,0
2692,E1,42,183,2001,1,NA,0,1,0,0,0,0
2693,E1,42,184,2002,1,1,2,2,1.5,1,0,0
2693,E1,42,184,2003,2,2,0,1.5,0,0,0,0
2694,E1,42,185,2002,1,1,8.5,2,10,1,0,0
2694,E1,42,185,2003,2,8.5,10,10,9,1,0,0
2694,E1,42,185,2004,3,10,0,9,0,0,1,NA
2695,E1,42,186,2002,1,0.5,5,2,5,1,0,0
2695,E1,42,186,2003,2,5,0,5,0,0,0,0
2696,E1,42,187,2002,1,1.5,2,1,2,1,0,0
2696,E1,42,187,2003,2,2,0,2,0,0,0,0
2697,E1,42,189,2002,1,2.5,9,2.5,10.5,1,0,0
2697,E1,42,189,2003,2,9,10,10.5,13,1,0,0
2697,E1,42,189,2004,3,10,0,13,0,0,1,NA
2698,E1,42,190,2002,1,2,5.5,2.5,6.5,1,0,0
2698,E1,42,190,2003,2,5.5,11.5,6.5,14,1,0,0
2698,E1,42,190,2004,3,11.5,16,14,21,1,0,0
2698,E1,42,190,2005,4,16,0,21,0,0,1,NA
2699,E1,42,191,2002,1,1.5,0,1.5,0,0,0,0
2700,E1,42,193,2002,1,1.5,0,1.5,0,0,0,0
2701,E1,42,194,2002,1,0.5,0,2,0,0,0,0
2702,E1,42,195,2002,1,1,3,2,3.5,1,0,0
2702,E1,42,195,2003,2,3,0,3.5,0,0,0,0
2703,E1,42,199,2002,1,1.5,4.5,3.5,7.5,1,0,0
2703,E1,42,199,2003,2,4.5,5.5,7.5,10,1,0,0
2703,E1,42,199,2004,3,5.5,7,10,12,1,0,0
2703,E1,42,199,2005,4,7,12.5,12,9.5,1,0,0
2703,E1,42,199,2006,5,12.5,0,9.5,0,0,1,NA
2704,E1,42,200,2002,1,0.5,3.5,2,3,1,0,0
2704,E1,42,200,2003,2,3.5,0,3,0,0,0,0
2705,E1,42,201,2002,1,1.5,0,1,0,0,0,0
2706,E1,42,202,2002,1,1.5,0,1.5,0,0,0,0
2707,E1,42,203,2002,1,1.5,0,1.5,0,0,0,0
2708,E1,42,204,2002,1,1.5,3,1.5,3.5,1,0,0
2708,E1,42,204,2003,2,3,3,3.5,4,1,0,0
2708,E1,42,204,2004,3,3,3.5,4,5.5,1,0,0
2708,E1,42,204,2005,4,3.5,7.5,5.5,7.5,1,0,0
2708,E1,42,204,2006,5,7.5,0,7.5,0,0,0,0
2709,E1,42,205,2002,1,1.5,0,1.5,0,0,0,0
2710,E1,42,206,2002,1,0.5,2.5,1.5,3.5,1,0,0
2710,E1,42,206,2003,2,2.5,0,3.5,0,0,0,0
2711,E1,42,207,2002,1,1.5,0,1,0,0,0,0
2712,E1,42,208,2002,1,2,3.5,2,6,1,0,0
2712,E1,42,208,2003,2,3.5,6,6,10,1,0,0
2712,E1,42,208,2004,3,6,6,10,8.5,1,0,0
2712,E1,42,208,2005,4,6,12,8.5,16,1,0,0
2712,E1,42,208,2006,5,12,0,16,0,0,1,NA
2713,E1,42,209,2002,1,0.5,0,1.5,0,0,0,0
2714,E1,42,210,2002,1,0.5,2,1.5,1.5,1,0,0
2714,E1,42,210,2003,2,2,0,1.5,0,0,0,0
2715,E1,42,211,2002,1,0.5,2.5,1,3.5,1,0,0
2715,E1,42,211,2003,2,2.5,0,3.5,0,0,0,0
2716,E1,42,212,2002,1,1.5,4,2,6.5,1,0,0
2716,E1,42,212,2003,2,4,0,6.5,0,0,0,0
2717,E1,42,213,2002,1,1.5,0,2,0,0,0,0
2718,E1,42,214,2002,1,1,0,2,0,0,0,0
2719,E1,42,215,2002,1,1,3,1.5,3,1,0,0
2719,E1,42,215,2003,2,3,0,3,0,0,0,0
2720,E1,42,218,2002,1,1,0,1.5,0,0,0,0
2721,E1,42,219,2002,1,0.5,0,1,0,0,0,0
2722,E1,42,220,2002,1,1,0,1.5,0,0,0,0
2723,E1,42,224,2002,1,0.5,1,1,1,1,0,0
2723,E1,42,224,2003,2,1,0,1,0,0,0,0
2724,E1,42,226,2002,1,0.5,2.5,1,2,1,0,0
2724,E1,42,226,2003,2,2.5,0,2,0,0,0,0
2725,E1,42,227,2002,1,0.5,0,2,0,0,0,0
2726,E1,42,228,2002,1,0.5,0,0.5,0,0,0,0
2727,E1,42,229,2003,1,1,0,0.5,0,0,0,0
2728,E1,42,230,2003,1,1,0,1,0,0,0,0
2729,E1,42,231,2003,1,1,0,1.5,0,0,0,0
2730,E1,42,232,2003,1,1,0,1,0,0,0,0
2731,E1,42,233,2003,1,1.5,0,2,0,0,0,0
2732,E1,42,234,2003,1,1,0,1,0,0,0,0
2733,E1,42,235,2003,1,1,0,1,0,0,0,0
2734,E1,42,239,2003,1,1,0,1,0,0,0,0
2735,E1,42,240,2003,1,1.5,0,1,0,0,0,0
2736,E1,42,241,2003,1,1.5,0,1,0,0,0,0
2737,E1,42,242,2003,1,1,0,1,0,0,0,0
2738,E1,42,243,2003,1,1.5,0,1.5,0,0,0,0
2739,E1,42,244,2003,1,1.5,0,1.5,0,0,0,0
2740,E1,42,245,2003,1,1,0,0.5,0,0,0,0
2741,E1,42,247,2003,1,1,0,1,0,0,0,0
2742,E1,42,249,2003,1,1,0,0.5,0,0,0,0
2743,E1,42,250,2003,1,1,0,0.5,0,0,0,0
2744,E1,42,251,2003,1,1,0,1,0,0,0,0
2745,E1,42,252,2003,1,1,0,0.5,0,0,0,0
2746,E1,42,253,2003,1,1,0,1,0,0,0,0
2747,E1,42,254,2003,1,1,0,1,0,0,0,0
2748,E1,42,255,2003,1,NA,0,0.5,0,0,0,0
2749,E1,42,256,2004,1,1,0,0.5,0,0,0,0
2750,E1,42,257,2004,1,1,0,1.5,0,0,0,0
2751,E1,42,258,2004,1,2,0,2,0,0,0,0
2752,E1,42,259,2004,1,0.5,0,0.5,0,0,0,0
2753,E1,42,260,2004,1,1,0,1.5,0,0,0,0
2754,E1,42,261,2004,1,0.5,0,0.5,0,0,0,0
2755,E1,42,263,2004,1,0.5,0,1,0,0,0,0
2756,E1,42,264,2004,1,1,0,1,0,0,0,0
2757,E1,42,265,2004,1,1,0,0.5,0,0,0,0
2758,E1,42,268,2005,1,0.5,0,2,0,0,0,0
2759,E1,42,269,2005,1,0.5,0,1,0,0,0,0
2760,E1,42,270,2005,1,0.5,0,0.5,0,0,0,0
2761,E1,42,271,2005,1,NA,0,0.5,0,0,0,0
2762,E1,42,272,2005,1,NA,0,0.5,0,0,0,0
2763,E1,43,1,1999,NA,2,6.5,6,9,1,0,0
2763,E1,43,1,2000,NA,6.5,5.5,9,9,1,0,0
2763,E1,43,1,2001,NA,5.5,6,9,8,1,0,0
2763,E1,43,1,2002,NA,6,6.5,8,9,1,0,0
2763,E1,43,1,2003,NA,6.5,0,9,0,0,1,NA
2764,E1,43,2,1999,NA,1,0.5,2,1.5,1,0,0
2764,E1,43,2,2000,NA,0.5,0,1.5,0,0,0,0
2765,E1,43,3,1999,NA,5,6.5,13,8,1,0,0
2765,E1,43,3,2000,NA,6.5,0,8,0,0,1,21
2766,E1,43,4,1999,NA,6,0,14,0,0,1,17
2767,E1,43,5,1999,NA,3,6,5,8,1,0,0
2767,E1,43,5,2000,NA,6,5,8,8,1,0,0
2767,E1,43,5,2001,NA,5,8,8,11,1,0,0
2767,E1,43,5,2002,NA,8,0,11,0,0,0,0
2768,E1,43,6,1999,NA,2.5,5.5,3.5,6,1,0,0
2768,E1,43,6,2000,NA,5.5,4,6,7,1,0,0
2768,E1,43,6,2001,NA,4,4.5,7,4,1,0,0
2768,E1,43,6,2002,NA,4.5,5.5,4,7,1,0,0
2768,E1,43,6,2003,NA,5.5,0,7,0,0,0,0
2769,E1,43,7,1999,NA,8,10,13,10.5,1,0,0
2769,E1,43,7,2000,NA,10,0,10.5,0,0,0,0
2770,E1,43,8,1999,NA,0.5,0,0.5,0,0,0,0
2771,E1,43,9,1999,NA,2,3,3.5,4.5,1,0,0
2771,E1,43,9,2000,NA,3,3.5,4.5,4.5,1,0,0
2771,E1,43,9,2001,NA,3.5,0,4.5,0,0,0,0
2772,E1,43,11,1999,1,0.5,0,0.5,0,0,0,0
2773,E1,43,13,1999,1,1.5,0,1.5,0,0,0,0
2774,E1,43,16,1999,1,1,0,1.5,0,0,0,0
2775,E1,43,17,1999,1,1.5,0,2,0,0,0,0
2776,E1,43,18,1999,1,1,0,0.5,0,0,0,0
2777,E1,43,19,1999,1,NA,2.5,2,4,1,0,0
2777,E1,43,19,2000,2,2.5,1.5,4,2.5,1,0,0
2777,E1,43,19,2001,3,1.5,2,2.5,2,1,0,0
2777,E1,43,19,2002,4,2,1,2,1.5,1,0,0
2777,E1,43,19,2003,5,1,0,1.5,0,0,0,0
2778,E1,43,20,1999,1,NA,3,2,2.5,1,0,0
2778,E1,43,20,2000,2,3,0,2.5,0,0,0,0
2779,E1,43,21,2000,1,1.5,2,2,2,1,0,0
2779,E1,43,21,2001,2,2,0,2,0,0,0,0
2780,E1,43,25,2001,1,1.5,1.5,2,1,1,0,0
2780,E1,43,25,2002,2,1.5,0,1,0,0,0,0
2781,E1,43,26,2001,1,1.5,2.5,2,2.5,1,0,0
2781,E1,43,26,2002,2,2.5,2,2.5,2.5,1,0,0
2781,E1,43,26,2003,3,2,0,2.5,0,0,0,0
2782,E1,43,27,2001,1,1,2,2,2.5,1,0,0
2782,E1,43,27,2002,2,2,1.5,2.5,3,1,0,0
2782,E1,43,27,2003,3,1.5,0,3,0,0,0,0
2783,E1,43,28,2001,1,1,2,1,1,1,0,0
2783,E1,43,28,2002,2,2,0,1,0,0,0,0
2784,E1,43,31,2001,1,0.5,0,1,0,0,0,0
2785,E1,43,33,2001,1,1.5,2.5,1,2,1,0,0
2785,E1,43,33,2002,2,2.5,3.5,2,5,1,0,0
2785,E1,43,33,2003,3,3.5,0,5,0,0,0,0
2786,E1,43,35,2002,1,1.5,1.5,1,2,1,0,0
2786,E1,43,35,2003,2,1.5,0,2,0,0,0,0
2787,E1,43,38,2004,1,1.5,0,3,0,0,0,0
2788,E1,43,39,2004,1,1,0,2,0,0,0,0
2789,E1,44,1,1999,NA,10,0,18,0,0,1,25
2790,E1,44,2,1999,NA,11,0,16,0,0,1,22
2791,E1,44,3,1998,NA,NA,0,9,0,0,1,18
2792,E1,44,4,2002,1,2.5,5,1.5,5,1,0,0
2792,E1,44,4,2003,2,5,8.5,5,10,1,0,0
2792,E1,44,4,2004,3,8.5,13.5,10,15.5,1,0,0
2792,E1,44,4,2005,4,13.5,16.5,15.5,17,1,0,0
2792,E1,44,4,2006,5,16.5,0,17,0,0,1,NA
2793,E1,91,3,2021,1,4.5,13,5,10,1,0,0
2793,E1,91,3,2022,2,13,NA,10,NA,NA,0,0
2794,E1,91,4,2021,1,4.5,15.5,6,17,1,0,0
2794,E1,91,4,2022,2,15.5,NA,17,NA,NA,0,0
2795,E1,91,20,2022,1,NA,NA,2.5,NA,NA,0,0
2796,E1,91,21,2022,1,NA,NA,2,NA,NA,0,0
2797,E1,91,22,2022,1,NA,NA,2.5,NA,NA,0,0
2798,E1,91,23,2022,1,NA,NA,3.5,NA,NA,0,0
2799,E1,91,24,2022,1,NA,NA,1.5,NA,NA,0,0
2800,E1,92,2,2021,1,1,0,2,0,0,0,0
2801,E1,92,5,2021,1,1,0,3,0,0,0,0
2802,E1,92,7,2021,1,NA,0,1.5,0,0,0,0
2803,E1,92,8,2021,1,NA,0,6,0,0,0,0
2804,E1,93,2,2021,1,1,2.5,2,3,1,0,0
2804,E1,93,2,2022,2,2.5,NA,3,NA,NA,0,0
2805,E1,93,7,2021,1,1,0,2.5,0,0,0,0
2806,E1,93,10,2021,1,2,0,2.5,0,0,0,0
2807,E1,93,11,2021,1,2,3,2.5,6,1,0,0
2807,E1,93,11,2022,2,3,NA,6,NA,NA,0,0
2808,E1,93,12,2021,1,2.5,0,2.5,0,0,0,0
2809,E1,93,16,2021,1,1.5,0,1.5,0,0,0,0
2810,E1,93,37,2021,1,2,0,1,0,0,0,0
2811,E1,93,40,2021,1,1,2,4,3,1,0,0
2811,E1,93,40,2022,2,2,NA,3,NA,NA,0,0
2812,E1,93,55,2022,1,5,NA,8,NA,NA,0,0
2813,E1,93,56,2022,1,6.5,NA,6,NA,NA,0,0
2814,E1,93,59,2022,1,1,NA,1,NA,NA,0,0
2815,E2,28,1,1995,NA,12,0,17,0,0,1,40
2816,E2,28,2,1995,NA,14,9.5,14.5,15,1,0,0
2816,E2,28,2,1996,NA,9.5,0,15,0,0,1,42
2817,E2,28,3,1995,NA,5,5.5,8,10.5,1,0,0
2817,E2,28,3,1996,NA,5.5,11,10.5,11,1,0,0
2817,E2,28,3,1997,NA,11,15.5,11,15,1,0,0
2817,E2,28,3,1998,NA,15.5,18,15,15,1,0,0
2817,E2,28,3,1999,NA,18,0,15,0,0,1,52
2818,E2,28,4,1997,1,0.5,0,0.5,0,0,0,0
2819,E2,28,6,2001,1,0.5,0,1,0,0,0,0
2820,E2,28,7,2001,1,1.5,0,1,0,0,0,0
2821,E2,28,9,2001,1,2.5,1,2.5,2,1,0,0
2821,E2,28,9,2002,2,1,1,2,1,1,0,0
2821,E2,28,9,2003,3,1,0,1,0,0,0,0
2822,E2,28,11,2001,1,NA,1,1,3.5,1,0,0
2822,E2,28,11,2002,2,1,1,3.5,2,1,0,0
2822,E2,28,11,2003,3,1,0,2,0,0,0,0
2823,E2,28,12,2002,1,1,3.5,1.5,4.5,1,0,0
2823,E2,28,12,2003,2,3.5,0,4.5,0,0,0,0
2824,E2,28,13,2004,1,0.5,0,0.5,0,0,0,0
2825,E2,29,1,1995,NA,5,0,6,0,0,1,11
2826,E2,29,2,1995,NA,5.5,0,9.5,0,0,1,15
2827,E2,29,3,1995,NA,4.5,0,7.5,0,0,1,10
2828,E2,29,5,1995,NA,5,5.5,6.5,10,1,0,0
2828,E2,29,5,1996,NA,5.5,10,10,15,1,0,0
2828,E2,29,5,1997,NA,10,10.5,15,8,1,0,0
2828,E2,29,5,1998,NA,10.5,7.5,8,9,1,0,0
2828,E2,29,5,1999,NA,7.5,0,9,0,0,1,15
2829,E2,29,6,1996,1,1,2,1.5,2.5,1,0,0
2829,E2,29,6,1997,2,2,3.5,2.5,4.5,1,0,0
2829,E2,29,6,1998,3,3.5,3,4.5,5,1,0,0
2829,E2,29,6,1999,4,3,4,5,6,1,0,0
2829,E2,29,6,2000,5,4,4.5,6,8.5,1,0,0
2829,E2,29,6,2001,6,4.5,9,8.5,10.5,1,0,0
2829,E2,29,6,2002,7,9,8.5,10.5,8,1,0,0
2829,E2,29,6,2003,8,8.5,0,8,0,0,1,NA
2830,E2,29,7,1996,1,1,2,1,2,1,0,0
2830,E2,29,7,1997,2,2,0,2,0,0,0,0
2831,E2,29,8,1998,1,1,0,1,0,0,0,0
2832,E2,29,9,1998,1,1,4,2.5,7,1,0,0
2832,E2,29,9,1999,2,4,9,7,9.5,1,0,0
2832,E2,29,9,2000,3,9,0,9.5,0,0,0,0
2833,E2,29,10,1999,1,0.5,0.5,1,1,1,0,0
2833,E2,29,10,2000,2,0.5,0,1,0,0,0,0
2834,E2,29,13,2001,1,0.5,0,0.5,0,0,0,0
2835,E2,29,14,2004,1,2.5,5,4,10,1,0,0
2835,E2,29,14,2005,2,5,9.5,10,11.5,1,0,0
2835,E2,29,14,2006,3,9.5,14,11.5,16,1,0,0
2835,E2,29,14,2007,4,14,16,16,17,1,0,0
2835,E2,29,14,2008,5,16,0,17,0,0,1,NA
2836,E2,29,15,2004,1,1.5,3.5,3.5,8,1,0,0
2836,E2,29,15,2005,2,3.5,7,8,8.5,1,0,0
2836,E2,29,15,2006,3,7,0,8.5,0,0,0,0
2837,E2,29,16,2004,1,1,0,2,0,0,0,0
2838,E2,29,19,2004,1,2.5,0,4.5,0,0,0,0
2839,E2,29,20,2004,1,2,7,5.5,11,1,0,0
2839,E2,29,20,2005,2,7,13,11,15,1,0,0
2839,E2,29,20,2006,3,13,14,15,13.5,1,0,0
2839,E2,29,20,2007,4,14,0,13.5,0,0,0,0
2840,E2,29,22,2004,1,1,1.5,1.5,3,1,0,0
2840,E2,29,22,2005,2,1.5,2,3,3,1,0,0
2840,E2,29,22,2006,3,2,0,3,0,0,0,0
2841,E2,29,23,2004,1,3,3.5,4.5,7.5,1,0,0
2841,E2,29,23,2005,2,3.5,7,7.5,7.5,1,0,0
2841,E2,29,23,2006,3,7,7.5,7.5,8.5,1,0,0
2841,E2,29,23,2007,4,7.5,11,8.5,15,1,0,0
2841,E2,29,23,2008,5,11,0,15,0,0,1,NA
2842,E2,29,24,2004,1,2.5,0,3.5,0,0,0,0
2843,E2,29,25,2004,1,1.5,3.5,3.5,8,1,0,0
2843,E2,29,25,2005,2,3.5,3.5,8,5,1,0,0
2843,E2,29,25,2006,3,3.5,0,5,0,0,0,0
2844,E2,29,26,2004,1,2,3,3,6.5,1,0,0
2844,E2,29,26,2005,2,3,3.5,6.5,4.5,1,0,0
2844,E2,29,26,2006,3,3.5,0,4.5,0,0,0,0
2845,E2,29,30,2006,1,1.5,0,0.5,0,0,0,0
2846,E2,29,31,2006,1,1,0,0.5,0,0,0,0
2847,E2,29,32,2006,1,1.5,0,1.5,0,0,0,0
2848,E2,29,33,2006,1,1,0,1,0,0,0,0
2849,E2,29,34,2010,1,3.5,3,4,5,1,0,0
2849,E2,29,34,2011,2,3,0,5,0,0,0,0
2850,E2,29,35,2018,1,6,13,9,13,1,0,0
2850,E2,29,35,2019,2,13,20,13,11,1,0,0
2850,E2,29,35,2020,3,20,0,11,0,0,1,37
2851,E2,29,36,2021,1,2.5,4.5,6,8,1,0,0
2851,E2,29,36,2022,2,4.5,NA,8,NA,NA,0,0
2852,E2,29,37,2021,1,1,0,2,0,0,0,0
2853,E2,29,38,2022,1,1,NA,2,NA,NA,0,0
2854,E2,29,39,2022,1,1.5,NA,3,NA,NA,0,0
2855,E2,30,4,1995,NA,0.5,1,0.5,1,1,0,0
2855,E2,30,4,1996,NA,1,0,1,0,0,0,0
2856,E2,30,5,1995,NA,1.5,0,0.5,0,0,0,0
2857,E2,30,8,1995,NA,2,3,3,8,1,0,0
2857,E2,30,8,1996,NA,3,0,8,0,0,0,0
2858,E2,30,9,1995,NA,2,4,3,8,1,0,0
2858,E2,30,9,1996,NA,4,7,8,12,1,0,0
2858,E2,30,9,1997,NA,7,13,12,20,1,0,0
2858,E2,30,9,1998,NA,13,0,20,0,0,1,58
2859,E2,30,10,1995,NA,2,5,3.5,8.5,1,0,0
2859,E2,30,10,1996,NA,5,0,8.5,0,0,0,0
2860,E2,30,11,1995,NA,6,15,10.5,12,1,0,0
2860,E2,30,11,1996,NA,15,0,12,0,0,1,147
2861,E2,30,15,1995,NA,3,8,4.5,19.5,1,0,0
2861,E2,30,15,1996,NA,8,14,19.5,20,1,0,0
2861,E2,30,15,1997,NA,14,0,20,0,0,1,48
2862,E2,30,18,1995,NA,4,3.5,5.5,7.5,1,0,0
2862,E2,30,18,1996,NA,3.5,10.5,7.5,10,1,0,0
2862,E2,30,18,1997,NA,10.5,0,10,0,0,1,13
2863,E2,30,19,1995,NA,4,0,5,0,0,0,0
2864,E2,30,20,1995,NA,1,0,1,0,0,0,0
2865,E2,30,36,1998,1,0.5,0,0.5,0,0,0,0
2866,E2,30,37,1998,1,0.5,0,0.5,0,0,0,0
2867,E2,30,38,1998,1,0.5,0,0.5,0,0,0,0
2868,E2,30,43,1998,1,0.5,0,1,0,0,0,0
2869,E2,30,46,1998,1,0.5,0,1.5,0,0,0,0
2870,E2,30,53,1998,1,0.5,0,1,0,0,0,0
2871,E2,30,57,1998,1,0.5,0,0.5,0,0,0,0
2872,E2,30,58,1998,1,0.5,0,0.5,0,0,0,0
2873,E2,30,63,1998,1,0.5,0,1,0,0,0,0
2874,E2,30,69,1998,1,0.5,10,2,13,1,0,0
2874,E2,30,69,1999,2,10,9.5,13,10,1,0,0
2874,E2,30,69,2000,3,9.5,0,10,0,0,1,23
2875,E2,30,72,1998,1,0.5,5.5,2,10,1,0,0
2875,E2,30,72,1999,2,5.5,10.5,10,10.5,1,0,0
2875,E2,30,72,2000,3,10.5,8,10.5,8,1,0,0
2875,E2,30,72,2001,4,8,0,8,0,0,1,12
2876,E2,30,75,1998,1,1,6,4,9.5,1,0,0
2876,E2,30,75,1999,2,6,8.5,9.5,9,1,0,0
2876,E2,30,75,2000,3,8.5,0,9,0,0,1,7
2877,E2,30,76,1998,1,1,0,2.5,0,0,0,0
2878,E2,30,77,1999,1,1,0,2,0,0,0,0
2879,E2,30,78,1999,1,2,0,3,0,0,0,0
2880,E2,30,79,1999,1,3,6,7,8.5,1,0,0
2880,E2,30,79,2000,2,6,3.5,8.5,3.5,1,0,0
2880,E2,30,79,2001,3,3.5,2,3.5,4,1,0,0
2880,E2,30,79,2002,4,2,0,4,0,0,0,0
2881,E2,30,80,1999,1,3,0,5.5,0,0,0,0
2882,E2,30,81,1999,1,2,0,2,0,0,0,0
2883,E2,30,82,1999,1,3,0,3,0,0,0,0
2884,E2,30,83,1999,1,1.5,0,4.5,0,0,0,0
2885,E2,30,84,1999,1,3.5,13,11,11,1,0,0
2885,E2,30,84,2000,2,13,0,11,0,0,1,47
2886,E2,30,85,1999,1,2.5,7,4.5,8,1,0,0
2886,E2,30,85,2000,2,7,0,8,0,0,0,0
2887,E2,30,87,1999,1,3,0,4,0,0,0,0
2888,E2,30,96,2001,1,3.5,1,4,1,1,0,0
2888,E2,30,96,2002,2,1,0,1,0,0,0,0
2889,E2,30,98,2001,1,1.5,0,3,0,0,0,0
2890,E2,30,119,2001,1,0.5,1.5,1,4,1,0,0
2890,E2,30,119,2002,2,1.5,0,4,0,0,0,0
2891,E2,30,125,2001,1,1,1.5,1,4,1,0,0
2891,E2,30,125,2002,2,1.5,5,4,8.5,1,0,0
2891,E2,30,125,2003,3,5,0,8.5,0,0,0,0
2892,E2,30,127,2001,1,1,1.5,1,2.5,1,0,0
2892,E2,30,127,2002,2,1.5,0,2.5,0,0,0,0
2893,E2,30,130,2001,1,1,1.5,1,3.5,1,0,0
2893,E2,30,130,2002,2,1.5,0,3.5,0,0,0,0
2894,E2,30,131,2001,1,1,0,0.5,0,0,0,0
2895,E2,30,140,2001,1,1,0,1,0,0,0,0
2896,E2,30,190,2001,1,1,0,1.5,0,0,0,0
2897,E2,30,200,2001,1,1,0,0.5,0,0,0,0
2898,E2,30,233,2002,1,1.5,0,2.5,0,0,0,0
2899,E2,30,234,2002,1,1,0,2,0,0,0,0
2900,E2,30,235,2002,1,1,0,0.5,0,0,0,0
2901,E2,30,236,2002,1,0.5,0,1.5,0,0,0,0
2902,E2,30,237,2002,1,1,0,2.5,0,0,0,0
2903,E2,30,238,2002,1,1,0,1.5,0,0,0,0
2904,E2,30,239,2002,1,1,0,4,0,0,0,0
2905,E2,30,240,2002,1,0.5,0,2,0,0,0,0
2906,E2,30,241,2002,1,1,0,2,0,0,0,0
2907,E2,30,255,2002,1,2,0,2,0,0,0,0
2908,E2,30,257,2002,1,2,7.5,5,11,1,0,0
2908,E2,30,257,2003,2,7.5,0,11,0,0,0,0
2909,E2,30,258,2004,1,1,0,2,0,0,0,0
2910,E2,30,259,2004,1,4,0,7.5,0,0,0,0
2911,E2,30,260,2004,1,1.5,0,3.5,0,0,0,0
2912,E2,30,261,2004,1,1.5,0,4,0,0,0,0
2913,E2,30,262,2004,1,1.5,0,3,0,0,0,0
2914,E2,30,263,2004,1,4,0,2.5,0,0,0,0
2915,E2,30,264,2004,1,3.5,0,3.5,0,0,0,0
2916,E2,30,265,2004,1,5,0,5,0,0,0,0
2917,E2,30,266,2004,1,0.5,0,0.5,0,0,0,0
2918,E2,30,267,2004,1,4.5,0,5.5,0,0,0,0
2919,E2,30,270,2004,1,1.5,0,0.5,0,0,0,0
2920,E2,30,274,2004,1,2,10,5,13,1,0,0
2920,E2,30,274,2005,2,10,0,13,0,0,0,0
2921,E2,30,280,2005,1,1.5,0,2.5,0,0,0,0
2922,E2,30,281,2005,1,1,6.5,2.5,9.5,1,0,0
2922,E2,30,281,2006,2,6.5,0,9.5,0,0,0,0
2923,E2,30,282,2011,1,1,0,4.5,0,0,0,0
2924,E2,31,1,1995,NA,1.5,3.5,2.5,6,1,0,0
2924,E2,31,1,1996,NA,3.5,5,6,4.5,1,0,0
2924,E2,31,1,1997,NA,5,0,4.5,0,0,0,0
2925,E2,31,2,1995,NA,5,6.5,6,12.5,1,0,0
2925,E2,31,2,1996,NA,6.5,10,12.5,15.5,1,0,0
2925,E2,31,2,1997,NA,10,8,15.5,18,1,0,0
2925,E2,31,2,1998,NA,8,0,18,0,0,1,12
2926,E2,31,3,1995,NA,6,7.5,10,16,1,0,0
2926,E2,31,3,1996,NA,7.5,0,16,0,0,0,0
2927,E2,31,4,1995,NA,7,9,10.5,16,1,0,0
2927,E2,31,4,1996,NA,9,15,16,14,1,0,0
2927,E2,31,4,1997,NA,15,0,14,0,0,1,33
2928,E2,31,5,1995,NA,5,8,7,14,1,0,0
2928,E2,31,5,1996,NA,8,14,14,11,1,0,0
2928,E2,31,5,1997,NA,14,0,11,0,0,1,22
2929,E2,31,6,1995,NA,11.5,14.5,14,15,1,0,0
2929,E2,31,6,1996,NA,14.5,0,15,0,0,1,73
2930,E2,31,7,1995,NA,5.5,10.5,9,13,1,0,0
2930,E2,31,7,1996,NA,10.5,0,13,0,0,1,51
2931,E2,31,8,1995,NA,8,6.5,11,10.5,1,0,0
2931,E2,31,8,1996,NA,6.5,0,10.5,0,0,1,30
2932,E2,31,16,1997,1,1,0,1,0,0,0,0
2933,E2,31,17,1997,1,1,0,1.5,0,0,0,0
2934,E2,31,23,1997,1,1.5,1.5,1.5,1,1,0,0
2934,E2,31,23,1998,2,1.5,1.5,1,3.5,1,0,0
2934,E2,31,23,1999,3,1.5,0,3.5,0,0,0,0
2935,E2,31,24,1997,1,0.5,3,1,7,1,0,0
2935,E2,31,24,1998,2,3,4.5,7,11,1,0,0
2935,E2,31,24,1999,3,4.5,10,11,11,1,0,0
2935,E2,31,24,2000,4,10,5,11,10,1,0,0
2935,E2,31,24,2001,5,5,0,10,0,0,1,19
2936,E2,31,25,1997,1,1.5,0,0.5,0,0,0,0
2937,E2,31,26,1997,1,1.5,3.5,2,5,1,0,0
2937,E2,31,26,1998,2,3.5,6.5,5,10,1,0,0
2937,E2,31,26,1999,3,6.5,11,10,8,1,0,0
2937,E2,31,26,2000,4,11,0,8,0,0,1,35
2938,E2,31,27,1997,1,1.5,3,2,5,1,0,0
2938,E2,31,27,1998,2,3,5.5,5,8,1,0,0
2938,E2,31,27,1999,3,5.5,9,8,10,1,0,0
2938,E2,31,27,2000,4,9,7,10,8,1,0,0
2938,E2,31,27,2001,5,7,0,8,0,0,0,0
2939,E2,31,28,1997,1,2,0,2.5,0,0,0,0
2940,E2,31,29,1997,1,2,0,2,0,0,0,0
2941,E2,31,30,1997,1,2,0,1,0,0,0,0
2942,E2,31,31,1997,1,2,0.5,1.5,0.5,1,0,0
2942,E2,31,31,1998,2,0.5,0,0.5,0,0,0,0
2943,E2,31,32,1997,1,2,0,0.5,0,0,0,0
2944,E2,31,33,1997,1,2,0,0.5,0,0,0,0
2945,E2,31,34,1997,1,2,0,3,0,0,0,0
2946,E2,31,38,1997,1,1,0,1,0,0,0,0
2947,E2,31,39,1997,1,0.5,1,0.5,4,1,0,0
2947,E2,31,39,1998,2,1,3,4,5.5,1,0,0
2947,E2,31,39,1999,3,3,3.5,5.5,7,1,0,0
2947,E2,31,39,2000,4,3.5,3.5,7,5,1,0,0
2947,E2,31,39,2001,5,3.5,0,5,0,0,0,0
2948,E2,31,40,1997,1,0.5,0,0.5,0,0,0,0
2949,E2,31,41,1997,1,0.5,0,0.5,0,0,0,0
2950,E2,31,42,1997,1,1,0,0.5,0,0,0,0
2951,E2,31,43,1997,1,0.5,1.5,0.5,2,1,0,0
2951,E2,31,43,1998,2,1.5,3.5,2,1.5,1,0,0
2951,E2,31,43,1999,3,3.5,0,1.5,0,0,0,0
2952,E2,31,44,1997,1,1,2.5,2,4,1,0,0
2952,E2,31,44,1998,2,2.5,2,4,3.5,1,0,0
2952,E2,31,44,1999,3,2,1,3.5,3,1,0,0
2952,E2,31,44,2000,4,1,0,3,0,0,0,0
2953,E2,31,80,1998,1,0.5,0,1,0,0,0,0
2954,E2,31,84,1998,1,0.5,1,0.5,2,1,0,0
2954,E2,31,84,1999,2,1,4,2,6.5,1,0,0
2954,E2,31,84,2000,3,4,3,6.5,6,1,0,0
2954,E2,31,84,2001,4,3,0,6,0,0,0,0
2955,E2,31,96,1998,1,0.5,1,1.5,6,1,0,0
2955,E2,31,96,1999,2,1,7.5,6,6,1,0,0
2955,E2,31,96,2000,3,7.5,4.5,6,5,1,0,0
2955,E2,31,96,2001,4,4.5,0,5,0,0,0,0
2956,E2,31,98,1998,1,0.5,0,1,0,0,0,0
2957,E2,31,99,1998,1,0.5,0,0.5,0,0,0,0
2958,E2,31,100,1998,1,0.5,0,0.5,0,0,0,0
2959,E2,31,102,1998,1,0.5,0,0.5,0,0,0,0
2960,E2,31,120,1998,1,0.5,0,0.5,0,0,0,0
2961,E2,31,126,1998,1,0.5,0,1,0,0,0,0
2962,E2,31,129,1998,1,1.5,2,2.5,2.5,1,0,0
2962,E2,31,129,1999,2,2,2,2.5,3,1,0,0
2962,E2,31,129,2000,3,2,2,3,3.5,1,0,0
2962,E2,31,129,2001,4,2,0,3.5,0,0,0,0
2963,E2,31,130,1998,1,0.5,0,0.5,0,0,0,0
2964,E2,31,134,1998,1,1,0,1,0,0,0,0
2965,E2,31,135,1998,1,1,0,1,0,0,0,0
2966,E2,31,136,1998,1,1,0,1,0,0,0,0
2967,E2,31,137,1998,1,1,0,1,0,0,0,0
2968,E2,31,138,1998,1,1,0,1,0,0,0,0
2969,E2,31,139,1998,1,1,0,1,0,0,0,0
2970,E2,31,140,1998,1,1,0,1,0,0,0,0
2971,E2,31,143,1998,1,0.5,0,1,0,0,0,0
2972,E2,31,154,1998,1,1,0.5,0.5,2,1,0,0
2972,E2,31,154,1999,2,0.5,3.5,2,4.5,1,0,0
2972,E2,31,154,2000,3,3.5,3.5,4.5,3,1,0,0
2972,E2,31,154,2001,4,3.5,0,3,0,0,0,0
2973,E2,31,157,1998,1,0.5,0,0.5,0,0,0,0
2974,E2,31,159,1998,1,0.5,0,0.5,0,0,0,0
2975,E2,31,173,1998,1,1,2,1.5,3,1,0,0
2975,E2,31,173,1999,2,2,3,3,3.5,1,0,0
2975,E2,31,173,2000,3,3,0,3.5,0,0,0,0
2976,E2,31,175,1998,1,0.5,0,0.5,0,0,0,0
2977,E2,31,176,1998,1,1,0,1.5,0,0,0,0
2978,E2,31,177,1998,1,0.5,2,0.5,3,1,0,0
2978,E2,31,177,1999,2,2,2.5,3,5,1,0,0
2978,E2,31,177,2000,3,2.5,4,5,5.5,1,0,0
2978,E2,31,177,2001,4,4,2,5.5,4.5,1,0,0
2978,E2,31,177,2002,5,2,0.5,4.5,2.5,1,0,0
2978,E2,31,177,2003,6,0.5,0,2.5,0,0,0,0
2979,E2,31,178,1998,1,0.5,0,0.5,0,0,0,0
2980,E2,31,180,1998,1,1,0,0.5,0,0,0,0
2981,E2,31,181,1998,1,2,4.5,2.5,8.5,1,0,0
2981,E2,31,181,1999,2,4.5,11,8.5,12.5,1,0,0
2981,E2,31,181,2000,3,11,9,12.5,10.5,1,0,0
2981,E2,31,181,2001,4,9,8,10.5,6,1,0,0
2981,E2,31,181,2002,5,8,0,6,0,0,1,13
2982,E2,31,185,1998,1,1.5,6,3.5,7,1,0,0
2982,E2,31,185,1999,2,6,8.5,7,7.5,1,0,0
2982,E2,31,185,2000,3,8.5,4.5,7.5,5,1,0,0
2982,E2,31,185,2001,4,4.5,2.5,5,2,1,0,0
2982,E2,31,185,2002,5,2.5,0,2,0,0,0,0
2983,E2,31,186,1998,1,0.5,0,1,0,0,0,0
2984,E2,31,187,1998,1,1,0,1,0,0,0,0
2985,E2,31,188,1998,1,0.5,0,0.5,0,0,0,0
2986,E2,31,189,1998,1,0.5,0,0.5,0,0,0,0
2987,E2,31,190,1998,1,2,0.5,1.5,5,1,0,0
2987,E2,31,190,1999,2,0.5,5.5,5,9,1,0,0
2987,E2,31,190,2000,3,5.5,5.5,9,7.5,1,0,0
2987,E2,31,190,2001,4,5.5,4.5,7.5,6,1,0,0
2987,E2,31,190,2002,5,4.5,4,6,7,1,0,0
2987,E2,31,190,2003,6,4,0,7,0,0,0,0
2988,E2,31,191,1998,1,0.5,0,1,0,0,0,0
2989,E2,31,192,1998,1,0.5,3.5,1.5,5.5,1,0,0
2989,E2,31,192,1999,2,3.5,6.5,5.5,5.5,1,0,0
2989,E2,31,192,2000,3,6.5,5,5.5,4.5,1,0,0
2989,E2,31,192,2001,4,5,3.5,4.5,6,1,0,0
2989,E2,31,192,2002,5,3.5,3.5,6,7.5,1,0,0
2989,E2,31,192,2003,6,3.5,0,7.5,0,0,0,0
2990,E2,31,193,1998,1,NA,0,1,0,0,0,0
2991,E2,31,195,1999,1,1,0,2,0,0,0,0
2992,E2,31,197,1999,1,1,0,0.5,0,0,0,0
2993,E2,31,200,1999,1,1,3,1.5,5.5,1,0,0
2993,E2,31,200,2000,2,3,5,5.5,6.5,1,0,0
2993,E2,31,200,2001,3,5,6,6.5,8,1,0,0
2993,E2,31,200,2002,4,6,5,8,9,1,0,0
2993,E2,31,200,2003,5,5,5,9,7,1,0,0
2993,E2,31,200,2004,6,5,7.5,7,10.5,1,0,0
2993,E2,31,200,2005,7,7.5,6,10.5,6,1,0,0
2993,E2,31,200,2006,8,6,0,6,0,0,0,0
2994,E2,31,203,1999,1,1.5,3,2,5,1,0,0
2994,E2,31,203,2000,2,3,4.5,5,5,1,0,0
2994,E2,31,203,2001,3,4.5,3,5,6,1,0,0
2994,E2,31,203,2002,4,3,3.5,6,7,1,0,0
2994,E2,31,203,2003,5,3.5,0,7,0,0,0,0
2995,E2,31,204,1999,1,1,1.5,1.5,4,1,0,0
2995,E2,31,204,2000,2,1.5,3.5,4,4,1,0,0
2995,E2,31,204,2001,3,3.5,2,4,4,1,0,0
2995,E2,31,204,2002,4,2,0,4,0,0,0,0
2996,E2,31,205,1999,1,1,4,3,7.5,1,0,0
2996,E2,31,205,2000,2,4,5.5,7.5,8,1,0,0
2996,E2,31,205,2001,3,5.5,8,8,12,1,0,0
2996,E2,31,205,2002,4,8,10.5,12,9,1,0,0
2996,E2,31,205,2003,5,10.5,0,9,0,0,1,NA
2997,E2,31,207,1999,1,1.5,0,0.5,0,0,0,0
2998,E2,31,209,1999,1,0.5,0,1,0,0,0,0
2999,E2,31,210,1999,1,1.5,5.5,3.5,7,1,0,0
2999,E2,31,210,2000,2,5.5,4.5,7,6,1,0,0
2999,E2,31,210,2001,3,4.5,0,6,0,0,0,0
3000,E2,31,211,1999,1,0.5,0,1,0,0,0,0
3001,E2,31,213,2000,1,1.5,1.5,2.5,1.5,1,0,0
3001,E2,31,213,2001,2,1.5,0,1.5,0,0,0,0
3002,E2,31,223,2001,1,0.5,0,1,0,0,0,0
3003,E2,31,224,2001,1,2,0,3.5,0,0,0,0
3004,E2,31,227,2002,1,2.5,6.5,4,9,1,0,0
3004,E2,31,227,2003,2,6.5,10.5,9,15,1,0,0
3004,E2,31,227,2004,3,10.5,13,15,16,1,0,0
3004,E2,31,227,2005,4,13,0,16,0,0,1,NA
3005,E2,31,228,2002,1,2.5,5,5,8,1,0,0
3005,E2,31,228,2003,2,5,9,8,14,1,0,0
3005,E2,31,228,2004,3,9,10,14,10,1,0,0
3005,E2,31,228,2005,4,10,0,10,0,0,1,NA
3006,E2,31,231,2002,1,0.5,2,2.5,6,1,0,0
3006,E2,31,231,2003,2,2,4,6,7.5,1,0,0
3006,E2,31,231,2004,3,4,8.5,7.5,14,1,0,0
3006,E2,31,231,2005,4,8.5,12.5,14,16,1,0,0
3006,E2,31,231,2006,5,12.5,0,16,0,0,1,NA
3007,E2,31,232,2002,1,1.5,0,2,0,0,0,0
3008,E2,31,233,2002,1,1,0,1,0,0,0,0
3009,E2,31,235,2002,1,0.5,0,0.5,0,0,0,0
3010,E2,31,237,2003,1,1.5,0,3.5,0,0,0,0
3011,E2,31,238,2003,1,1,0,1.5,0,0,0,0
3012,E2,31,240,2003,1,1,0,1.5,0,0,0,0
3013,E2,31,241,2003,1,2.5,0,3.5,0,0,0,0
3014,E2,31,244,2003,1,1.5,0,3,0,0,0,0
3015,E2,31,245,2003,1,1,0,2,0,0,0,0
3016,E2,31,247,2003,1,1,0,1,0,0,0,0
3017,E2,31,248,2003,1,1,3,2.5,6.5,1,0,0
3017,E2,31,248,2004,2,3,0,6.5,0,0,0,0
3018,E2,31,249,2003,1,1,0,1,0,0,0,0
3019,E2,31,251,2003,1,1,0,1.5,0,0,0,0
3020,E2,31,252,2003,1,1,0,3,0,0,0,0
3021,E2,31,253,2003,1,1.5,0,3,0,0,0,0
3022,E2,31,254,2003,1,NA,0,2,0,0,0,0
3023,E2,31,255,2004,1,1,2.5,3,3.5,1,0,0
3023,E2,31,255,2005,2,2.5,3,3.5,3,1,0,0
3023,E2,31,255,2006,3,3,0,3,0,0,0,0
3024,E2,31,256,2004,1,1.5,0,2.5,0,0,0,0
3025,E2,31,257,2004,1,2,3,3,6,1,0,0
3025,E2,31,257,2005,2,3,7.5,6,5.5,1,0,0
3025,E2,31,257,2006,3,7.5,3.5,5.5,5.5,1,0,0
3025,E2,31,257,2007,4,3.5,9,5.5,12,1,0,0
3025,E2,31,257,2008,5,9,10,12,8.5,1,0,0
3025,E2,31,257,2009,6,10,0,8.5,0,0,1,NA
3026,E2,31,258,2004,1,1,0,1.5,0,0,0,0
3027,E2,31,260,2004,1,2,0,2.5,0,0,0,0
3028,E2,31,261,2004,1,1,0,2,0,0,0,0
3029,E2,31,262,2004,1,1.5,3,2.5,4,1,0,0
3029,E2,31,262,2005,2,3,3.5,4,4.5,1,0,0
3029,E2,31,262,2006,3,3.5,0,4.5,0,0,0,0
3030,E2,31,263,2004,1,1,0,0.5,0,0,0,0
3031,E2,31,264,2004,1,1,1.5,1.5,4,1,0,0
3031,E2,31,264,2005,2,1.5,3.5,4,4,1,0,0
3031,E2,31,264,2006,3,3.5,0,4,0,0,0,0
3032,E2,31,265,2004,1,1,1,1.5,1,1,0,0
3032,E2,31,265,2005,2,1,0,1,0,0,0,0
3033,E2,31,266,2004,1,1,0,1.5,0,0,0,0
3034,E2,31,267,2004,1,1,0,1.5,0,0,0,0
3035,E2,31,268,2004,1,1,0,1.5,0,0,0,0
3036,E2,31,269,2004,1,1,0,1.5,0,0,0,0
3037,E2,31,270,2004,1,1,0,1.5,0,0,0,0
3038,E2,31,271,2004,1,1,0,1.5,0,0,0,0
3039,E2,31,272,2004,1,1,0,1.5,0,0,0,0
3040,E2,31,273,2004,1,1,0,1.5,0,0,0,0
3041,E2,31,274,2004,1,1,0,1.5,0,0,0,0
3042,E2,31,275,2004,1,1,0,1.5,0,0,0,0
3043,E2,31,276,2004,1,1,0,1.5,0,0,0,0
3044,E2,31,277,2004,1,1,0,1.5,0,0,0,0
3045,E2,31,278,2004,1,1,0,1.5,0,0,0,0
3046,E2,31,279,2004,1,1,0,1.5,0,0,0,0
3047,E2,31,280,2004,1,1,0,1.5,0,0,0,0
3048,E2,31,281,2004,1,1,0,1.5,0,0,0,0
3049,E2,31,282,2004,1,1,0,2,0,0,0,0
3050,E2,31,284,2004,1,1.5,0,1,0,0,0,0
3051,E2,31,285,2004,1,1,0,1.5,0,0,0,0
3052,E2,31,286,2004,1,1,0,1,0,0,0,0
3053,E2,31,287,2004,1,0.5,2,2.5,3,1,0,0
3053,E2,31,287,2005,2,2,0,3,0,0,0,0
3054,E2,31,288,2004,1,0.5,2,2.5,2.5,1,0,0
3054,E2,31,288,2005,2,2,0,2.5,0,0,0,0
3055,E2,31,289,2004,1,0.5,3,1,3,1,0,0
3055,E2,31,289,2005,2,3,0,3,0,0,0,0
3056,E2,31,290,2004,1,0.5,0.5,1,2.5,1,0,0
3056,E2,31,290,2005,2,0.5,0,2.5,0,0,0,0
3057,E2,31,291,2004,1,0.5,3.5,1,5,1,0,0
3057,E2,31,291,2005,2,3.5,0,5,0,0,0,0
3058,E2,31,292,2004,1,0.5,0,1,0,0,0,0
3059,E2,31,293,2004,1,0.5,0,1,0,0,0,0
3060,E2,31,294,2004,1,0.5,0,1,0,0,0,0
3061,E2,31,295,2004,1,0.5,0,1,0,0,0,0
3062,E2,31,296,2004,1,0.5,0,1,0,0,0,0
3063,E2,31,297,2004,1,0.5,0,1,0,0,0,0
3064,E2,31,298,2004,1,0.5,0,1,0,0,0,0
3065,E2,31,304,2004,1,0.5,0.5,1,1,1,0,0
3065,E2,31,304,2005,2,0.5,0,1,0,0,0,0
3066,E2,31,305,2004,1,0.5,0,1,0,0,0,0
3067,E2,31,306,2004,1,1,0.5,1.5,0.5,1,0,0
3067,E2,31,306,2005,2,0.5,0,0.5,0,0,0,0
3068,E2,31,307,2004,1,1.5,1,2,1,1,0,0
3068,E2,31,307,2005,2,1,0,1,0,0,0,0
3069,E2,31,308,2004,1,1,0.5,1,0.5,1,0,0
3069,E2,31,308,2005,2,0.5,0,0.5,0,0,0,0
3070,E2,31,309,2004,1,1,3,2.5,7,1,0,0
3070,E2,31,309,2005,2,3,6,7,8.5,1,0,0
3070,E2,31,309,2006,3,6,0,8.5,0,0,0,0
3071,E2,31,311,2004,1,0.5,0,0.5,0,0,0,0
3072,E2,31,312,2005,1,0.5,0,2.5,0,0,0,0
3073,E2,31,313,2005,1,1,0,1.5,0,0,0,0
3074,E2,31,314,2005,1,1,0,1,0,0,0,0
3075,E2,31,316,2005,1,1,0,1.5,0,0,0,0
3076,E2,31,317,2005,1,1,3,1.5,1.5,1,0,0
3076,E2,31,317,2006,2,3,0,1.5,0,0,0,0
3077,E2,31,318,2005,1,1.5,0,0.5,0,0,0,0
3078,E2,31,320,2005,1,0.5,0,0.5,0,0,0,0
3079,E2,31,321,2005,1,1.5,2.5,1,2,1,0,0
3079,E2,31,321,2006,2,2.5,0,2,0,0,0,0
3080,E2,31,322,2005,1,0.5,0,3,0,0,0,0
3081,E2,31,323,2005,1,0.5,4,1,4.5,1,0,0
3081,E2,31,323,2006,2,4,0,4.5,0,0,0,0
3082,E2,31,324,2005,1,0.5,0,2.5,0,0,0,0
3083,E2,31,326,2005,1,0.5,0,2,0,0,0,0
3084,E2,31,327,2005,1,0.5,0,2,0,0,0,0
3085,E2,31,331,2005,1,1.5,3,2,3,1,0,0
3085,E2,31,331,2006,2,3,0,3,0,0,0,0
3086,E2,31,332,2005,1,1.5,3,2,1,1,0,0
3086,E2,31,332,2006,2,3,0,1,0,0,0,0
3087,E2,31,333,2005,1,1.5,3.5,2,4,1,0,0
3087,E2,31,333,2006,2,3.5,0,4,0,0,0,0
3088,E2,31,348,2006,1,2,0,1.5,0,0,0,0
3089,E2,31,355,2006,1,0.5,0,0.5,0,0,0,0
3090,E2,31,356,2006,1,0.5,0,0.5,0,0,0,0
3091,E2,31,368,2006,1,2.5,0,1.5,0,0,0,0
3092,E2,31,369,2006,1,1,0,0.5,0,0,0,0
3093,E2,31,370,2006,1,1,0,2,0,0,0,0
3094,E2,31,376,2006,1,1.5,0,1.5,0,0,0,0
3095,E2,31,383,2007,1,1,2,1.5,1.5,1,0,0
3095,E2,31,383,2008,2,2,0,1.5,0,0,0,0
3096,E2,31,385,2007,1,1,0.5,1.5,0.5,1,0,0
3096,E2,31,385,2008,2,0.5,0,0.5,0,0,0,0
3097,E2,31,386,2007,1,1,0,2,0,0,0,0
3098,E2,31,387,2007,1,NA,1.5,1.5,2,1,0,0
3098,E2,31,387,2008,2,1.5,0,2,0,0,0,0
3099,E2,31,388,2007,1,NA,2,1.5,2,1,0,0
3099,E2,31,388,2008,2,2,0,2,0,0,0,0
3100,E2,31,389,2007,1,NA,0,1.5,0,0,0,0
3101,E2,31,390,2007,1,NA,0,1.5,0,0,0,0
3102,E2,31,391,2007,1,NA,0,1.5,0,0,0,0
3103,E2,31,392,2008,1,1.5,0,2.5,0,0,0,0
3104,E2,31,393,2008,1,2,2.5,3,2.5,1,0,0
3104,E2,31,393,2009,2,2.5,1.5,2.5,3.5,1,0,0
3104,E2,31,393,2010,3,1.5,2,3.5,3,1,0,0
3104,E2,31,393,2011,4,2,0,3,0,0,0,0
3105,E2,31,399,2010,1,1,2,1.5,2.5,1,0,0
3105,E2,31,399,2011,2,2,2,2.5,2,1,0,0
3105,E2,31,399,2012,3,2,10,2,8,1,0,0
3105,E2,31,399,2013,4,10,0,8,0,0,0,0
3106,E2,31,401,2010,1,1,0,1.5,0,0,0,0
3107,E2,31,403,2010,1,0.5,4,4,5,1,0,0
3107,E2,31,403,2011,2,4,5,5,7,1,0,0
3107,E2,31,403,2012,3,5,14,7,6,1,0,0
3107,E2,31,403,2013,4,14,5,6,6,1,1,43
3107,E2,31,403,2014,5,5,7,6,9,1,0,0
3107,E2,31,403,2015,6,7,17,9,15,1,0,0
3107,E2,31,403,2016,7,17,0,15,0,0,1,61
3108,E2,31,412,2014,1,0.5,4,1,4,1,0,0
3108,E2,31,412,2015,2,4,6,4,6,1,0,0
3108,E2,31,412,2016,3,6,3,6,2.5,1,0,0
3108,E2,31,412,2017,4,3,0,2.5,0,0,0,0
3109,E2,31,413,2014,1,0.5,4.5,1.5,2,1,0,0
3109,E2,31,413,2015,2,4.5,5,2,5,1,0,0
3109,E2,31,413,2016,3,5,3,5,3,1,0,0
3109,E2,31,413,2017,4,3,0,3,0,0,0,0
3110,E2,31,417,2014,1,1,3,1,2.5,1,0,0
3110,E2,31,417,2015,2,3,5,2.5,4,1,0,0
3110,E2,31,417,2016,3,5,0,4,0,0,0,0
3111,E2,31,420,2014,1,0.5,0,1,0,0,0,0
3112,E2,31,421,2014,1,0.5,0,1,0,0,0,0
3113,E2,31,422,2014,1,0.5,0,1,0,0,0,0
3114,E2,31,423,2014,1,0.5,0,0.5,0,0,0,0
3115,E2,31,425,2014,1,0.5,3,1,2.5,1,0,0
3115,E2,31,425,2015,2,3,5,2.5,6,1,0,0
3115,E2,31,425,2016,3,5,2,6,3.5,1,0,0
3115,E2,31,425,2017,4,2,0,3.5,0,0,0,0
3116,E2,31,426,2014,1,0.5,0,1,0,0,0,0
3117,E2,31,427,2014,1,0.5,4,1.5,3.5,1,0,0
3117,E2,31,427,2015,2,4,5,3.5,6,1,0,0
3117,E2,31,427,2016,3,5,3,6,4,1,0,0
3117,E2,31,427,2017,4,3,0,4,0,0,0,0
3118,E2,31,428,2014,1,0.5,0.5,1,1,1,0,0
3118,E2,31,428,2015,2,0.5,0,1,0,0,0,0
3119,E2,31,429,2014,1,0.5,0,2,0,0,0,0
3120,E2,31,430,2014,1,0.5,0,1,0,0,0,0
3121,E2,31,431,2014,1,1,7,3,4,1,0,0
3121,E2,31,431,2015,2,7,0,4,0,0,0,0
3122,E2,31,432,2014,1,1,2,1,1,1,0,0
3122,E2,31,432,2015,2,2,1.5,1,2.5,1,0,0
3122,E2,31,432,2016,3,1.5,0,2.5,0,0,0,0
3123,E2,31,440,2015,1,0.5,0,1,0,0,0,0
3124,E2,31,441,2017,1,1,0,1,0,0,0,0
3125,E2,31,443,2017,1,1,0,1,0,0,0,0
3126,E2,31,445,2017,1,1,0,1,0,0,0,0
3127,E2,31,446,2017,1,1,0,1,0,0,0,0
3128,E2,31,453,2017,1,1,0,1,0,0,0,0
3129,E2,31,454,2017,1,1,0,1,0,0,0,0
3130,E2,31,455,2017,1,1,0,1,0,0,0,0
3131,E2,31,456,2017,1,1,0,1,0,0,0,0
3132,E2,31,459,2017,1,1,0,1,0,0,0,0
3133,E2,31,460,2017,1,1,0,1,0,0,0,0
3134,E2,31,461,2017,1,1,0,1,0,0,0,0
3135,E2,31,462,2017,1,1,0,1,0,0,0,0
3136,E2,31,463,2017,1,1,0,1,0,0,0,0
3137,E2,31,464,2017,1,1,0,1,0,0,0,0
3138,E2,31,465,2017,1,1,0,1,0,0,0,0
3139,E2,31,466,2017,1,1,0,1,0,0,0,0
3140,E2,31,467,2017,1,1,0,1,0,0,0,0
3141,E2,31,468,2017,1,1,0,1,0,0,0,0
3142,E2,31,470,2017,1,1,0,1,0,0,0,0
3143,E2,31,471,2017,1,1,0,1,0,0,0,0
3144,E2,31,472,2017,1,1,0,1.5,0,0,0,0
3145,E2,31,473,2017,1,1,0,1.5,0,0,0,0
3146,E2,31,474,2017,1,1,0,1,0,0,0,0
3147,E2,31,476,2017,1,1,0,1,0,0,0,0
3148,E2,31,477,2017,1,0.5,0,2,0,0,0,0
3149,E2,31,478,2017,1,1,0,2.5,0,0,0,0
3150,E2,31,479,2017,1,1,0,2.5,0,0,0,0
3151,E2,31,484,2017,1,1,0,1,0,0,0,0
3152,E2,31,494,2017,1,1,0,1,0,0,0,0
3153,E2,31,495,2017,1,1,0,1,0,0,0,0
3154,E2,31,496,2017,1,1,0,1,0,0,0,0
3155,E2,31,497,2017,1,1,0,1,0,0,0,0
3156,E2,31,499,2017,1,1,0,1,0,0,0,0
3157,E2,31,500,2017,1,1,0,1,0,0,0,0
3158,E2,31,503,2017,1,1.5,0,2,0,0,0,0
3159,E2,31,504,2017,1,1,0,2,0,0,0,0
3160,E2,31,505,2017,1,0.5,0,2,0,0,0,0
3161,E2,31,507,2017,1,0.5,0,1,0,0,0,0
3162,E2,31,508,2017,1,1,0,3,0,0,0,0
3163,E2,31,509,2017,1,1.5,0,3,0,0,0,0
3164,E2,31,510,2017,1,3,0,2,0,0,0,0
3165,E2,31,511,2017,1,2,0,2,0,0,0,0
3166,E2,31,512,2017,1,2.5,0,3.5,0,0,0,0
3167,E2,31,513,2017,1,1,0,2,0,0,0,0
3168,E2,31,514,2018,1,1,2.5,2.5,2,1,0,0
3168,E2,31,514,2019,2,2.5,0,2,0,0,0,0
3169,E2,31,515,2018,1,0.5,0,1.5,0,0,0,0
3170,E2,31,516,2018,1,1.5,0,2.5,0,0,0,0
3171,E2,31,517,2018,1,1,0,1.5,0,0,0,0
3172,E2,31,518,2018,1,1.5,3,1.5,3.5,1,0,0
3172,E2,31,518,2019,2,3,3,3.5,2,1,0,0
3172,E2,31,518,2020,3,3,0,2,0,0,0,0
3173,E2,31,520,2018,1,1,0,1.5,0,0,0,0
3174,E2,31,521,2018,1,1,3.5,2.5,3.5,1,0,0
3174,E2,31,521,2019,2,3.5,5,3.5,9.5,1,0,0
3174,E2,31,521,2020,3,5,7,9.5,8.5,1,0,0
3174,E2,31,521,2021,4,7,6,8.5,7,1,0,0
3174,E2,31,521,2022,5,6,NA,7,NA,NA,0,0
3175,E2,31,522,2018,1,1,0,2.5,0,0,0,0
3176,E2,31,523,2018,1,0.5,2,1.5,1.5,1,0,0
3176,E2,31,523,2019,2,2,0,1.5,0,0,0,0
3177,E2,31,524,2018,1,0.5,0,1.5,0,0,0,0
3178,E2,31,528,2018,1,0.5,0,1.5,0,0,0,0
3179,E2,31,529,2018,1,1,0,2,0,0,0,0
3180,E2,31,530,2018,1,0.5,0,1,0,0,0,0
3181,E2,31,532,2019,1,0.5,0,1,0,0,0,0
3182,E2,31,533,2019,1,1,7,1,6.5,1,0,0
3182,E2,31,533,2020,2,7,5.5,6.5,7,1,0,0
3182,E2,31,533,2021,3,5.5,6,7,11,1,0,0
3182,E2,31,533,2022,4,6,NA,11,NA,NA,0,0
3183,E2,31,534,2019,1,1,0,1,0,0,0,0
3184,E2,31,536,2019,1,1,0,1,0,0,0,0
3185,E2,31,537,2019,1,1,0,1,0,0,0,0
3186,E2,31,539,2020,1,0.5,4,2,4.5,1,0,0
3186,E2,31,539,2021,2,4,0,4.5,0,0,0,0
3187,E2,31,540,2021,1,1.5,0,1.5,0,0,0,0
3188,E2,32,2,1995,NA,1,0,0.5,0,0,0,0
3189,E2,32,3,1995,NA,11.5,0,10,0,0,1,18
3190,E2,32,4,1995,NA,13.5,0,10.5,0,0,1,NA
3191,E2,32,6,1995,NA,1.5,0,1,0,0,0,0
3192,E2,32,12,1995,NA,0.5,0,1,0,0,0,0
3193,E2,32,13,1995,NA,0.5,0,1,0,0,0,0
3194,E2,32,16,1995,NA,0.5,0,0.5,0,0,0,0
3195,E2,32,17,1995,NA,0.5,0,0.5,0,0,0,0
3196,E2,32,18,1995,NA,0.5,0,0.5,0,0,0,0
3197,E2,32,19,1995,NA,0.5,0,0.5,0,0,0,0
3198,E2,32,55,1995,NA,1,0,0.5,0,0,0,0
3199,E2,32,62,1995,NA,8.5,15,9.5,15.5,1,0,0
3199,E2,32,62,1996,NA,15,0,15.5,0,0,1,29
3200,E2,32,63,1995,NA,1,0,0.5,0,0,0,0
3201,E2,32,68,1995,NA,12.5,0,10,0,0,1,NA
3202,E2,32,69,1995,NA,10.5,5.5,11,5.5,1,0,0
3202,E2,32,69,1996,NA,5.5,0,5.5,0,0,1,5
3203,E2,32,77,1995,NA,1,0,1,0,0,0,0
3204,E2,32,78,1995,NA,1.5,0,1,0,0,0,0
3205,E2,32,79,1995,NA,7.5,11,9.5,14,1,0,0
3205,E2,32,79,1996,NA,11,0,14,0,0,1,31
3206,E2,32,80,1995,NA,0.5,0,0.5,0,0,0,0
3207,E2,32,82,1995,NA,6.5,8.5,6.5,16.5,1,0,0
3207,E2,32,82,1996,NA,8.5,14,16.5,10,1,0,0
3207,E2,32,82,1997,NA,14,0,10,0,0,1,19
3208,E2,32,83,1995,NA,7,8,8.5,15,1,0,0
3208,E2,32,83,1996,NA,8,16,15,21,1,0,0
3208,E2,32,83,1997,NA,16,15,21,12,1,1,21
3208,E2,32,83,1998,NA,15,9.5,12,15.5,1,1,23
3208,E2,32,83,1999,NA,9.5,0,15.5,0,0,0,0
3209,E2,32,84,1995,NA,7.5,10,9.5,16,1,0,0
3209,E2,32,84,1996,NA,10,8.5,16,5,1,0,0
3209,E2,32,84,1997,NA,8.5,0,5,0,0,1,6
3210,E2,32,85,1995,NA,7.5,10,10.5,10,1,0,0
3210,E2,32,85,1996,NA,10,0,10,0,0,1,32
3211,E2,32,86,1995,NA,2.5,0,3.5,0,0,0,0
3212,E2,32,87,1995,NA,1,0,0.5,0,0,0,0
3213,E2,32,88,1995,NA,1.5,0,0.5,0,0,0,0
3214,E2,32,89,1995,NA,3,0,4.5,0,0,0,0
3215,E2,32,93,1995,NA,2,0,1,0,0,0,0
3216,E2,32,95,1995,NA,4,4,5.5,8,1,0,0
3216,E2,32,95,1996,NA,4,8,8,12,1,0,0
3216,E2,32,95,1997,NA,8,0,12,0,0,0,0
3217,E2,32,96,1995,NA,2,0,1.5,0,0,0,0
3218,E2,32,98,1996,1,4,0,0.5,0,0,0,0
3219,E2,32,99,1996,1,3.5,0,0.5,0,0,0,0
3220,E2,32,102,1996,1,2,7,1.5,6,1,0,0
3220,E2,32,102,1997,2,7,6,6,8.5,1,0,0
3220,E2,32,102,1998,3,6,9,8.5,10,1,0,0
3220,E2,32,102,1999,4,9,8.5,10,10,1,0,0
3220,E2,32,102,2000,5,8.5,9,10,10.5,1,0,0
3220,E2,32,102,2001,6,9,0,10.5,0,0,0,0
3221,E2,32,103,1996,1,2,3.5,4.5,9.5,1,0,0
3221,E2,32,103,1997,2,3.5,6,9.5,7,1,0,0
3221,E2,32,103,1998,3,6,7,7,7.5,1,0,0
3221,E2,32,103,1999,4,7,7.5,7.5,8.5,1,0,0
3221,E2,32,103,2000,5,7.5,9.5,8.5,11,1,0,0
3221,E2,32,103,2001,6,9.5,0,11,0,0,0,0
3222,E2,32,104,1996,1,5.5,10,6,7,1,0,0
3222,E2,32,104,1997,2,10,11,7,10,1,0,0
3222,E2,32,104,1998,3,11,10,10,12,1,0,0
3222,E2,32,104,1999,4,10,0,12,0,0,1,12
3223,E2,32,110,1996,1,3,7.5,3,10,1,0,0
3223,E2,32,110,1997,2,7.5,11,10,12.5,1,0,0
3223,E2,32,110,1998,3,11,15,12.5,18,1,0,0
3223,E2,32,110,1999,4,15,0,18,0,0,1,19
3224,E2,32,112,1996,1,3,6.5,4,6,1,0,0
3224,E2,32,112,1997,2,6.5,9,6,8.5,1,0,0
3224,E2,32,112,1998,3,9,10,8.5,12.5,1,0,0
3224,E2,32,112,1999,4,10,8,12.5,13.5,1,0,0
3224,E2,32,112,2000,5,8,10,13.5,12,1,0,0
3224,E2,32,112,2001,6,10,0,12,0,0,1,23
3225,E2,32,113,1996,1,4.5,8,3.5,12,1,0,0
3225,E2,32,113,1997,2,8,13,12,12,1,0,0
3225,E2,32,113,1998,3,13,15,12,20,1,0,0
3225,E2,32,113,1999,4,15,0,20,0,0,1,35
3226,E2,32,116,1996,1,3.5,6.5,1.5,6,1,0,0
3226,E2,32,116,1997,2,6.5,8,6,7.5,1,0,0
3226,E2,32,116,1998,3,8,8.5,7.5,14.5,1,0,0
3226,E2,32,116,1999,4,8.5,12,14.5,11,1,0,0
3226,E2,32,116,2000,5,12,0,11,0,0,1,16
3227,E2,32,119,1996,1,2,0,3,0,0,0,0
3228,E2,32,120,1996,1,4,0,4.5,0,0,0,0
3229,E2,32,125,1996,1,3,0,0.5,0,0,0,0
3230,E2,32,127,1996,1,4,7,6.5,11,1,0,0
3230,E2,32,127,1997,2,7,10.5,11,13,1,0,0
3230,E2,32,127,1998,3,10.5,7,13,15,1,0,0
3230,E2,32,127,1999,4,7,0,15,0,0,1,29
3231,E2,32,128,1996,1,2,3,3.5,2.5,1,0,0
3231,E2,32,128,1997,2,3,0,2.5,0,0,0,0
3232,E2,32,129,1996,1,5,10,8,8,1,0,0
3232,E2,32,129,1997,2,10,11,8,10,1,0,0
3232,E2,32,129,1998,3,11,10,10,15,1,0,0
3232,E2,32,129,1999,4,10,10,15,3,1,0,0
3232,E2,32,129,2000,5,10,0,3,0,0,0,0
3233,E2,32,130,1996,1,4,10.5,8,12,1,0,0
3233,E2,32,130,1997,2,10.5,11.5,12,11,1,0,0
3233,E2,32,130,1998,3,11.5,11,11,15,1,0,0
3233,E2,32,130,1999,4,11,0,15,0,0,1,24
3234,E2,32,131,1996,1,1.5,4.5,2.5,6,1,0,0
3234,E2,32,131,1997,2,4.5,8.5,6,10,1,0,0
3234,E2,32,131,1998,3,8.5,9,10,15,1,0,0
3234,E2,32,131,1999,4,9,16.5,15,10.5,1,0,0
3234,E2,32,131,2000,5,16.5,0,10.5,0,0,1,19
3235,E2,32,135,1996,1,1,3,1.5,4,1,0,0
3235,E2,32,135,1997,2,3,4.5,4,6.5,1,0,0
3235,E2,32,135,1998,3,4.5,0,6.5,0,0,0,0
3236,E2,32,136,1996,1,1,0,1,0,0,0,0
3237,E2,32,137,1996,1,1,3,2,3,1,0,0
3237,E2,32,137,1997,2,3,5.5,3,8,1,0,0
3237,E2,32,137,1998,3,5.5,7,8,10,1,0,0
3237,E2,32,137,1999,4,7,11,10,12,1,0,0
3237,E2,32,137,2000,5,11,11,12,11,1,0,0
3237,E2,32,137,2001,6,11,11,11,8,1,1,12
3237,E2,32,137,2002,7,11,0,8,0,0,1,17
3238,E2,32,140,1997,1,0.5,0,0.5,0,0,0,0
3239,E2,32,165,1997,1,2,0,1.5,0,0,0,0
3240,E2,32,192,1997,1,1,2.5,1.5,3,1,0,0
3240,E2,32,192,1998,2,2.5,0,3,0,0,0,0
3241,E2,32,204,1997,1,2.5,0,0.5,0,0,0,0
3242,E2,32,205,1997,1,1,0,0.5,0,0,0,0
3243,E2,32,216,1997,1,0.5,0,0.5,0,0,0,0
3244,E2,32,218,1997,1,0.5,0,0.5,0,0,0,0
3245,E2,32,233,1997,1,1.5,0,1,0,0,0,0
3246,E2,32,243,1998,1,0.5,0,0.5,0,0,0,0
3247,E2,32,244,1998,1,1,0,0.5,0,0,0,0
3248,E2,32,245,1998,1,0.5,0,0.5,0,0,0,0
3249,E2,32,254,1999,1,0.5,0,0.5,0,0,0,0
3250,E2,32,255,1999,1,1,0,0.5,0,0,0,0
3251,E2,32,258,1999,1,0.5,0,0.5,0,0,0,0
3252,E2,32,259,1999,1,0.5,0,0.5,0,0,0,0
3253,E2,32,284,2000,1,1,0,1.5,0,0,0,0
3254,E2,32,288,2000,1,1,0,1,0,0,0,0
3255,E2,32,293,2001,1,2,1.5,2,3.5,1,0,0
3255,E2,32,293,2002,2,1.5,4,3.5,6.5,1,0,0
3255,E2,32,293,2003,3,4,5.5,6.5,6.5,1,0,0
3255,E2,32,293,2004,4,5.5,7,6.5,16,1,0,0
3255,E2,32,293,2005,5,7,13,16,11,1,0,0
3255,E2,32,293,2006,6,13,0,11,0,0,0,0
3256,E2,32,295,2001,1,1.5,0,1,0,0,0,0
3257,E2,32,296,2001,1,1.5,0,1.5,0,0,0,0
3258,E2,32,299,2001,1,0.5,0,1.5,0,0,0,0
3259,E2,32,302,2001,1,1,0,1.5,0,0,0,0
3260,E2,32,303,2001,1,3,8,4,10,1,0,0
3260,E2,32,303,2002,2,8,10,10,15,1,0,0
3260,E2,32,303,2003,3,10,0,15,0,0,0,0
3261,E2,32,304,2001,1,1,0,2,0,0,0,0
3262,E2,32,307,2001,1,2.5,0,2.5,0,0,0,0
3263,E2,32,308,2001,1,3.5,0,5,0,0,0,0
3264,E2,32,314,2001,1,1.5,0,2.5,0,0,0,0
3265,E2,32,318,2001,1,1,0,2.5,0,0,0,0
3266,E2,32,326,2001,1,3,0,2,0,0,0,0
3267,E2,32,327,2001,1,3,0,2.5,0,0,0,0
3268,E2,32,328,2001,1,1,0,1.5,0,0,0,0
3269,E2,32,331,2001,1,1.5,0,1.5,0,0,0,0
3270,E2,32,332,2001,1,2.5,0,2.5,0,0,0,0
3271,E2,32,335,2001,1,3,0,2,0,0,0,0
3272,E2,32,336,2001,1,2.5,0,2,0,0,0,0
3273,E2,32,339,2001,1,1,0,2,0,0,0,0
3274,E2,32,342,2001,1,2,0,1.5,0,0,0,0
3275,E2,32,349,2002,1,1.5,0,3,0,0,0,0
3276,E2,32,350,2002,1,1,0,2,0,0,0,0
3277,E2,32,351,2002,1,2,4.5,3.5,5.5,1,0,0
3277,E2,32,351,2003,2,4.5,0,5.5,0,0,0,0
3278,E2,32,352,2002,1,3.5,6,5.5,7.5,1,0,0
3278,E2,32,352,2003,2,6,0,7.5,0,0,0,0
3279,E2,32,353,2002,1,4.5,9.5,8.5,12.5,1,0,0
3279,E2,32,353,2003,2,9.5,13.5,12.5,5,1,0,0
3279,E2,32,353,2004,3,13.5,11,5,9,1,0,0
3279,E2,32,353,2005,4,11,0,9,0,0,1,NA
3280,E2,32,355,2002,1,4,4.5,4.5,8,1,0,0
3280,E2,32,355,2003,2,4.5,2,8,0.5,1,0,0
3280,E2,32,355,2004,3,2,0,0.5,0,0,0,0
3281,E2,32,356,2002,1,4,4.5,5.5,6.5,1,0,0
3281,E2,32,356,2003,2,4.5,0,6.5,0,0,0,0
3282,E2,32,357,2002,1,4,6.5,5,7,1,0,0
3282,E2,32,357,2003,2,6.5,9.5,7,11,1,0,0
3282,E2,32,357,2004,3,9.5,12,11,14,1,0,0
3282,E2,32,357,2005,4,12,18,14,16,1,0,0
3282,E2,32,357,2006,5,18,0,16,0,0,1,NA
3283,E2,32,359,2002,1,4,6,6.5,7,1,0,0
3283,E2,32,359,2003,2,6,7.5,7,10,1,0,0
3283,E2,32,359,2004,3,7.5,6.5,10,12,1,0,0
3283,E2,32,359,2005,4,6.5,0,12,0,0,1,NA
3284,E2,32,360,2002,1,4.5,7,6.5,11.5,1,0,0
3284,E2,32,360,2003,2,7,0,11.5,0,0,0,0
3285,E2,32,362,2002,1,2,0,4.5,0,0,0,0
3286,E2,32,365,2002,1,3,6.5,5,7,1,0,0
3286,E2,32,365,2003,2,6.5,0,7,0,0,0,0
3287,E2,32,366,2002,1,4,0,6.5,0,0,0,0
3288,E2,32,367,2002,1,4,8.5,7,10,1,0,0
3288,E2,32,367,2003,2,8.5,15,10,7,1,0,0
3288,E2,32,367,2004,3,15,15,7,2,1,0,0
3288,E2,32,367,2005,4,15,0,2,0,0,0,0
3289,E2,32,368,2002,1,5.5,0,7.5,0,0,0,0
3290,E2,32,370,2002,1,1,0,1,0,0,0,0
3291,E2,32,371,2002,1,3.5,6.5,5,7.5,1,0,0
3291,E2,32,371,2003,2,6.5,0,7.5,0,0,0,0
3292,E2,32,372,2002,1,5,7.5,8,7,1,0,0
3292,E2,32,372,2003,2,7.5,0,7,0,0,0,0
3293,E2,32,373,2002,1,3.5,0,3.5,0,0,0,0
3294,E2,32,377,2008,1,3,4,3,4,1,0,0
3294,E2,32,377,2009,2,4,0,4,0,0,0,0
3295,E2,32,378,2009,1,0.5,0,0.5,0,0,0,0
3296,E2,32,381,2009,1,0.5,0,0.5,0,0,0,0
3297,E2,32,382,2009,1,0.5,0,0.5,0,0,0,0
3298,E2,32,390,2021,1,4,0,4,0,0,0,0
3299,E2,33,1,1995,NA,10,13,12.5,15,1,0,0
3299,E2,33,1,1996,NA,13,0,15,0,0,1,59
3300,E2,33,2,1995,NA,19,0,15,0,0,1,NA
3301,E2,33,3,1995,NA,12.5,0,11,0,0,0,0
3302,E2,33,4,1995,NA,18.5,14.5,18.5,17.5,1,0,0
3302,E2,33,4,1996,NA,14.5,0,17.5,0,0,1,56
3303,E2,33,5,1995,NA,7,8,6,13,1,0,0
3303,E2,33,5,1996,NA,8,11,13,13,1,0,0
3303,E2,33,5,1997,NA,11,14,13,12,1,0,0
3303,E2,33,5,1998,NA,14,11.5,12,12,1,0,0
3303,E2,33,5,1999,NA,11.5,0,12,0,0,1,11
3304,E2,33,6,1995,NA,12,8.5,11.5,20,1,0,0
3304,E2,33,6,1996,NA,8.5,15,20,15,1,0,0
3304,E2,33,6,1997,NA,15,0,15,0,0,1,41
3305,E2,33,7,1995,NA,11,11.5,9.5,16,1,0,0
3305,E2,33,7,1996,NA,11.5,0,16,0,0,1,17
3306,E2,33,8,1995,NA,13.5,10,11,19,1,0,0
3306,E2,33,8,1996,NA,10,18,19,25,1,0,0
3306,E2,33,8,1997,NA,18,0,25,0,0,1,31
3307,E2,33,9,1995,NA,9.5,7,7,8.5,1,0,0
3307,E2,33,9,1996,NA,7,0,8.5,0,0,0,0
3308,E2,33,10,1995,NA,14.5,9,10,13.5,1,0,0
3308,E2,33,10,1996,NA,9,10.5,13.5,10,1,0,0
3308,E2,33,10,1997,NA,10.5,8,10,7,1,1,4
3308,E2,33,10,1998,NA,8,0,7,0,0,1,7
3309,E2,33,11,1995,NA,11,8,9,18.5,1,0,0
3309,E2,33,11,1996,NA,8,10,18.5,12,1,0,0
3309,E2,33,11,1997,NA,10,0,12,0,0,1,17
3310,E2,33,12,1995,NA,15.5,0,13,0,0,1,NA
3311,E2,33,13,1995,NA,9,9,8,13.5,1,0,0
3311,E2,33,13,1996,NA,9,15,13.5,10.5,1,0,0
3311,E2,33,13,1997,NA,15,7.5,10.5,10,1,0,0
3311,E2,33,13,1998,NA,7.5,0,10,0,0,0,0
3312,E2,33,14,1995,NA,15.5,9.5,12.5,19.5,1,0,0
3312,E2,33,14,1996,NA,9.5,15,19.5,10,1,0,0
3312,E2,33,14,1997,NA,15,10,10,13,1,0,0
3312,E2,33,14,1998,NA,10,11,13,18.5,1,0,0
3312,E2,33,14,1999,NA,11,14.5,18.5,14,1,0,0
3312,E2,33,14,2000,NA,14.5,0,14,0,0,1,66
3313,E2,33,15,1995,NA,15,8.5,10.5,10,1,0,0
3313,E2,33,15,1996,NA,8.5,0,10,0,0,1,23
3314,E2,33,16,1995,NA,19.5,0,18,0,0,1,43
3315,E2,33,17,1995,NA,4,0,3.5,0,0,0,0
3316,E2,33,18,1995,NA,11.5,10.5,7,17.5,1,0,0
3316,E2,33,18,1996,NA,10.5,14,17.5,10,1,0,0
3316,E2,33,18,1997,NA,14,0,10,0,0,1,11
3317,E2,33,19,1995,NA,2,0,1,0,0,0,0
3318,E2,33,20,1995,NA,12.5,13.5,9,19,1,0,0
3318,E2,33,20,1996,NA,13.5,15.5,19,11,1,0,0
3318,E2,33,20,1997,NA,15.5,0,11,0,0,1,16
3319,E2,33,22,1996,1,1,0,0.5,0,0,0,0
3320,E2,33,23,1996,1,1,0,1,0,0,0,0
3321,E2,33,24,1996,1,1.5,0,2.5,0,0,0,0
3322,E2,33,26,1996,1,1.5,8,10.5,10,1,0,0
3322,E2,33,26,1997,2,8,13,10,14,1,0,0
3322,E2,33,26,1998,3,13,0,14,0,0,1,25
3323,E2,33,29,1996,1,3,0,3,0,0,0,0
3324,E2,33,52,1999,1,4,9,4.5,9,1,0,0
3324,E2,33,52,2000,2,9,10,9,8,1,0,0
3324,E2,33,52,2001,3,10,17,8,17.5,1,0,0
3324,E2,33,52,2002,4,17,12,17.5,11.5,1,0,0
3324,E2,33,52,2003,5,12,0,11.5,0,0,1,NA
3325,E2,33,53,1999,1,2,0,3.5,0,0,0,0
3326,E2,33,54,1999,1,2,0,2,0,0,0,0
3327,E2,33,56,1999,1,2,3.5,3,5,1,0,0
3327,E2,33,56,2000,2,3.5,0,5,0,0,0,0
3328,E2,33,59,1999,1,1,0,2,0,0,0,0
3329,E2,33,60,1999,1,2,4.5,3.5,4.5,1,0,0
3329,E2,33,60,2000,2,4.5,0,4.5,0,0,0,0
3330,E2,33,61,1999,1,2,3.5,2,5,1,0,0
3330,E2,33,61,2000,2,3.5,0,5,0,0,0,0
3331,E2,33,62,1999,1,1,4.5,1.5,7.5,1,0,0
3331,E2,33,62,2000,2,4.5,7,7.5,9.5,1,0,0
3331,E2,33,62,2001,3,7,14.5,9.5,17.5,1,0,0
3331,E2,33,62,2002,4,14.5,12.5,17.5,11,1,0,0
3331,E2,33,62,2003,5,12.5,0,11,0,0,1,NA
3332,E2,33,64,1999,1,NA,0,2,0,0,0,0
3333,E2,33,66,2000,1,1,0,1.5,0,0,0,0
3334,E2,33,67,2000,1,1,3,1.5,2,1,0,0
3334,E2,33,67,2001,2,3,0,2,0,0,0,0
3335,E2,33,68,2000,1,1,0,2,0,0,0,0
3336,E2,33,69,2000,1,1,0,1,0,0,0,0
3337,E2,33,71,2001,1,3.5,12,5.5,20,1,0,0
3337,E2,33,71,2002,2,12,16.5,20,17,1,0,0
3337,E2,33,71,2003,3,16.5,0,17,0,0,1,NA
3338,E2,33,72,2001,1,2.5,0,5.5,0,0,0,0
3339,E2,33,74,2001,1,2.5,0,5,0,0,0,0
3340,E2,33,77,2001,1,3,0,4.5,0,0,0,0
3341,E2,33,78,2001,1,3,0,2,0,0,0,0
3342,E2,33,81,2001,1,0.5,0,1.5,0,0,0,0
3343,E2,33,82,2001,1,1,0,2,0,0,0,0
3344,E2,33,83,2001,1,0.5,0,2.5,0,0,0,0
3345,E2,33,84,2002,1,2.5,0,4,0,0,0,0
3346,E2,33,85,2002,1,1.5,0,2,0,0,0,0
3347,E2,33,87,2002,1,7.5,12.5,9,13,1,0,0
3347,E2,33,87,2003,2,12.5,0,13,0,0,0,0
3348,E2,33,88,2002,1,8.5,11,12,11.5,1,0,0
3348,E2,33,88,2003,2,11,0,11.5,0,0,0,0
3349,E2,33,92,2002,1,4.5,5,7,6,1,0,0
3349,E2,33,92,2003,2,5,0,6,0,0,0,0
3350,E2,33,93,2002,1,12.5,9.5,10.5,7,1,0,0
3350,E2,33,93,2003,2,9.5,0,7,0,0,0,0
3351,E2,33,94,2002,1,3,3,5,2,1,0,0
3351,E2,33,94,2003,2,3,0,2,0,0,0,0
3352,E2,33,95,2002,1,1.5,4,2,3,1,0,0
3352,E2,33,95,2003,2,4,0,3,0,0,0,0
3353,E2,33,96,2002,1,2,0,4,0,0,0,0
3354,E2,33,98,2002,1,2,5,4,5,1,0,0
3354,E2,33,98,2003,2,5,0,5,0,0,0,0
3355,E2,33,99,2002,1,5,7,9.5,9.5,1,0,0
3355,E2,33,99,2003,2,7,10,9.5,14,1,0,0
3355,E2,33,99,2004,3,10,14.5,14,13,1,0,0
3355,E2,33,99,2005,4,14.5,0,13,0,0,1,NA
3356,E2,33,100,2002,1,2.5,5.5,8,6.5,1,0,0
3356,E2,33,100,2003,2,5.5,0,6.5,0,0,0,0
3357,E2,33,101,2002,1,1.5,0,1.5,0,0,0,0
3358,E2,33,102,2002,1,3.5,0,3,0,0,0,0
3359,E2,33,103,2002,1,NA,0,1,0,0,0,0
3360,E2,33,104,2002,1,NA,0,2.5,0,0,0,0
3361,E2,33,105,2004,1,0.5,8.5,5,12,1,0,0
3361,E2,33,105,2005,2,8.5,10.5,12,13.5,1,0,0
3361,E2,33,105,2006,3,10.5,0,13.5,0,0,0,0
3362,E2,33,106,2004,1,3,12,6.5,17,1,0,0
3362,E2,33,106,2005,2,12,14.5,17,16,1,0,0
3362,E2,33,106,2006,3,14.5,22,16,11,1,0,0
3362,E2,33,106,2007,4,22,0,11,0,0,1,NA
3363,E2,33,155,2008,1,1,0,1,0,0,0,0
3364,E2,33,163,2008,1,2,0,0.5,0,0,0,0
3365,E2,33,165,2008,1,2,2.5,2,1.5,1,0,0
3365,E2,33,165,2009,2,2.5,0,1.5,0,0,0,0
3366,E2,33,180,2008,1,2,0,2,0,0,0,0
3367,E2,33,183,2008,1,2.5,0,3,0,0,0,0
3368,E2,33,184,2008,1,3,0,2.5,0,0,0,0
3369,E2,33,185,2008,1,2,0,3,0,0,0,0
3370,E2,33,186,2008,1,1.5,0,3,0,0,0,0
3371,E2,33,187,2008,1,1.5,0,0.5,0,0,0,0
3372,E2,33,223,2008,1,0.5,3.5,3,11,1,0,0
3372,E2,33,223,2009,2,3.5,5.5,11,10,1,0,0
3372,E2,33,223,2010,3,5.5,8.5,10,15,1,0,0
3372,E2,33,223,2011,4,8.5,10,15,8,1,0,0
3372,E2,33,223,2012,5,10,10.5,8,19,1,0,0
3372,E2,33,223,2013,6,10.5,16,19,16,1,0,0
3372,E2,33,223,2014,7,16,16,16,15,1,0,0
3372,E2,33,223,2015,8,16,13,15,6,1,1,13
3372,E2,33,223,2016,9,13,0,6,0,0,0,0
3373,E2,33,224,2008,1,0.5,0,1.5,0,0,0,0
3374,E2,33,225,2008,1,0.5,0,0.5,0,0,0,0
3375,E2,33,226,2009,1,0.5,0,2.5,0,0,0,0
3376,E2,33,227,2009,1,0.5,0,4,0,0,0,0
3377,E2,33,228,2009,1,0.5,0,5,0,0,0,0
3378,E2,33,230,2009,1,0.5,0,2,0,0,0,0
3379,E2,33,231,2009,1,0.5,0,3,0,0,0,0
3380,E2,33,238,2009,1,0.5,0,3.5,0,0,0,0
3381,E2,33,239,2009,1,0.5,0,3,0,0,0,0
3382,E2,33,240,2009,1,0.5,0,2,0,0,0,0
3383,E2,33,245,2009,1,1.5,0,4,0,0,0,0
3384,E2,33,246,2009,1,1.5,0,1,0,0,0,0
3385,E2,33,247,2009,1,1.5,0,2.5,0,0,0,0
3386,E2,33,266,2009,1,0.5,0,0.5,0,0,0,0
3387,E2,33,267,2009,1,0.5,0,0.5,0,0,0,0
3388,E2,33,327,2009,1,0.5,0,2.5,0,0,0,0
3389,E2,33,337,2009,1,3,0,4,0,0,0,0
3390,E2,33,343,2007,1,0.5,1,1.5,1,1,0,0
3390,E2,33,343,2008,2,1,0,1,0,0,0,0
3391,E2,33,344,2007,1,1,0,2,0,0,0,0
3392,E2,33,356,2013,1,1,2.5,3,2,1,0,0
3392,E2,33,356,2014,2,2.5,2.5,2,3,1,0,0
3392,E2,33,356,2015,3,2.5,0,3,0,0,0,0
3393,E2,33,357,2013,1,2,8,7,10,1,0,0
3393,E2,33,357,2014,2,8,10,10,7,1,0,0
3393,E2,33,357,2015,3,10,0,7,0,0,1,19
3394,E2,33,358,2013,1,1.5,0,1,0,0,0,0
3395,E2,33,359,2015,1,3,5,4,5,1,0,0
3395,E2,33,359,2016,2,5,6,5,6,1,0,0
3395,E2,33,359,2017,3,6,7,6,18,1,0,0
3395,E2,33,359,2018,4,7,19,18,20,1,0,0
3395,E2,33,359,2019,5,19,22,20,18,1,0,0
3395,E2,33,359,2020,6,22,0,18,0,0,1,61
3396,E2,33,360,2017,1,3,0,3,0,0,0,0
3397,E2,33,361,2017,1,7.5,9,8.5,13,1,0,0
3397,E2,33,361,2018,2,9,18,13,14,1,0,0
3397,E2,33,361,2019,3,18,25,14,9.5,1,0,0
3397,E2,33,361,2020,4,25,0,9.5,0,0,1,52
3398,E2,33,362,2017,1,3.5,0,3,0,0,0,0
3399,E2,34,1,1995,NA,13.5,20,14.5,19.5,1,0,0
3399,E2,34,1,1996,NA,20,0,19.5,0,0,1,203
3400,E2,34,2,1995,NA,6,0,7,0,0,0,0
3401,E2,34,3,1995,NA,19,0,18.5,0,0,1,37
3402,E2,34,4,1995,NA,10,6.5,11,17,1,0,0
3402,E2,34,4,1996,NA,6.5,0,17,0,0,0,0
3403,E2,34,5,1995,NA,11.5,0,12,0,0,1,10
3404,E2,34,6,1995,NA,22,0,19.5,0,0,1,92
3405,E2,34,7,1995,NA,2,0,3,0,0,0,0
3406,E2,34,10,1997,1,7.5,0,11,0,0,0,0
3407,E2,34,17,1997,1,1,0,2,0,0,0,0
3408,E2,34,23,1998,1,3.5,0,12,0,0,0,0
3409,E2,34,28,1998,1,5,11.5,10,18,1,0,0
3409,E2,34,28,1999,2,11.5,21,18,26,1,0,0
3409,E2,34,28,2000,3,21,0,26,0,0,1,91
3410,E2,34,29,1998,1,1,0,2.5,0,0,0,0
3411,E2,34,30,1998,1,1.5,0,1.5,0,0,0,0
3412,E2,34,31,1999,1,1.5,0,5,0,0,0,0
3413,E2,34,32,1999,1,2,0,1,0,0,0,0
3414,E2,34,33,1999,1,3,0,5.5,0,0,0,0
3415,E2,34,37,1999,1,2,0,2.5,0,0,0,0
3416,E2,34,39,1999,1,1.5,0,0.5,0,0,0,0
3417,E2,34,41,1999,1,3,0,2,0,0,0,0
3418,E2,34,43,1999,1,NA,0,2.5,0,0,0,0
3419,E2,34,51,2001,1,4.5,0,4.5,0,0,0,0
3420,E2,34,55,2001,1,3,0,2.5,0,0,0,0
3421,E2,34,61,2001,1,7,8.5,11,18.5,1,0,0
3421,E2,34,61,2002,2,8.5,23,18.5,17,1,0,0
3421,E2,34,61,2003,3,23,0,17,0,0,1,NA
3422,E2,34,68,2001,1,2.5,0,0.5,0,0,0,0
3423,E2,34,71,2001,1,2,0,5,0,0,0,0
3424,E2,34,79,2002,1,1,7,8.5,11,1,0,0
3424,E2,34,79,2003,2,7,0,11,0,0,0,0
3425,E2,34,84,2003,1,1,0,2.5,0,0,0,0
3426,E2,34,86,2003,1,3,0,6,0,0,0,0
3427,E2,34,87,2003,1,2.5,0,2,0,0,0,0
3428,E2,34,88,2003,1,2.5,0,3.5,0,0,0,0
3429,E2,34,89,2004,1,0.5,0,1.5,0,0,0,0
3430,E2,34,90,2004,1,3.5,0,5,0,0,0,0
3431,E2,34,91,2004,1,1.5,0,4,0,0,0,0
3432,E2,34,92,2004,1,2,0,4,0,0,0,0
3433,E2,34,93,2004,1,5,0,6,0,0,0,0
3434,E2,34,94,2004,1,5.5,0,6,0,0,0,0
3435,E2,34,95,2004,1,7,13,15.5,18,1,0,0
3435,E2,34,95,2005,2,13,0,18,0,0,1,NA
3436,E2,34,96,2004,1,4.5,10,10,13,1,0,0
3436,E2,34,96,2005,2,10,0,13,0,0,0,0
3437,E2,34,97,2004,1,5,0,7,0,0,0,0
3438,E2,34,98,2004,1,3,0,7,0,0,0,0
3439,E2,34,102,2004,1,4,0,4,0,0,0,0
3440,E2,34,103,2004,1,4,0,4,0,0,0,0
3441,E2,34,104,2004,1,1.5,0,4.5,0,0,0,0
3442,E2,34,105,2004,1,3,11.5,7,19,1,0,0
3442,E2,34,105,2005,2,11.5,21,19,18,1,0,0
3442,E2,34,105,2006,3,21,0,18,0,0,1,NA
3443,E2,34,117,2006,1,2.5,0,6,0,0,0,0
3444,E2,34,124,2007,1,4.5,14,6.5,14,1,0,0
3444,E2,34,124,2008,2,14,16,14,25,1,0,0
3444,E2,34,124,2009,3,16,0,25,0,0,1,NA
3445,E2,34,125,2007,1,4.5,0,9,0,0,0,0
3446,E2,34,126,2007,1,8,12,9,12,1,0,0
3446,E2,34,126,2008,2,12,10,12,14,1,0,0
3446,E2,34,126,2009,3,10,0,14,0,0,1,NA
3447,E2,34,127,2007,1,3,0,3.5,0,0,0,0
3448,E2,34,128,2007,1,4,0,4,0,0,0,0
3449,E2,34,129,2007,1,2,7,4,7,1,0,0
3449,E2,34,129,2008,2,7,10.5,7,12.5,1,0,0
3449,E2,34,129,2009,3,10.5,9,12.5,8,1,0,0
3449,E2,34,129,2010,4,9,0,8,0,0,1,NA
3450,E2,34,130,2010,1,0.5,0,0.5,0,0,0,0
3451,E2,34,131,2010,1,0.5,0,1,0,0,0,0
3452,E2,34,133,2010,1,1,0,0.5,0,0,0,0
3453,E2,34,134,2010,1,1,0,0.5,0,0,0,0
3454,E2,34,135,2010,1,1,0,0.5,0,0,0,0
3455,E2,34,137,2010,1,1,0,0.5,0,0,0,0
3456,E2,34,149,2011,1,2,6,3,11,1,0,0
3456,E2,34,149,2012,2,6,19,11,18,1,0,0
3456,E2,34,149,2013,3,19,0,18,0,0,1,68
3457,E2,34,159,2013,1,1.5,0,1,0,0,0,0
3458,E2,34,160,2014,1,1,4,2,2,1,0,0
3458,E2,34,160,2015,2,4,0,2,0,0,0,0
3459,E2,34,162,2014,1,2,2,2,2,1,0,0
3459,E2,34,162,2015,2,2,0,2,0,0,0,0
3460,E2,34,163,2014,1,2,3,2,3,1,0,0
3460,E2,34,163,2015,2,3,0,3,0,0,0,0
3461,E2,34,164,2014,1,2,0,1,0,0,0,0
3462,E2,34,165,2014,1,2,0,1.5,0,0,0,0
3463,E2,34,167,2014,1,1.5,4,1.5,2,1,0,0
3463,E2,34,167,2015,2,4,0,2,0,0,0,0
3464,E2,34,168,2014,1,1.5,4,1.5,3,1,0,0
3464,E2,34,168,2015,2,4,0,3,0,0,0,0
3465,E2,34,169,2014,1,1,0,1,0,0,0,0
3466,E2,34,170,2014,1,1,3,1.5,3,1,0,0
3466,E2,34,170,2015,2,3,0,3,0,0,0,0
3467,E2,34,171,2014,1,0.5,4,2,3,1,0,0
3467,E2,34,171,2015,2,4,0,3,0,0,0,0
3468,E2,34,172,2014,1,0.5,0,2,0,0,0,0
3469,E2,34,173,2014,1,0.5,0,1,0,0,0,0
3470,E2,34,176,2014,1,3,4,2,4,1,0,0
3470,E2,34,176,2015,2,4,0,4,0,0,0,0
3471,E2,34,180,2016,1,0.5,0,0.5,0,0,0,0
3472,E2,34,185,2021,1,4,10,6.5,7,1,0,0
3472,E2,34,185,2022,2,10,NA,7,NA,NA,0,0
3473,E2,34,186,2021,1,3.5,8,5.5,9,1,0,0
3473,E2,34,186,2022,2,8,NA,9,NA,NA,0,0
3474,E2,34,187,2021,1,15,0,19.5,0,0,1,38
3475,E2,34,188,2021,1,6.5,6,12,5,1,0,0
3475,E2,34,188,2022,2,6,NA,5,NA,NA,0,0
3476,E2,34,189,2021,1,5,0,3.5,0,0,0,0
3477,E2,34,190,2021,1,2.5,0,2,0,0,0,0
3478,E2,34,191,2021,1,1,2,1,3,1,0,0
3478,E2,34,191,2022,2,2,NA,3,NA,NA,0,0
3479,E2,34,192,2021,1,1.5,0,2,0,0,0,0
3480,E2,34,193,2021,1,1.5,2,3,2,1,0,0
3480,E2,34,193,2022,2,2,NA,2,NA,NA,0,0
3481,E2,34,194,2021,1,1.5,0,2,0,0,0,0
3482,E2,34,195,2021,1,1.5,2,1.5,3,1,0,0
3482,E2,34,195,2022,2,2,NA,3,NA,NA,0,0
3483,E2,34,196,2021,1,1.5,0,2,0,0,0,0
3484,E2,34,197,2021,1,1.5,0,2,0,0,0,0
3485,E2,34,198,2021,1,1.5,0,1.5,0,0,0,0
3486,E2,34,199,2021,1,NA,2,1.5,3,1,0,0
3486,E2,34,199,2022,2,2,NA,3,NA,NA,0,0
3487,E2,34,200,2022,1,1,NA,1.5,NA,NA,0,0
3488,E2,34,201,2022,1,1,NA,1,NA,NA,0,0
3489,E2,34,202,2022,1,1,NA,1,NA,NA,0,0
3490,E2,34,203,2022,1,1,NA,1,NA,NA,0,0
3491,E2,34,204,2022,1,1,NA,1.5,NA,NA,0,0
3492,E2,34,205,2022,1,1,NA,1.5,NA,NA,0,0
3493,E2,34,206,2022,1,1,NA,2,NA,NA,0,0
3494,E2,34,210,2022,1,1,NA,1,NA,NA,0,0
3495,E2,34,211,2022,1,1,NA,1,NA,NA,0,0
3496,E2,34,212,2022,1,1,NA,1,NA,NA,0,0
3497,E2,34,213,2022,1,1,NA,1,NA,NA,0,0
3498,E2,34,214,2022,1,1,NA,1,NA,NA,0,0
3499,E2,34,215,2022,1,1,NA,1,NA,NA,0,0
3500,E2,34,216,2022,1,1,NA,1,NA,NA,0,0
3501,E2,34,217,2022,1,1,NA,1,NA,NA,0,0
3502,E2,34,218,2022,1,1,NA,1,NA,NA,0,0
3503,E2,34,219,2022,1,1,NA,1,NA,NA,0,0
3504,E2,34,220,2022,1,1,NA,1,NA,NA,0,0
3505,E2,34,221,2022,1,1,NA,1,NA,NA,0,0
3506,E2,34,222,2022,1,1,NA,1,NA,NA,0,0
3507,E2,34,223,2022,1,1,NA,1,NA,NA,0,0
3508,E2,34,224,2022,1,1,NA,1,NA,NA,0,0
3509,E2,34,225,2022,1,1,NA,1,NA,NA,0,0
3510,E2,34,226,2022,1,1,NA,1,NA,NA,0,0
3511,E2,34,227,2022,1,1,NA,1,NA,NA,0,0
3512,E2,34,228,2022,1,1,NA,1,NA,NA,0,0
3513,E2,34,229,2022,1,2,NA,1,NA,NA,0,0
3514,E2,34,230,2022,1,1,NA,1,NA,NA,0,0
3515,E2,34,231,2022,1,1,NA,1,NA,NA,0,0
3516,E2,34,232,2022,1,1,NA,1,NA,NA,0,0
3517,E2,34,241,2022,1,2,NA,2,NA,NA,0,0
3518,E2,34,242,2022,1,1.5,NA,1,NA,NA,0,0
3519,E2,34,243,2022,1,0.5,NA,1,NA,NA,0,0
3520,E2,40,1,1996,NA,7,9.5,12,11,1,0,0
3520,E2,40,1,1997,NA,9.5,0,11,0,0,1,14
3521,E2,40,2,1996,NA,7.5,0,11,0,0,1,16
3522,E2,40,3,1996,NA,7.5,0,12,0,0,1,22
3523,E2,40,4,1996,NA,3.5,5.5,7.5,7.5,1,0,0
3523,E2,40,4,1997,NA,5.5,5,7.5,7,1,0,0
3523,E2,40,4,1998,NA,5,6,7,8,1,0,0
3523,E2,40,4,1999,NA,6,0,8,0,0,1,14
3524,E2,40,5,1996,NA,6.5,0,10.5,0,0,1,9
3525,E2,40,7,1997,1,0.5,0,1,0,0,0,0
3526,E2,40,8,1997,1,2.5,6.5,6,7.5,1,0,0
3526,E2,40,8,1998,2,6.5,10,7.5,12.5,1,0,0
3526,E2,40,8,1999,3,10,8,12.5,11,1,0,0
3526,E2,40,8,2000,4,8,0,11,0,0,1,20
3527,E2,40,9,1997,1,1.5,5,3,7,1,0,0
3527,E2,40,9,1998,2,5,4,7,8,1,0,0
3527,E2,40,9,1999,3,4,5,8,8.5,1,0,0
3527,E2,40,9,2000,4,5,4,8.5,6,1,0,0
3527,E2,40,9,2001,5,4,2.5,6,6,1,0,0
3527,E2,40,9,2002,6,2.5,3.5,6,6,1,0,0
3527,E2,40,9,2003,7,3.5,3.5,6,6,1,0,0
3527,E2,40,9,2004,8,3.5,2,6,6.5,1,0,0
3527,E2,40,9,2005,9,2,0,6.5,0,0,0,0
3528,E2,40,10,1997,1,1.5,4.5,3,5.5,1,0,0
3528,E2,40,10,1998,2,4.5,4,5.5,6,1,0,0
3528,E2,40,10,1999,3,4,5.5,6,8,1,0,0
3528,E2,40,10,2000,4,5.5,3.5,8,7,1,0,0
3528,E2,40,10,2001,5,3.5,2.5,7,4,1,0,0
3528,E2,40,10,2002,6,2.5,2,4,5.5,1,0,0
3528,E2,40,10,2003,7,2,3.5,5.5,7,1,0,0
3528,E2,40,10,2004,8,3.5,3,7,9,1,0,0
3528,E2,40,10,2005,9,3,4.5,9,6.5,1,0,0
3528,E2,40,10,2006,10,4.5,3.5,6.5,7,1,0,0
3528,E2,40,10,2007,11,3.5,5,7,8,1,0,0
3528,E2,40,10,2008,12,5,3.5,8,8,1,0,0
3528,E2,40,10,2009,13,3.5,0,8,0,0,0,0
3529,E2,40,11,1997,1,2,1.5,1.5,3.5,1,0,0
3529,E2,40,11,1998,2,1.5,3,3.5,3.5,1,0,0
3529,E2,40,11,1999,3,3,2,3.5,3.5,1,0,0
3529,E2,40,11,2000,4,2,0,3.5,0,0,0,0
3530,E2,40,12,1997,1,1.5,0,1.5,0,0,0,0
3531,E2,40,13,1997,1,0.5,1.5,0.5,1.5,1,0,0
3531,E2,40,13,1998,2,1.5,2,1.5,1.5,1,0,0
3531,E2,40,13,1999,3,2,1,1.5,2,1,0,0
3531,E2,40,13,2000,4,1,1,2,2,1,0,0
3531,E2,40,13,2001,5,1,0,2,0,0,0,0
3532,E2,40,15,2001,1,0.5,0,1,0,0,0,0
3533,E2,40,16,2001,1,1,0,0.5,0,0,0,0
3534,E2,40,17,2001,1,1,1.5,1.5,2.5,1,0,0
3534,E2,40,17,2002,2,1.5,3,2.5,6,1,0,0
3534,E2,40,17,2003,3,3,6,6,9.5,1,0,0
3534,E2,40,17,2004,4,6,9.5,9.5,14,1,0,0
3534,E2,40,17,2005,5,9.5,9,14,14,1,0,0
3534,E2,40,17,2006,6,9,0,14,0,0,1,NA
3535,E2,40,18,2003,1,0.5,3,0.5,4.5,1,0,0
3535,E2,40,18,2004,2,3,4.5,4.5,8,1,0,0
3535,E2,40,18,2005,3,4.5,8.5,8,7.5,1,0,0
3535,E2,40,18,2006,4,8.5,8.5,7.5,13.5,1,0,0
3535,E2,40,18,2007,5,8.5,11,13.5,13,1,0,0
3535,E2,40,18,2008,6,11,9,13,17,1,0,0
3535,E2,40,18,2009,7,9,0,17,0,0,1,NA
3536,E2,40,19,2007,1,2,0.5,1.5,0.5,1,0,0
3536,E2,40,19,2008,2,0.5,0,0.5,0,0,0,0
3537,E2,40,20,2007,1,1,6,2,6,1,0,0
3537,E2,40,20,2008,2,6,2,6,7,1,0,0
3537,E2,40,20,2009,3,2,4.5,7,11.5,1,0,0
3537,E2,40,20,2010,4,4.5,7,11.5,12,1,0,0
3537,E2,40,20,2011,5,7,9,12,6,1,0,0
3537,E2,40,20,2012,6,9,0,6,0,0,1,16
3538,E2,40,21,2007,1,2,3,4.5,4,1,0,0
3538,E2,40,21,2008,2,3,1.5,4,4,1,0,0
3538,E2,40,21,2009,3,1.5,1.5,4,2.5,1,0,0
3538,E2,40,21,2010,4,1.5,1.5,2.5,3.5,1,0,0
3538,E2,40,21,2011,5,1.5,0,3.5,0,0,0,0
3539,E2,40,22,2007,1,2,6,4,7,1,0,0
3539,E2,40,22,2008,2,6,7,7,12,1,0,0
3539,E2,40,22,2009,3,7,8,12,6,1,0,0
3539,E2,40,22,2010,4,8,0,6,0,0,1,NA
3540,E2,40,23,2007,1,NA,0,0.5,0,0,0,0
3541,E2,40,24,2007,1,NA,0,0.5,0,0,0,0
3542,E2,81,2,2021,1,1,0,2,0,0,0,0
3543,E2,81,5,2021,1,1,0,2,0,0,0,0
3544,E2,81,7,2021,1,1,0,1,0,0,0,0
3545,E2,81,9,2021,1,1,0,1.5,0,0,0,0
3546,E2,81,10,2021,1,1,0,1.5,0,0,0,0
3547,E2,81,11,2021,1,1,0,2,0,0,0,0
3548,E2,81,12,2021,1,1,0,2,0,0,0,0
3549,E2,81,13,2021,1,1,0,1,0,0,0,0
3550,E2,81,15,2021,1,1,0,1.5,0,0,0,0
3551,E2,81,16,2021,1,1,0,2,0,0,0,0
3552,E2,81,19,2021,1,1.5,0,1.5,0,0,0,0
3553,E2,81,20,2021,1,1,0,2,0,0,0,0
3554,E2,81,22,2021,1,1,0,2,0,0,0,0
3555,E2,81,28,2021,1,1,0,2,0,0,0,0
3556,E2,81,29,2021,1,1,0,2,0,0,0,0
3557,E2,81,30,2021,1,1,0,2,0,0,0,0
3558,E2,81,42,2021,1,1,0,1.5,0,0,0,0
3559,E2,81,43,2021,1,1,0,1.5,0,0,0,0
3560,E2,81,45,2021,1,1,0,2,0,0,0,0
3561,E2,81,47,2021,1,1,0,2,0,0,0,0
3562,E2,81,48,2021,1,1.5,0,1,0,0,0,0
3563,E2,81,49,2021,1,1.5,0,1,0,0,0,0
3564,E2,81,50,2021,1,1.5,0,1.5,0,0,0,0
3565,E2,81,51,2021,1,1.5,0,4.5,0,0,0,0
3566,E2,81,52,2021,1,1.5,0,2,0,0,0,0
3567,E2,81,53,2021,1,2,0,4.5,0,0,0,0
3568,E2,81,54,2021,1,1,0,1,0,0,0,0
3569,E2,81,55,2021,1,1,0,1,0,0,0,0
3570,E2,81,56,2021,1,1,0,2,0,0,0,0
3571,E2,81,57,2021,1,1,0,1.5,0,0,0,0
3572,E2,81,58,2021,1,1,0,1.5,0,0,0,0
3573,E2,81,59,2021,1,1,0,1.5,0,0,0,0
3574,E2,81,60,2021,1,1,0,1.5,0,0,0,0
3575,E2,81,61,2021,1,1,0,1,0,0,0,0
3576,E2,81,62,2021,1,1,0,2.5,0,0,0,0
3577,E2,81,64,2021,1,1,0,2.5,0,0,0,0
3578,E2,81,65,2021,1,1,0,2.5,0,0,0,0
3579,E2,81,71,2021,1,1,0,2,0,0,0,0
3580,E2,81,72,2021,1,1.5,1,1.5,1,1,0,0
3580,E2,81,72,2022,2,1,NA,1,NA,NA,0,0
3581,E2,81,78,2021,1,1,0,2,0,0,0,0
3582,E2,81,79,2021,1,1,0,1.5,0,0,0,0
3583,E2,81,80,2021,NA,9.5,7,15,9.5,1,0,0
3583,E2,81,80,2022,NA,7,NA,9.5,NA,NA,0,0
3584,E2,81,81,2021,NA,7,5,11,9,1,0,0
3584,E2,81,81,2022,NA,5,NA,9,NA,NA,0,0
3585,E2,81,82,2021,NA,7,11,9.5,10,1,0,0
3585,E2,81,82,2022,NA,11,NA,10,NA,NA,0,0
3586,E2,81,84,2021,1,1,3.5,2.5,3,1,0,0
3586,E2,81,84,2022,2,3.5,NA,3,NA,NA,0,0
3587,E2,81,90,2021,1,0.5,0,2,0,0,0,0
3588,E2,81,92,2021,1,1,0,2,0,0,0,0
3589,E2,81,93,2021,1,NA,0,1,0,0,0,0
3590,E2,81,95,2022,1,2,NA,1.5,NA,NA,0,0
3591,E2,81,97,2022,1,2.5,NA,1,NA,NA,0,0
3592,E2,81,98,2022,1,0.5,NA,1,NA,NA,0,0
3593,E2,81,100,2022,1,1.5,NA,1,NA,NA,0,0
3594,E2,82,4,2021,1,1,0,1,0,0,0,0
3595,E2,82,5,2021,1,2,0,2,0,0,0,0
3596,E2,82,7,2021,1,4,0,1.5,0,0,0,0
3597,E2,82,8,2021,1,4,0,3.5,0,0,0,0
3598,E2,82,9,2021,1,1,0,2.5,0,0,0,0
3599,E2,82,11,2021,1,2.5,0,3.5,0,0,0,0
3600,E2,82,13,2021,1,1,0,1.5,0,0,0,0
3601,E2,82,18,2021,1,3,0,3.5,0,0,0,0
3602,E2,82,21,2021,1,1.5,0,1.5,0,0,0,0
3603,E2,82,22,2021,1,1.5,0,1.5,0,0,0,0
3604,E2,82,25,2021,1,1,0,2.5,0,0,0,0
3605,E2,82,26,2021,1,2,0,3.5,0,0,0,0
3606,E2,82,29,2021,1,1.5,0,2.5,0,0,0,0
3607,E2,82,30,2021,1,2,0,3,0,0,0,0
3608,E2,82,32,2021,1,2,0,2,0,0,0,0
3609,E2,82,34,2021,1,1.5,0,2.5,0,0,0,0
3610,E2,82,35,2021,1,1.5,0,2,0,0,0,0
3611,E2,82,37,2021,1,2,0,3.5,0,0,0,0
3612,E2,82,64,2021,1,1.5,0,2,0,0,0,0
3613,E2,82,65,2021,1,1,0,1,0,0,0,0
3614,E2,82,67,2021,1,1,2.5,2.5,2,1,0,0
3614,E2,82,67,2022,2,2.5,NA,2,NA,NA,0,0
3615,E2,82,68,2021,1,1,0,2,0,0,0,0
3616,E2,82,69,2021,1,1,0,1.5,0,0,0,0
3617,E2,82,71,2021,1,1,0,1.5,0,0,0,0
3618,E2,82,72,2021,1,1,0,2.5,0,0,0,0
3619,E2,82,73,2021,1,1,0,3,0,0,0,0
3620,E2,82,74,2021,1,1,2.5,2,2,1,0,0
3620,E2,82,74,2022,2,2.5,NA,2,NA,NA,0,0
3621,E2,82,76,2021,1,1.5,0,2,0,0,0,0
3622,E2,82,77,2021,1,1.5,0,1.5,0,0,0,0
3623,E2,82,78,2021,1,2,3.5,4.5,4,1,0,0
3623,E2,82,78,2022,2,3.5,NA,4,NA,NA,0,0
3624,E2,82,80,2021,1,2,4,2.5,3,1,0,0
3624,E2,82,80,2022,2,4,NA,3,NA,NA,0,0
3625,E2,82,81,2021,1,2,0,2.5,0,0,0,0
3626,E2,82,82,2021,1,1.5,0,2,0,0,0,0
3627,E2,82,83,2021,1,1.5,0,1,0,0,0,0
3628,E2,82,84,2021,1,1.5,0,2.5,0,0,0,0
3629,E2,82,85,2021,1,1.5,0,2,0,0,0,0
3630,E2,82,86,2021,1,1,3,1.5,3,1,0,0
3630,E2,82,86,2022,2,3,NA,3,NA,NA,0,0
3631,E2,82,88,2021,1,1,0,3,0,0,0,0
3632,E2,82,89,2021,1,1,4,2,6,1,0,0
3632,E2,82,89,2022,2,4,NA,6,NA,NA,0,0
3633,E2,82,90,2021,1,1,3,2,2,1,0,0
3633,E2,82,90,2022,2,3,NA,2,NA,NA,0,0
3634,E2,82,91,2021,1,1,0,2,0,0,0,0
3635,E2,82,92,2021,1,1,0,2.5,0,0,0,0
3636,E2,82,93,2021,1,1.5,0,3,0,0,0,0
3637,E2,82,94,2021,1,0.5,0,1.5,0,0,0,0
3638,E2,82,109,2021,1,1,0,2.5,0,0,0,0
